{
  "label": "m_W0",
  "capture_start_utc": "2026-07-01T00:33:34.777897+00:00",
  "rtcm_file": "m_W0-260701-003334Z.rtcm",
  "rate_hz": 10,
  "duration_sec": 12,
  "ref_sat": "GPS_031",
  "satellites": {
    "BDS_023": {
      "elev_deg": 14.0,
      "azim_deg": 209.0,
      "los_enu": [
        -0.470409,
        -0.84864,
        0.241922
      ],
      "passed_health": false
    },
    "BDS_024": {
      "elev_deg": 50.0,
      "azim_deg": 56.0,
      "los_enu": [
        0.532895,
        0.359442,
        0.766044
      ],
      "passed_health": false
    },
    "BDS_025": {
      "elev_deg": 60.0,
      "azim_deg": 188.0,
      "los_enu": [
        -0.069587,
        -0.495134,
        0.866025
      ],
      "passed_health": false
    },
    "BDS_026": {
      "elev_deg": 6.0,
      "azim_deg": 40.0,
      "los_enu": [
        0.639266,
        0.761848,
        0.104528
      ],
      "passed_health": false
    },
    "BDS_027": {
      "elev_deg": 4.0,
      "azim_deg": 272.0,
      "los_enu": [
        -0.996956,
        0.034814,
        0.069756
      ],
      "passed_health": false
    },
    "BDS_028": {
      "elev_deg": 3.0,
      "azim_deg": 233.0,
      "los_enu": [
        -0.797541,
        -0.60099,
        0.052336
      ],
      "passed_health": false
    },
    "BDS_033": {
      "elev_deg": 68.0,
      "azim_deg": 69.0,
      "los_enu": [
        0.349725,
        0.134247,
        0.927184
      ],
      "passed_health": true
    },
    "BDS_041": {
      "elev_deg": 46.0,
      "azim_deg": 324.0,
      "los_enu": [
        -0.40831,
        0.56199,
        0.71934
      ],
      "passed_health": false
    },
    "BDS_042": {
      "elev_deg": 19.0,
      "azim_deg": 113.0,
      "los_enu": [
        0.870354,
        -0.369444,
        0.325568
      ],
      "passed_health": false
    },
    "GPS_001": {
      "elev_deg": 31.0,
      "azim_deg": 262.0,
      "los_enu": [
        -0.848825,
        -0.119295,
        0.515038
      ],
      "passed_health": true
    },
    "GPS_002": {
      "elev_deg": 22.0,
      "azim_deg": 236.0,
      "los_enu": [
        -0.76867,
        -0.518475,
        0.374607
      ],
      "passed_health": false
    },
    "GPS_003": {
      "elev_deg": 39.0,
      "azim_deg": 318.0,
      "los_enu": [
        -0.520012,
        0.577532,
        0.62932
      ],
      "passed_health": false
    },
    "GPS_004": {
      "elev_deg": 10.0,
      "azim_deg": 288.0,
      "los_enu": [
        -0.936608,
        0.304322,
        0.173648
      ],
      "passed_health": false
    },
    "GPS_010": {
      "elev_deg": 15.0,
      "azim_deg": 144.0,
      "los_enu": [
        0.567757,
        -0.78145,
        0.258819
      ],
      "passed_health": false
    },
    "GPS_016": {
      "elev_deg": 17.0,
      "azim_deg": 176.0,
      "los_enu": [
        0.066708,
        -0.953975,
        0.292372
      ],
      "passed_health": false
    },
    "GPS_025": {
      "elev_deg": 16.0,
      "azim_deg": 45.0,
      "los_enu": [
        0.679715,
        0.679715,
        0.275637
      ],
      "passed_health": false
    },
    "GPS_026": {
      "elev_deg": 44.0,
      "azim_deg": 158.0,
      "los_enu": [
        0.269469,
        -0.66696,
        0.694658
      ],
      "passed_health": false
    },
    "GPS_028": {
      "elev_deg": 55.0,
      "azim_deg": 35.0,
      "los_enu": [
        0.32899,
        0.469846,
        0.819152
      ],
      "passed_health": false
    },
    "GPS_031": {
      "elev_deg": 81.0,
      "azim_deg": 324.0,
      "los_enu": [
        -0.09195,
        0.126558,
        0.987688
      ],
      "passed_health": true
    },
    "GPS_032": {
      "elev_deg": 38.0,
      "azim_deg": 74.0,
      "los_enu": [
        0.757485,
        0.217205,
        0.615661
      ],
      "passed_health": false
    }
  }
}