{
  "label": "m_W1",
  "capture_start_utc": "2026-06-29T17:02:28.145325+00:00",
  "rtcm_file": "m_W1-260629-170228Z.rtcm",
  "rate_hz": 10,
  "duration_sec": 12,
  "ref_sat": "GPS_029",
  "satellites": {
    "BDS_013": {
      "elev_deg": 19.0,
      "azim_deg": 311.0,
      "los_enu": [
        -0.713592,
        0.620316,
        0.325568
      ],
      "passed_health": false
    },
    "BDS_014": {
      "elev_deg": 78.0,
      "azim_deg": 93.0,
      "los_enu": [
        0.207627,
        -0.010881,
        0.978148
      ],
      "passed_health": true
    },
    "BDS_021": {
      "elev_deg": 55.0,
      "azim_deg": 50.0,
      "los_enu": [
        0.439385,
        0.368688,
        0.819152
      ],
      "passed_health": false
    },
    "BDS_022": {
      "elev_deg": 6.0,
      "azim_deg": 38.0,
      "los_enu": [
        0.612289,
        0.783694,
        0.104528
      ],
      "passed_health": false
    },
    "BDS_031": {
      "elev_deg": 20.0,
      "azim_deg": 122.0,
      "los_enu": [
        0.796905,
        -0.497961,
        0.34202
      ],
      "passed_health": false
    },
    "BDS_033": {
      "elev_deg": 14.0,
      "azim_deg": 212.0,
      "los_enu": [
        -0.514178,
        -0.822857,
        0.241922
      ],
      "passed_health": false
    },
    "BDS_034": {
      "elev_deg": 70.0,
      "azim_deg": 96.0,
      "los_enu": [
        0.340147,
        -0.035751,
        0.939693
      ],
      "passed_health": true
    },
    "BDS_038": {
      "elev_deg": 44.0,
      "azim_deg": 317.0,
      "los_enu": [
        -0.490589,
        0.526092,
        0.694658
      ],
      "passed_health": false
    },
    "BDS_042": {
      "elev_deg": 67.0,
      "azim_deg": 191.0,
      "los_enu": [
        -0.074555,
        -0.383552,
        0.920505
      ],
      "passed_health": false
    },
    "GPS_005": {
      "elev_deg": 46.0,
      "azim_deg": 37.0,
      "los_enu": [
        0.418056,
        0.554779,
        0.71934
      ],
      "passed_health": false
    },
    "GPS_011": {
      "elev_deg": 7.0,
      "azim_deg": 95.0,
      "los_enu": [
        0.988769,
        -0.086506,
        0.121869
      ],
      "passed_health": false
    },
    "GPS_012": {
      "elev_deg": 0.0,
      "azim_deg": 182.0,
      "los_enu": [
        -0.034899,
        -0.999391,
        0.0
      ],
      "passed_health": false
    },
    "GPS_015": {
      "elev_deg": 59.0,
      "azim_deg": 151.0,
      "los_enu": [
        0.249695,
        -0.450462,
        0.857167
      ],
      "passed_health": false
    },
    "GPS_016": {
      "elev_deg": 1.0,
      "azim_deg": 324.091,
      "los_enu": [
        -0.586412,
        0.809825,
        0.017452
      ],
      "passed_health": false
    },
    "GPS_018": {
      "elev_deg": 39.0,
      "azim_deg": 310.727,
      "los_enu": [
        -0.58894,
        0.507056,
        0.62932
      ],
      "passed_health": false
    },
    "GPS_020": {
      "elev_deg": 53.0,
      "azim_deg": 91.909,
      "los_enu": [
        0.601481,
        -0.020049,
        0.798636
      ],
      "passed_health": true
    },
    "GPS_021": {
      "elev_deg": 15.455,
      "azim_deg": 48.545,
      "los_enu": [
        0.722382,
        0.638088,
        0.266474
      ],
      "passed_health": false
    },
    "GPS_023": {
      "elev_deg": 29.0,
      "azim_deg": 246.364,
      "los_enu": [
        -0.801246,
        -0.350662,
        0.48481
      ],
      "passed_health": false
    },
    "GPS_025": {
      "elev_deg": 13.818,
      "azim_deg": 212.818,
      "los_enu": [
        -0.526289,
        -0.816072,
        0.238842
      ],
      "passed_health": false
    },
    "GPS_026": {
      "elev_deg": 8.0,
      "azim_deg": 299.909,
      "los_enu": [
        -0.858382,
        0.493773,
        0.139173
      ],
      "passed_health": false
    },
    "GPS_029": {
      "elev_deg": 81.0,
      "azim_deg": 253.0,
      "los_enu": [
        -0.149599,
        -0.045737,
        0.987688
      ],
      "passed_health": true
    }
  }
}