{
  "label": "m_W1",
  "capture_start_utc": "2026-07-14T23:55:08.276920+00:00",
  "rtcm_file": "m_W1-260714-235508Z.rtcm",
  "rate_hz": 10,
  "duration_sec": 12,
  "ref_sat": "GPS_031",
  "satellites": {
    "BDS_023": {
      "elev_deg": 21.0,
      "azim_deg": 211.0,
      "los_enu": [
        -0.480829,
        -0.800235,
        0.358368
      ],
      "passed_health": false
    },
    "BDS_024": {
      "elev_deg": 44.0,
      "azim_deg": 50.0,
      "los_enu": [
        0.551046,
        0.462383,
        0.694658
      ],
      "passed_health": false
    },
    "BDS_025": {
      "elev_deg": 68.0,
      "azim_deg": 188.0,
      "los_enu": [
        -0.052135,
        -0.370961,
        0.927184
      ],
      "passed_health": false
    },
    "BDS_026": {
      "elev_deg": 1.0,
      "azim_deg": 40.0,
      "los_enu": [
        0.64269,
        0.765928,
        0.017452
      ],
      "passed_health": false
    },
    "BDS_027": {
      "elev_deg": 0.0,
      "azim_deg": 266.0,
      "los_enu": [
        -0.997564,
        -0.069756,
        0.0
      ],
      "passed_health": false
    },
    "BDS_032": {
      "elev_deg": 1.0,
      "azim_deg": 309.0,
      "los_enu": [
        -0.777028,
        0.629225,
        0.017452
      ],
      "passed_health": false
    },
    "BDS_033": {
      "elev_deg": 65.0,
      "azim_deg": 88.0,
      "los_enu": [
        0.422361,
        0.014749,
        0.906308
      ],
      "passed_health": true
    },
    "BDS_041": {
      "elev_deg": 52.0,
      "azim_deg": 328.0,
      "los_enu": [
        -0.326251,
        0.522111,
        0.788011
      ],
      "passed_health": false
    },
    "BDS_042": {
      "elev_deg": 14.0,
      "azim_deg": 119.0,
      "los_enu": [
        0.84864,
        -0.470409,
        0.241922
      ],
      "passed_health": false
    },
    "GPS_001": {
      "elev_deg": 27.5,
      "azim_deg": 252.5,
      "los_enu": [
        -0.845957,
        -0.266729,
        0.461749
      ],
      "passed_health": false
    },
    "GPS_002": {
      "elev_deg": 16.0,
      "azim_deg": 229.0,
      "los_enu": [
        -0.725473,
        -0.630644,
        0.275637
      ],
      "passed_health": false
    },
    "GPS_003": {
      "elev_deg": 47.333,
      "azim_deg": 314.0,
      "los_enu": [
        -0.48752,
        0.470792,
        0.735309
      ],
      "passed_health": false
    },
    "GPS_004": {
      "elev_deg": 15.0,
      "azim_deg": 294.25,
      "los_enu": [
        -0.880695,
        0.396724,
        0.258819
      ],
      "passed_health": false
    },
    "GPS_010": {
      "elev_deg": 8.0,
      "azim_deg": 147.0,
      "los_enu": [
        0.539339,
        -0.830509,
        0.139173
      ],
      "passed_health": false
    },
    "GPS_016": {
      "elev_deg": 25.0,
      "azim_deg": 174.0,
      "los_enu": [
        0.094735,
        -0.901343,
        0.422618
      ],
      "passed_health": false
    },
    "GPS_025": {
      "elev_deg": 10.0,
      "azim_deg": 40.0,
      "los_enu": [
        0.633022,
        0.754407,
        0.173648
      ],
      "passed_health": false
    },
    "GPS_026": {
      "elev_deg": 52.0,
      "azim_deg": 152.0,
      "los_enu": [
        0.289036,
        -0.543597,
        0.788011
      ],
      "passed_health": false
    },
    "GPS_028": {
      "elev_deg": 47.0,
      "azim_deg": 39.0,
      "los_enu": [
        0.429195,
        0.530012,
        0.731354
      ],
      "passed_health": false
    },
    "GPS_031": {
      "elev_deg": 75.0,
      "azim_deg": 2.0,
      "los_enu": [
        0.009033,
        0.258661,
        0.965926
      ],
      "passed_health": true
    },
    "GPS_032": {
      "elev_deg": 33.0,
      "azim_deg": 83.0,
      "los_enu": [
        0.832419,
        0.102208,
        0.544639
      ],
      "passed_health": false
    }
  }
}