{
  "label": "m_W1",
  "capture_start_utc": "2026-06-29T17:02:49.159598+00:00",
  "rtcm_file": "m_W1-260629-170249Z.rtcm",
  "rate_hz": 10,
  "duration_sec": 12,
  "ref_sat": "GPS_029",
  "satellites": {
    "BDS_013": {
      "elev_deg": 19.0,
      "azim_deg": 311.0,
      "los_enu": [
        -0.713592,
        0.620316,
        0.325568
      ],
      "passed_health": false
    },
    "BDS_014": {
      "elev_deg": 78.0,
      "azim_deg": 93.0,
      "los_enu": [
        0.207627,
        -0.010881,
        0.978148
      ],
      "passed_health": true
    },
    "BDS_021": {
      "elev_deg": 55.0,
      "azim_deg": 50.0,
      "los_enu": [
        0.439385,
        0.368688,
        0.819152
      ],
      "passed_health": true
    },
    "BDS_022": {
      "elev_deg": 6.0,
      "azim_deg": 38.0,
      "los_enu": [
        0.612289,
        0.783694,
        0.104528
      ],
      "passed_health": false
    },
    "BDS_031": {
      "elev_deg": 20.0,
      "azim_deg": 122.0,
      "los_enu": [
        0.796905,
        -0.497961,
        0.34202
      ],
      "passed_health": true
    },
    "BDS_033": {
      "elev_deg": 14.0,
      "azim_deg": 212.0,
      "los_enu": [
        -0.514178,
        -0.822857,
        0.241922
      ],
      "passed_health": false
    },
    "BDS_034": {
      "elev_deg": 70.0,
      "azim_deg": 96.0,
      "los_enu": [
        0.340147,
        -0.035751,
        0.939693
      ],
      "passed_health": true
    },
    "BDS_038": {
      "elev_deg": 44.0,
      "azim_deg": 317.0,
      "los_enu": [
        -0.490589,
        0.526092,
        0.694658
      ],
      "passed_health": true
    },
    "BDS_042": {
      "elev_deg": 67.0,
      "azim_deg": 191.0,
      "los_enu": [
        -0.074555,
        -0.383552,
        0.920505
      ],
      "passed_health": true
    },
    "GPS_005": {
      "elev_deg": 46.0,
      "azim_deg": 37.0,
      "los_enu": [
        0.418056,
        0.554779,
        0.71934
      ],
      "passed_health": true
    },
    "GPS_011": {
      "elev_deg": 7.0,
      "azim_deg": 95.0,
      "los_enu": [
        0.988769,
        -0.086506,
        0.121869
      ],
      "passed_health": false
    },
    "GPS_012": {
      "elev_deg": 0.0,
      "azim_deg": 182.0,
      "los_enu": [
        -0.034899,
        -0.999391,
        0.0
      ],
      "passed_health": false
    },
    "GPS_015": {
      "elev_deg": 59.0,
      "azim_deg": 151.0,
      "los_enu": [
        0.249695,
        -0.450462,
        0.857167
      ],
      "passed_health": true
    },
    "GPS_016": {
      "elev_deg": 1.0,
      "azim_deg": 324.0,
      "los_enu": [
        -0.587696,
        0.808894,
        0.017452
      ],
      "passed_health": false
    },
    "GPS_018": {
      "elev_deg": 39.0,
      "azim_deg": 311.0,
      "los_enu": [
        -0.58652,
        0.509854,
        0.62932
      ],
      "passed_health": true
    },
    "GPS_020": {
      "elev_deg": 53.0,
      "azim_deg": 91.0,
      "los_enu": [
        0.601723,
        -0.010503,
        0.798636
      ],
      "passed_health": true
    },
    "GPS_021": {
      "elev_deg": 15.0,
      "azim_deg": 49.0,
      "los_enu": [
        0.728993,
        0.633704,
        0.258819
      ],
      "passed_health": false
    },
    "GPS_023": {
      "elev_deg": 29.0,
      "azim_deg": 247.0,
      "los_enu": [
        -0.805092,
        -0.341741,
        0.48481
      ],
      "passed_health": true
    },
    "GPS_025": {
      "elev_deg": 13.0,
      "azim_deg": 212.0,
      "los_enu": [
        -0.516337,
        -0.826313,
        0.224951
      ],
      "passed_health": false
    },
    "GPS_026": {
      "elev_deg": 8.0,
      "azim_deg": 299.0,
      "los_enu": [
        -0.866108,
        0.480091,
        0.139173
      ],
      "passed_health": false
    },
    "GPS_029": {
      "elev_deg": 81.0,
      "azim_deg": 246.0,
      "los_enu": [
        -0.14291,
        -0.063628,
        0.987688
      ],
      "passed_health": true
    }
  }
}