{
  "label": "m_W1",
  "capture_start_utc": "2026-06-29T17:01:46.103097+00:00",
  "rtcm_file": "m_W1-260629-170146Z.rtcm",
  "rate_hz": 10,
  "duration_sec": 12,
  "ref_sat": "GPS_029",
  "satellites": {
    "BDS_013": {
      "elev_deg": 19.0,
      "azim_deg": 311.0,
      "los_enu": [
        -0.713592,
        0.620316,
        0.325568
      ],
      "passed_health": false
    },
    "BDS_014": {
      "elev_deg": 78.0,
      "azim_deg": 93.0,
      "los_enu": [
        0.207627,
        -0.010881,
        0.978148
      ],
      "passed_health": true
    },
    "BDS_021": {
      "elev_deg": 55.0,
      "azim_deg": 50.0,
      "los_enu": [
        0.439385,
        0.368688,
        0.819152
      ],
      "passed_health": false
    },
    "BDS_022": {
      "elev_deg": 6.0,
      "azim_deg": 38.0,
      "los_enu": [
        0.612289,
        0.783694,
        0.104528
      ],
      "passed_health": false
    },
    "BDS_031": {
      "elev_deg": 20.0,
      "azim_deg": 122.0,
      "los_enu": [
        0.796905,
        -0.497961,
        0.34202
      ],
      "passed_health": false
    },
    "BDS_033": {
      "elev_deg": 14.0,
      "azim_deg": 212.0,
      "los_enu": [
        -0.514178,
        -0.822857,
        0.241922
      ],
      "passed_health": false
    },
    "BDS_034": {
      "elev_deg": 70.0,
      "azim_deg": 96.0,
      "los_enu": [
        0.340147,
        -0.035751,
        0.939693
      ],
      "passed_health": true
    },
    "BDS_038": {
      "elev_deg": 44.0,
      "azim_deg": 317.0,
      "los_enu": [
        -0.490589,
        0.526092,
        0.694658
      ],
      "passed_health": false
    },
    "BDS_042": {
      "elev_deg": 67.0,
      "azim_deg": 191.0,
      "los_enu": [
        -0.074555,
        -0.383552,
        0.920505
      ],
      "passed_health": false
    },
    "GPS_005": {
      "elev_deg": 47.0,
      "azim_deg": 36.0,
      "los_enu": [
        0.400869,
        0.551748,
        0.731354
      ],
      "passed_health": false
    },
    "GPS_011": {
      "elev_deg": 8.0,
      "azim_deg": 94.0,
      "los_enu": [
        0.987856,
        -0.069078,
        0.139173
      ],
      "passed_health": false
    },
    "GPS_012": {
      "elev_deg": 1.0,
      "azim_deg": 182.0,
      "los_enu": [
        -0.034894,
        -0.999239,
        0.017452
      ],
      "passed_health": false
    },
    "GPS_015": {
      "elev_deg": 58.0,
      "azim_deg": 152.0,
      "los_enu": [
        0.248782,
        -0.467891,
        0.848048
      ],
      "passed_health": false
    },
    "GPS_016": {
      "elev_deg": 1.0,
      "azim_deg": 325.0,
      "los_enu": [
        -0.573489,
        0.819027,
        0.017452
      ],
      "passed_health": false
    },
    "GPS_018": {
      "elev_deg": 39.0,
      "azim_deg": 310.0,
      "los_enu": [
        -0.595328,
        0.49954,
        0.62932
      ],
      "passed_health": false
    },
    "GPS_020": {
      "elev_deg": 53.0,
      "azim_deg": 93.0,
      "los_enu": [
        0.60099,
        -0.031497,
        0.798636
      ],
      "passed_health": true
    },
    "GPS_021": {
      "elev_deg": 16.0,
      "azim_deg": 48.0,
      "los_enu": [
        0.714357,
        0.64321,
        0.275637
      ],
      "passed_health": false
    },
    "GPS_023": {
      "elev_deg": 29.0,
      "azim_deg": 246.0,
      "los_enu": [
        -0.799005,
        -0.35574,
        0.48481
      ],
      "passed_health": false
    },
    "GPS_025": {
      "elev_deg": 14.0,
      "azim_deg": 213.0,
      "los_enu": [
        -0.528461,
        -0.813758,
        0.241922
      ],
      "passed_health": false
    },
    "GPS_026": {
      "elev_deg": 8.0,
      "azim_deg": 300.0,
      "los_enu": [
        -0.857597,
        0.495134,
        0.139173
      ],
      "passed_health": false
    },
    "GPS_029": {
      "elev_deg": 81.0,
      "azim_deg": 253.0,
      "los_enu": [
        -0.149599,
        -0.045737,
        0.987688
      ],
      "passed_health": true
    }
  }
}