{
  "label": "m_W2",
  "capture_start_utc": "2026-07-21T23:48:13.814407+00:00",
  "rtcm_file": "m_W2-260721-234813Z.rtcm",
  "rate_hz": 10,
  "duration_sec": 12,
  "ref_sat": "BDS_025",
  "satellites": {
    "BDS_023": {
      "elev_deg": 29.0,
      "azim_deg": 215.0,
      "los_enu": [
        -0.501661,
        -0.716447,
        0.48481
      ],
      "passed_health": false
    },
    "BDS_024": {
      "elev_deg": 37.0,
      "azim_deg": 46.0,
      "los_enu": [
        0.57449,
        0.554779,
        0.601815
      ],
      "passed_health": true
    },
    "BDS_025": {
      "elev_deg": 78.0,
      "azim_deg": 188.0,
      "los_enu": [
        -0.028936,
        -0.205888,
        0.978148
      ],
      "passed_health": true
    },
    "BDS_032": {
      "elev_deg": 8.0,
      "azim_deg": 313.0,
      "los_enu": [
        -0.724236,
        0.675361,
        0.139173
      ],
      "passed_health": false
    },
    "BDS_033": {
      "elev_deg": 60.0,
      "azim_deg": 107.0,
      "los_enu": [
        0.478152,
        -0.146186,
        0.866025
      ],
      "passed_health": true
    },
    "BDS_041": {
      "elev_deg": 61.0,
      "azim_deg": 332.0,
      "los_enu": [
        -0.227604,
        0.428061,
        0.87462
      ],
      "passed_health": true
    },
    "BDS_042": {
      "elev_deg": 8.0,
      "azim_deg": 125.0,
      "los_enu": [
        0.81118,
        -0.567994,
        0.139173
      ],
      "passed_health": false
    },
    "GPS_001": {
      "elev_deg": 22.0,
      "azim_deg": 242.0,
      "los_enu": [
        -0.818655,
        -0.435286,
        0.374607
      ],
      "passed_health": true
    },
    "GPS_002": {
      "elev_deg": 9.0,
      "azim_deg": 222.0,
      "los_enu": [
        -0.660892,
        -0.733995,
        0.156434
      ],
      "passed_health": true
    },
    "GPS_003": {
      "elev_deg": 56.0,
      "azim_deg": 305.0,
      "los_enu": [
        -0.458064,
        0.32074,
        0.829038
      ],
      "passed_health": true
    },
    "GPS_004": {
      "elev_deg": 21.0,
      "azim_deg": 301.0,
      "los_enu": [
        -0.800235,
        0.480829,
        0.358368
      ],
      "passed_health": true
    },
    "GPS_016": {
      "elev_deg": 36.0,
      "azim_deg": 170.0,
      "los_enu": [
        0.140484,
        -0.796726,
        0.587785
      ],
      "passed_health": false
    },
    "GPS_025": {
      "elev_deg": 2.583,
      "azim_deg": 36.0,
      "los_enu": [
        0.587188,
        0.808195,
        0.045072
      ],
      "passed_health": false
    },
    "GPS_026": {
      "elev_deg": 61.333,
      "azim_deg": 139.333,
      "los_enu": [
        0.312608,
        -0.363869,
        0.877425
      ],
      "passed_health": true
    },
    "GPS_028": {
      "elev_deg": 37.833,
      "azim_deg": 43.167,
      "los_enu": [
        0.540319,
        0.576053,
        0.613367
      ],
      "passed_health": true
    },
    "GPS_031": {
      "elev_deg": 66.0,
      "azim_deg": 19.0,
      "los_enu": [
        0.13242,
        0.384577,
        0.913545
      ],
      "passed_health": true
    },
    "GPS_032": {
      "elev_deg": 27.0,
      "azim_deg": 92.0,
      "los_enu": [
        0.890464,
        -0.031096,
        0.45399
      ],
      "passed_health": true
    }
  }
}