{
  "label": "m_W2",
  "capture_start_utc": "2026-07-15T00:08:24.869392+00:00",
  "rtcm_file": "m_W2-260715-000824Z.rtcm",
  "rate_hz": 10,
  "duration_sec": 12,
  "ref_sat": "BDS_025",
  "satellites": {
    "BDS_023": {
      "elev_deg": 26.0,
      "azim_deg": 213.0,
      "los_enu": [
        -0.489518,
        -0.753792,
        0.438371
      ],
      "passed_health": false
    },
    "BDS_024": {
      "elev_deg": 40.0,
      "azim_deg": 47.0,
      "los_enu": [
        0.560249,
        0.522441,
        0.642788
      ],
      "passed_health": false
    },
    "BDS_025": {
      "elev_deg": 74.0,
      "azim_deg": 188.0,
      "los_enu": [
        -0.038361,
        -0.272955,
        0.961262
      ],
      "passed_health": true
    },
    "BDS_032": {
      "elev_deg": 5.0,
      "azim_deg": 312.0,
      "los_enu": [
        -0.740317,
        0.666584,
        0.087156
      ],
      "passed_health": false
    },
    "BDS_033": {
      "elev_deg": 62.0,
      "azim_deg": 101.0,
      "los_enu": [
        0.460846,
        -0.089579,
        0.882948
      ],
      "passed_health": true
    },
    "BDS_041": {
      "elev_deg": 58.0,
      "azim_deg": 331.0,
      "los_enu": [
        -0.25691,
        0.463478,
        0.848048
      ],
      "passed_health": false
    },
    "BDS_042": {
      "elev_deg": 11.0,
      "azim_deg": 123.0,
      "los_enu": [
        0.823262,
        -0.534632,
        0.190809
      ],
      "passed_health": false
    },
    "GPS_001": {
      "elev_deg": 24.0,
      "azim_deg": 246.0,
      "los_enu": [
        -0.834565,
        -0.371572,
        0.406737
      ],
      "passed_health": false
    },
    "GPS_002": {
      "elev_deg": 12.0,
      "azim_deg": 224.0,
      "los_enu": [
        -0.679478,
        -0.70362,
        0.207912
      ],
      "passed_health": false
    },
    "GPS_003": {
      "elev_deg": 53.0,
      "azim_deg": 309.0,
      "los_enu": [
        -0.467698,
        0.378734,
        0.798636
      ],
      "passed_health": false
    },
    "GPS_004": {
      "elev_deg": 19.0,
      "azim_deg": 299.0,
      "los_enu": [
        -0.826969,
        0.458397,
        0.325568
      ],
      "passed_health": false
    },
    "GPS_010": {
      "elev_deg": 1.417,
      "azim_deg": 149.0,
      "los_enu": [
        0.514881,
        -0.856905,
        0.024723
      ],
      "passed_health": false
    },
    "GPS_016": {
      "elev_deg": 31.167,
      "azim_deg": 171.833,
      "los_enu": [
        0.12155,
        -0.846988,
        0.517529
      ],
      "passed_health": false
    },
    "GPS_025": {
      "elev_deg": 6.0,
      "azim_deg": 37.0,
      "los_enu": [
        0.598518,
        0.794261,
        0.104528
      ],
      "passed_health": false
    },
    "GPS_026": {
      "elev_deg": 57.0,
      "azim_deg": 146.0,
      "los_enu": [
        0.304558,
        -0.451526,
        0.838671
      ],
      "passed_health": false
    },
    "GPS_028": {
      "elev_deg": 41.0,
      "azim_deg": 41.0,
      "los_enu": [
        0.495134,
        0.569587,
        0.656059
      ],
      "passed_health": false
    },
    "GPS_031": {
      "elev_deg": 69.0,
      "azim_deg": 13.0,
      "los_enu": [
        0.080615,
        0.349183,
        0.93358
      ],
      "passed_health": true
    },
    "GPS_032": {
      "elev_deg": 29.0,
      "azim_deg": 89.0,
      "los_enu": [
        0.874486,
        0.015264,
        0.48481
      ],
      "passed_health": false
    }
  }
}