{
  "label": "m_W2",
  "capture_start_utc": "2026-07-01T01:01:50.584476+00:00",
  "rtcm_file": "m_W2-260701-010150Z.rtcm",
  "rate_hz": 10,
  "duration_sec": 12,
  "ref_sat": "BDS_025",
  "satellites": {
    "BDS_023": {
      "elev_deg": 25.0,
      "azim_deg": 212.0,
      "los_enu": [
        -0.48027,
        -0.768593,
        0.422618
      ],
      "passed_health": false
    },
    "BDS_024": {
      "elev_deg": 40.0,
      "azim_deg": 48.0,
      "los_enu": [
        0.569282,
        0.512584,
        0.642788
      ],
      "passed_health": false
    },
    "BDS_025": {
      "elev_deg": 73.0,
      "azim_deg": 188.0,
      "los_enu": [
        -0.04069,
        -0.289526,
        0.956305
      ],
      "passed_health": true
    },
    "BDS_032": {
      "elev_deg": 5.0,
      "azim_deg": 311.0,
      "los_enu": [
        -0.751838,
        0.653563,
        0.087156
      ],
      "passed_health": false
    },
    "BDS_033": {
      "elev_deg": 63.0,
      "azim_deg": 98.0,
      "los_enu": [
        0.449572,
        -0.063183,
        0.891007
      ],
      "passed_health": true
    },
    "BDS_041": {
      "elev_deg": 56.0,
      "azim_deg": 330.0,
      "los_enu": [
        -0.279596,
        0.484275,
        0.829038
      ],
      "passed_health": false
    },
    "BDS_042": {
      "elev_deg": 12.0,
      "azim_deg": 122.0,
      "los_enu": [
        0.829516,
        -0.518339,
        0.207912
      ],
      "passed_health": false
    },
    "GPS_001": {
      "elev_deg": 25.0,
      "azim_deg": 249.0,
      "los_enu": [
        -0.846111,
        -0.324792,
        0.422618
      ],
      "passed_health": false
    },
    "GPS_002": {
      "elev_deg": 13.0,
      "azim_deg": 226.0,
      "los_enu": [
        -0.700903,
        -0.676854,
        0.224951
      ],
      "passed_health": false
    },
    "GPS_003": {
      "elev_deg": 51.0,
      "azim_deg": 311.0,
      "los_enu": [
        -0.474954,
        0.412871,
        0.777146
      ],
      "passed_health": false
    },
    "GPS_004": {
      "elev_deg": 18.0,
      "azim_deg": 297.0,
      "los_enu": [
        -0.847398,
        0.431771,
        0.309017
      ],
      "passed_health": false
    },
    "GPS_010": {
      "elev_deg": 3.0,
      "azim_deg": 148.0,
      "los_enu": [
        0.529193,
        -0.846886,
        0.052336
      ],
      "passed_health": false
    },
    "GPS_016": {
      "elev_deg": 30.0,
      "azim_deg": 172.0,
      "los_enu": [
        0.120527,
        -0.857597,
        0.5
      ],
      "passed_health": false
    },
    "GPS_025": {
      "elev_deg": 7.0,
      "azim_deg": 38.0,
      "los_enu": [
        0.611072,
        0.782137,
        0.121869
      ],
      "passed_health": false
    },
    "GPS_026": {
      "elev_deg": 57.0,
      "azim_deg": 146.0,
      "los_enu": [
        0.304558,
        -0.451526,
        0.838671
      ],
      "passed_health": false
    },
    "GPS_028": {
      "elev_deg": 43.0,
      "azim_deg": 40.0,
      "los_enu": [
        0.470105,
        0.560249,
        0.681998
      ],
      "passed_health": false
    },
    "GPS_031": {
      "elev_deg": 71.0,
      "azim_deg": 11.0,
      "los_enu": [
        0.062121,
        0.319587,
        0.945519
      ],
      "passed_health": true
    },
    "GPS_032": {
      "elev_deg": 30.0,
      "azim_deg": 87.0,
      "los_enu": [
        0.864839,
        0.045324,
        0.5
      ],
      "passed_health": false
    }
  }
}