{
  "label": "push_W2",
  "capture_start_utc": "2026-07-15T00:03:33.767417+00:00",
  "rtcm_file": "push_W2-260715-000333Z.rtcm",
  "rate_hz": 10,
  "duration_sec": 12,
  "ref_sat": "BDS_025",
  "satellites": {
    "BDS_023": {
      "elev_deg": 24.0,
      "azim_deg": 212.0,
      "los_enu": [
        -0.484105,
        -0.77473,
        0.406737
      ],
      "passed_health": false
    },
    "BDS_024": {
      "elev_deg": 41.0,
      "azim_deg": 48.0,
      "los_enu": [
        0.560859,
        0.504999,
        0.656059
      ],
      "passed_health": false
    },
    "BDS_025": {
      "elev_deg": 72.0,
      "azim_deg": 188.0,
      "los_enu": [
        -0.043007,
        -0.30601,
        0.951057
      ],
      "passed_health": true
    },
    "BDS_032": {
      "elev_deg": 4.0,
      "azim_deg": 311.0,
      "los_enu": [
        -0.752871,
        0.654461,
        0.069756
      ],
      "passed_health": false
    },
    "BDS_033": {
      "elev_deg": 63.0,
      "azim_deg": 97.0,
      "los_enu": [
        0.450607,
        -0.055328,
        0.891007
      ],
      "passed_health": true
    },
    "BDS_041": {
      "elev_deg": 56.0,
      "azim_deg": 330.0,
      "los_enu": [
        -0.279596,
        0.484275,
        0.829038
      ],
      "passed_health": false
    },
    "BDS_042": {
      "elev_deg": 12.0,
      "azim_deg": 122.0,
      "los_enu": [
        0.829516,
        -0.518339,
        0.207912
      ],
      "passed_health": false
    },
    "GPS_001": {
      "elev_deg": 25.0,
      "azim_deg": 249.0,
      "los_enu": [
        -0.846111,
        -0.324792,
        0.422618
      ],
      "passed_health": false
    },
    "GPS_002": {
      "elev_deg": 14.0,
      "azim_deg": 227.0,
      "los_enu": [
        -0.709629,
        -0.66174,
        0.241922
      ],
      "passed_health": false
    },
    "GPS_003": {
      "elev_deg": 51.0,
      "azim_deg": 312.0,
      "los_enu": [
        -0.467676,
        0.421098,
        0.777146
      ],
      "passed_health": false
    },
    "GPS_004": {
      "elev_deg": 17.0,
      "azim_deg": 297.0,
      "los_enu": [
        -0.852074,
        0.434153,
        0.292372
      ],
      "passed_health": false
    },
    "GPS_010": {
      "elev_deg": 4.0,
      "azim_deg": 148.0,
      "los_enu": [
        0.528628,
        -0.845982,
        0.069756
      ],
      "passed_health": false
    },
    "GPS_016": {
      "elev_deg": 29.0,
      "azim_deg": 172.0,
      "los_enu": [
        0.121724,
        -0.866108,
        0.48481
      ],
      "passed_health": false
    },
    "GPS_025": {
      "elev_deg": 7.0,
      "azim_deg": 38.0,
      "los_enu": [
        0.611072,
        0.782137,
        0.121869
      ],
      "passed_health": false
    },
    "GPS_026": {
      "elev_deg": 56.0,
      "azim_deg": 148.0,
      "los_enu": [
        0.296327,
        -0.474222,
        0.829038
      ],
      "passed_health": false
    },
    "GPS_028": {
      "elev_deg": 43.0,
      "azim_deg": 40.0,
      "los_enu": [
        0.470105,
        0.560249,
        0.681998
      ],
      "passed_health": false
    },
    "GPS_031": {
      "elev_deg": 71.0,
      "azim_deg": 10.0,
      "los_enu": [
        0.056534,
        0.320622,
        0.945519
      ],
      "passed_health": true
    },
    "GPS_032": {
      "elev_deg": 30.0,
      "azim_deg": 87.0,
      "los_enu": [
        0.864839,
        0.045324,
        0.5
      ],
      "passed_health": false
    }
  }
}