{
  "label": "push_W2",
  "capture_start_utc": "2026-07-15T00:02:10.963821+00:00",
  "rtcm_file": "push_W2-260715-000210Z.rtcm",
  "rate_hz": 10,
  "duration_sec": 12,
  "ref_sat": "GPS_031",
  "satellites": {
    "BDS_023": {
      "elev_deg": 24.0,
      "azim_deg": 212.0,
      "los_enu": [
        -0.484105,
        -0.77473,
        0.406737
      ],
      "passed_health": false
    },
    "BDS_024": {
      "elev_deg": 42.0,
      "azim_deg": 48.0,
      "los_enu": [
        0.552264,
        0.497261,
        0.669131
      ],
      "passed_health": true
    },
    "BDS_025": {
      "elev_deg": 71.0,
      "azim_deg": 188.0,
      "los_enu": [
        -0.04531,
        -0.3224,
        0.945519
      ],
      "passed_health": true
    },
    "BDS_032": {
      "elev_deg": 4.0,
      "azim_deg": 310.0,
      "los_enu": [
        -0.764178,
        0.641222,
        0.069756
      ],
      "passed_health": false
    },
    "BDS_033": {
      "elev_deg": 64.0,
      "azim_deg": 95.0,
      "los_enu": [
        0.436703,
        -0.038207,
        0.898794
      ],
      "passed_health": true
    },
    "BDS_041": {
      "elev_deg": 55.0,
      "azim_deg": 329.0,
      "los_enu": [
        -0.295414,
        0.491651,
        0.819152
      ],
      "passed_health": true
    },
    "BDS_042": {
      "elev_deg": 12.0,
      "azim_deg": 121.0,
      "los_enu": [
        0.838436,
        -0.503783,
        0.207912
      ],
      "passed_health": true
    },
    "GPS_001": {
      "elev_deg": 25.0,
      "azim_deg": 249.0,
      "los_enu": [
        -0.846111,
        -0.324792,
        0.422618
      ],
      "passed_health": true
    },
    "GPS_002": {
      "elev_deg": 14.0,
      "azim_deg": 227.0,
      "los_enu": [
        -0.709629,
        -0.66174,
        0.241922
      ],
      "passed_health": false
    },
    "GPS_003": {
      "elev_deg": 51.0,
      "azim_deg": 312.0,
      "los_enu": [
        -0.467676,
        0.421098,
        0.777146
      ],
      "passed_health": true
    },
    "GPS_004": {
      "elev_deg": 17.0,
      "azim_deg": 297.0,
      "los_enu": [
        -0.852074,
        0.434153,
        0.292372
      ],
      "passed_health": true
    },
    "GPS_010": {
      "elev_deg": 4.0,
      "azim_deg": 148.0,
      "los_enu": [
        0.528628,
        -0.845982,
        0.069756
      ],
      "passed_health": false
    },
    "GPS_016": {
      "elev_deg": 29.0,
      "azim_deg": 172.0,
      "los_enu": [
        0.121724,
        -0.866108,
        0.48481
      ],
      "passed_health": false
    },
    "GPS_025": {
      "elev_deg": 7.083,
      "azim_deg": 38.083,
      "los_enu": [
        0.612099,
        0.781107,
        0.123313
      ],
      "passed_health": false
    },
    "GPS_026": {
      "elev_deg": 55.833,
      "azim_deg": 148.167,
      "los_enu": [
        0.296217,
        -0.477129,
        0.827407
      ],
      "passed_health": true
    },
    "GPS_028": {
      "elev_deg": 43.333,
      "azim_deg": 40.0,
      "los_enu": [
        0.467547,
        0.557201,
        0.686242
      ],
      "passed_health": true
    },
    "GPS_031": {
      "elev_deg": 71.583,
      "azim_deg": 8.833,
      "los_enu": [
        0.048514,
        0.312178,
        0.948784
      ],
      "passed_health": true
    },
    "GPS_032": {
      "elev_deg": 30.667,
      "azim_deg": 86.333,
      "los_enu": [
        0.858388,
        0.055008,
        0.510043
      ],
      "passed_health": true
    }
  }
}