{
  "label": "push_W3",
  "capture_start_utc": "2026-07-15T23:00:14.570031+00:00",
  "rtcm_file": "push_W3-260715-230014Z.rtcm",
  "rate_hz": 10,
  "duration_sec": 12,
  "ref_sat": "GPS_031",
  "satellites": {
    "BDS_013": {
      "elev_deg": 10.0,
      "azim_deg": 272.0,
      "los_enu": [
        -0.984208,
        0.034369,
        0.173648
      ],
      "passed_health": false
    },
    "BDS_014": {
      "elev_deg": 59.0,
      "azim_deg": 74.0,
      "los_enu": [
        0.495086,
        0.141964,
        0.857167
      ],
      "passed_health": true
    },
    "BDS_021": {
      "elev_deg": 37.0,
      "azim_deg": 95.0,
      "los_enu": [
        0.795596,
        -0.069606,
        0.601815
      ],
      "passed_health": false
    },
    "BDS_024": {
      "elev_deg": 43.0,
      "azim_deg": 186.0,
      "los_enu": [
        -0.076447,
        -0.727347,
        0.681998
      ],
      "passed_health": false
    },
    "BDS_026": {
      "elev_deg": 66.0,
      "azim_deg": 98.0,
      "los_enu": [
        0.402778,
        -0.056607,
        0.913545
      ],
      "passed_health": true
    },
    "BDS_028": {
      "elev_deg": 5.0,
      "azim_deg": 299.0,
      "los_enu": [
        -0.871292,
        0.482965,
        0.087156
      ],
      "passed_health": false
    },
    "BDS_033": {
      "elev_deg": 26.0,
      "azim_deg": 311.0,
      "los_enu": [
        -0.678328,
        0.589662,
        0.438371
      ],
      "passed_health": false
    },
    "BDS_038": {
      "elev_deg": 9.0,
      "azim_deg": 248.0,
      "los_enu": [
        -0.915769,
        -0.369995,
        0.156434
      ],
      "passed_health": false
    },
    "BDS_039": {
      "elev_deg": 19.455,
      "azim_deg": 43.0,
      "los_enu": [
        0.64306,
        0.689598,
        0.333059
      ],
      "passed_health": false
    },
    "BDS_042": {
      "elev_deg": 67.0,
      "azim_deg": 16.0,
      "los_enu": [
        0.1077,
        0.375595,
        0.920505
      ],
      "passed_health": true
    },
    "GPS_001": {
      "elev_deg": 35.0,
      "azim_deg": 279.0,
      "los_enu": [
        -0.809067,
        0.128144,
        0.573576
      ],
      "passed_health": true
    },
    "GPS_002": {
      "elev_deg": 31.0,
      "azim_deg": 248.0,
      "los_enu": [
        -0.794752,
        -0.321101,
        0.515038
      ],
      "passed_health": false
    },
    "GPS_003": {
      "elev_deg": 26.0,
      "azim_deg": 319.0,
      "los_enu": [
        -0.589662,
        0.678328,
        0.438371
      ],
      "passed_health": false
    },
    "GPS_004": {
      "elev_deg": 2.0,
      "azim_deg": 278.0,
      "los_enu": [
        -0.989665,
        0.139088,
        0.034899
      ],
      "passed_health": false
    },
    "GPS_010": {
      "elev_deg": 28.0,
      "azim_deg": 137.0,
      "los_enu": [
        0.602169,
        -0.645747,
        0.469472
      ],
      "passed_health": false
    },
    "GPS_016": {
      "elev_deg": 6.0,
      "azim_deg": 181.0,
      "los_enu": [
        -0.017357,
        -0.99437,
        0.104528
      ],
      "passed_health": false
    },
    "GPS_025": {
      "elev_deg": 23.0,
      "azim_deg": 56.545,
      "los_enu": [
        0.767999,
        0.507452,
        0.390731
      ],
      "passed_health": false
    },
    "GPS_026": {
      "elev_deg": 30.364,
      "azim_deg": 166.0,
      "los_enu": [
        0.208739,
        -0.837205,
        0.505486
      ],
      "passed_health": false
    },
    "GPS_028": {
      "elev_deg": 69.636,
      "azim_deg": 31.0,
      "los_enu": [
        0.179221,
        0.298275,
        0.937503
      ],
      "passed_health": false
    },
    "GPS_031": {
      "elev_deg": 76.0,
      "azim_deg": 239.0,
      "los_enu": [
        -0.207368,
        -0.124599,
        0.970296
      ],
      "passed_health": true
    },
    "GPS_032": {
      "elev_deg": 45.0,
      "azim_deg": 57.0,
      "los_enu": [
        0.59303,
        0.385118,
        0.707107
      ],
      "passed_health": true
    }
  }
}