{
  "label": "push_W1",
  "capture_start_utc": "2026-07-14T22:34:10.346790+00:00",
  "rtcm_file": "push_W1-260714-223410Z.rtcm",
  "rate_hz": 10,
  "duration_sec": 12,
  "ref_sat": "GPS_028",
  "satellites": {
    "BDS_013": {
      "elev_deg": 14.0,
      "azim_deg": 225.0,
      "los_enu": [
        -0.686103,
        -0.686103,
        0.241922
      ],
      "passed_health": false
    },
    "BDS_014": {
      "elev_deg": 14.0,
      "azim_deg": 100.0,
      "los_enu": [
        0.955555,
        -0.16849,
        0.241922
      ],
      "passed_health": false
    },
    "BDS_024": {
      "elev_deg": 58.0,
      "azim_deg": 100.0,
      "los_enu": [
        0.521869,
        -0.09202,
        0.848048
      ],
      "passed_health": true
    },
    "BDS_025": {
      "elev_deg": 31.909,
      "azim_deg": 186.0,
      "los_enu": [
        -0.088733,
        -0.844238,
        0.528573
      ],
      "passed_health": false
    },
    "BDS_026": {
      "elev_deg": 26.182,
      "azim_deg": 48.0,
      "los_enu": [
        0.666897,
        0.600477,
        0.441221
      ],
      "passed_health": false
    },
    "BDS_027": {
      "elev_deg": 11.0,
      "azim_deg": 295.273,
      "los_enu": [
        -0.887672,
        0.419084,
        0.190809
      ],
      "passed_health": false
    },
    "BDS_028": {
      "elev_deg": 18.0,
      "azim_deg": 254.364,
      "los_enu": [
        -0.91586,
        -0.256339,
        0.309017
      ],
      "passed_health": false
    },
    "BDS_033": {
      "elev_deg": 62.273,
      "azim_deg": 0.545,
      "los_enu": [
        0.004429,
        0.465242,
        0.885172
      ],
      "passed_health": true
    },
    "BDS_038": {
      "elev_deg": 6.0,
      "azim_deg": 203.0,
      "los_enu": [
        -0.388591,
        -0.915462,
        0.104528
      ],
      "passed_health": false
    },
    "BDS_041": {
      "elev_deg": 26.0,
      "azim_deg": 306.0,
      "los_enu": [
        -0.72714,
        0.528298,
        0.438371
      ],
      "passed_health": false
    },
    "BDS_042": {
      "elev_deg": 35.0,
      "azim_deg": 87.0,
      "los_enu": [
        0.818029,
        0.042871,
        0.573576
      ],
      "passed_health": false
    },
    "GPS_001": {
      "elev_deg": 33.0,
      "azim_deg": 296.0,
      "los_enu": [
        -0.753792,
        0.367649,
        0.544639
      ],
      "passed_health": true
    },
    "GPS_002": {
      "elev_deg": 37.0,
      "azim_deg": 264.0,
      "los_enu": [
        -0.794261,
        -0.08348,
        0.601815
      ],
      "passed_health": true
    },
    "GPS_003": {
      "elev_deg": 13.0,
      "azim_deg": 317.0,
      "los_enu": [
        -0.664519,
        0.712609,
        0.224951
      ],
      "passed_health": false
    },
    "GPS_010": {
      "elev_deg": 41.0,
      "azim_deg": 125.0,
      "los_enu": [
        0.618222,
        -0.432884,
        0.656059
      ],
      "passed_health": false
    },
    "GPS_012": {
      "elev_deg": 6.0,
      "azim_deg": 41.0,
      "los_enu": [
        0.652465,
        0.750575,
        0.104528
      ],
      "passed_health": false
    },
    "GPS_013": {
      "elev_deg": 6.0,
      "azim_deg": 39.0,
      "los_enu": [
        0.625873,
        0.772889,
        0.104528
      ],
      "passed_health": false
    },
    "GPS_023": {
      "elev_deg": 7.0,
      "azim_deg": 132.0,
      "los_enu": [
        0.737606,
        -0.664143,
        0.121869
      ],
      "passed_health": false
    },
    "GPS_025": {
      "elev_deg": 26.0,
      "azim_deg": 71.0,
      "los_enu": [
        0.849826,
        0.292619,
        0.438371
      ],
      "passed_health": true
    },
    "GPS_026": {
      "elev_deg": 18.0,
      "azim_deg": 172.0,
      "los_enu": [
        0.132361,
        -0.941801,
        0.309017
      ],
      "passed_health": false
    },
    "GPS_028": {
      "elev_deg": 84.0,
      "azim_deg": 42.0,
      "los_enu": [
        0.069943,
        0.07768,
        0.994522
      ],
      "passed_health": true
    },
    "GPS_031": {
      "elev_deg": 62.0,
      "azim_deg": 217.0,
      "los_enu": [
        -0.282535,
        -0.374937,
        0.882948
      ],
      "passed_health": false
    },
    "GPS_032": {
      "elev_deg": 52.0,
      "azim_deg": 40.0,
      "los_enu": [
        0.39574,
        0.471624,
        0.788011
      ],
      "passed_health": true
    }
  }
}