{
  "label": "pushpull_W1",
  "capture_start_utc": "2026-07-14T23:48:52.976280+00:00",
  "rtcm_file": "pushpull_W1-260714-234852Z.rtcm",
  "rate_hz": 10,
  "duration_sec": 12,
  "ref_sat": "GPS_031",
  "satellites": {
    "BDS_023": {
      "elev_deg": 18.0,
      "azim_deg": 210.0,
      "los_enu": [
        -0.475528,
        -0.823639,
        0.309017
      ],
      "passed_health": false
    },
    "BDS_024": {
      "elev_deg": 46.0,
      "azim_deg": 52.0,
      "los_enu": [
        0.547398,
        0.427674,
        0.71934
      ],
      "passed_health": false
    },
    "BDS_025": {
      "elev_deg": 65.0,
      "azim_deg": 188.0,
      "los_enu": [
        -0.058817,
        -0.418505,
        0.906308
      ],
      "passed_health": false
    },
    "BDS_026": {
      "elev_deg": 3.0,
      "azim_deg": 40.0,
      "los_enu": [
        0.641907,
        0.764995,
        0.052336
      ],
      "passed_health": false
    },
    "BDS_027": {
      "elev_deg": 1.0,
      "azim_deg": 268.0,
      "los_enu": [
        -0.999239,
        -0.034894,
        0.017452
      ],
      "passed_health": false
    },
    "BDS_028": {
      "elev_deg": 0.0,
      "azim_deg": 230.0,
      "los_enu": [
        -0.766044,
        -0.642788,
        0.0
      ],
      "passed_health": false
    },
    "BDS_032": {
      "elev_deg": 0.0,
      "azim_deg": 308.0,
      "los_enu": [
        -0.788011,
        0.615661,
        0.0
      ],
      "passed_health": false
    },
    "BDS_033": {
      "elev_deg": 66.0,
      "azim_deg": 82.0,
      "los_enu": [
        0.402778,
        0.056607,
        0.913545
      ],
      "passed_health": true
    },
    "BDS_041": {
      "elev_deg": 50.0,
      "azim_deg": 326.0,
      "los_enu": [
        -0.359442,
        0.532895,
        0.766044
      ],
      "passed_health": false
    },
    "BDS_042": {
      "elev_deg": 16.0,
      "azim_deg": 117.0,
      "los_enu": [
        0.85649,
        -0.436404,
        0.275637
      ],
      "passed_health": false
    },
    "GPS_001": {
      "elev_deg": 28.818,
      "azim_deg": 255.818,
      "los_enu": [
        -0.849451,
        -0.214657,
        0.482032
      ],
      "passed_health": false
    },
    "GPS_002": {
      "elev_deg": 18.0,
      "azim_deg": 231.0,
      "los_enu": [
        -0.73911,
        -0.598519,
        0.309017
      ],
      "passed_health": false
    },
    "GPS_003": {
      "elev_deg": 44.0,
      "azim_deg": 316.0,
      "los_enu": [
        -0.499695,
        0.51745,
        0.694658
      ],
      "passed_health": false
    },
    "GPS_004": {
      "elev_deg": 13.0,
      "azim_deg": 292.0,
      "los_enu": [
        -0.90342,
        0.365005,
        0.224951
      ],
      "passed_health": false
    },
    "GPS_010": {
      "elev_deg": 10.0,
      "azim_deg": 146.0,
      "los_enu": [
        0.550698,
        -0.816443,
        0.173648
      ],
      "passed_health": false
    },
    "GPS_016": {
      "elev_deg": 23.0,
      "azim_deg": 174.0,
      "los_enu": [
        0.096219,
        -0.915462,
        0.390731
      ],
      "passed_health": false
    },
    "GPS_025": {
      "elev_deg": 12.0,
      "azim_deg": 41.0,
      "los_enu": [
        0.641723,
        0.738217,
        0.207912
      ],
      "passed_health": false
    },
    "GPS_026": {
      "elev_deg": 49.0,
      "azim_deg": 155.0,
      "los_enu": [
        0.277263,
        -0.594591,
        0.75471
      ],
      "passed_health": false
    },
    "GPS_028": {
      "elev_deg": 50.0,
      "azim_deg": 37.0,
      "los_enu": [
        0.386839,
        0.513353,
        0.766044
      ],
      "passed_health": false
    },
    "GPS_031": {
      "elev_deg": 77.0,
      "azim_deg": 354.0,
      "los_enu": [
        -0.023514,
        0.223719,
        0.97437
      ],
      "passed_health": true
    },
    "GPS_032": {
      "elev_deg": 34.0,
      "azim_deg": 80.0,
      "los_enu": [
        0.816443,
        0.143961,
        0.559193
      ],
      "passed_health": false
    }
  }
}