{
  "label": "push_W3",
  "capture_start_utc": "2026-07-15T00:17:52.441567+00:00",
  "rtcm_file": "push_W3-260715-001752Z.rtcm",
  "rate_hz": 10,
  "duration_sec": 12,
  "ref_sat": "BDS_025",
  "satellites": {
    "BDS_023": {
      "elev_deg": 29.0,
      "azim_deg": 215.0,
      "los_enu": [
        -0.501661,
        -0.716447,
        0.48481
      ],
      "passed_health": false
    },
    "BDS_024": {
      "elev_deg": 37.0,
      "azim_deg": 46.0,
      "los_enu": [
        0.57449,
        0.554779,
        0.601815
      ],
      "passed_health": false
    },
    "BDS_025": {
      "elev_deg": 78.0,
      "azim_deg": 187.0,
      "los_enu": [
        -0.025338,
        -0.206362,
        0.978148
      ],
      "passed_health": true
    },
    "BDS_032": {
      "elev_deg": 8.0,
      "azim_deg": 313.0,
      "los_enu": [
        -0.724236,
        0.675361,
        0.139173
      ],
      "passed_health": false
    },
    "BDS_033": {
      "elev_deg": 60.0,
      "azim_deg": 108.0,
      "los_enu": [
        0.475528,
        -0.154508,
        0.866025
      ],
      "passed_health": true
    },
    "BDS_041": {
      "elev_deg": 61.0,
      "azim_deg": 332.0,
      "los_enu": [
        -0.227604,
        0.428061,
        0.87462
      ],
      "passed_health": false
    },
    "BDS_042": {
      "elev_deg": 8.0,
      "azim_deg": 126.0,
      "los_enu": [
        0.801144,
        -0.582065,
        0.139173
      ],
      "passed_health": false
    },
    "GPS_001": {
      "elev_deg": 21.0,
      "azim_deg": 242.0,
      "los_enu": [
        -0.824303,
        -0.438289,
        0.358368
      ],
      "passed_health": false
    },
    "GPS_002": {
      "elev_deg": 9.0,
      "azim_deg": 222.0,
      "los_enu": [
        -0.660892,
        -0.733995,
        0.156434
      ],
      "passed_health": false
    },
    "GPS_003": {
      "elev_deg": 57.0,
      "azim_deg": 304.0,
      "los_enu": [
        -0.451526,
        0.304558,
        0.838671
      ],
      "passed_health": false
    },
    "GPS_004": {
      "elev_deg": 22.0,
      "azim_deg": 302.0,
      "los_enu": [
        -0.786297,
        0.491333,
        0.374607
      ],
      "passed_health": false
    },
    "GPS_016": {
      "elev_deg": 36.0,
      "azim_deg": 170.0,
      "los_enu": [
        0.140484,
        -0.796726,
        0.587785
      ],
      "passed_health": false
    },
    "GPS_025": {
      "elev_deg": 2.0,
      "azim_deg": 36.0,
      "los_enu": [
        0.587427,
        0.808524,
        0.034899
      ],
      "passed_health": false
    },
    "GPS_026": {
      "elev_deg": 62.0,
      "azim_deg": 138.0,
      "los_enu": [
        0.314138,
        -0.348885,
        0.882948
      ],
      "passed_health": false
    },
    "GPS_028": {
      "elev_deg": 37.0,
      "azim_deg": 44.0,
      "los_enu": [
        0.554779,
        0.57449,
        0.601815
      ],
      "passed_health": false
    },
    "GPS_031": {
      "elev_deg": 65.0,
      "azim_deg": 20.0,
      "los_enu": [
        0.144544,
        0.397131,
        0.906308
      ],
      "passed_health": false
    },
    "GPS_032": {
      "elev_deg": 26.0,
      "azim_deg": 93.0,
      "los_enu": [
        0.897562,
        -0.047039,
        0.438371
      ],
      "passed_health": false
    }
  }
}