{
  "label": "push_W2",
  "capture_start_utc": "2026-07-14T22:48:53.648018+00:00",
  "rtcm_file": "push_W2-260714-224853Z.rtcm",
  "rate_hz": 10,
  "duration_sec": 12,
  "ref_sat": "GPS_028",
  "satellites": {
    "BDS_013": {
      "elev_deg": 10.0,
      "azim_deg": 222.0,
      "los_enu": [
        -0.658965,
        -0.731855,
        0.173648
      ],
      "passed_health": false
    },
    "BDS_014": {
      "elev_deg": 11.0,
      "azim_deg": 104.0,
      "los_enu": [
        0.952469,
        -0.237477,
        0.190809
      ],
      "passed_health": false
    },
    "BDS_024": {
      "elev_deg": 59.0,
      "azim_deg": 88.0,
      "los_enu": [
        0.514724,
        0.017975,
        0.857167
      ],
      "passed_health": true
    },
    "BDS_025": {
      "elev_deg": 38.0,
      "azim_deg": 186.0,
      "los_enu": [
        -0.08237,
        -0.783694,
        0.615661
      ],
      "passed_health": false
    },
    "BDS_026": {
      "elev_deg": 22.0,
      "azim_deg": 45.0,
      "los_enu": [
        0.655618,
        0.655618,
        0.374607
      ],
      "passed_health": false
    },
    "BDS_027": {
      "elev_deg": 10.0,
      "azim_deg": 290.0,
      "los_enu": [
        -0.925417,
        0.336824,
        0.173648
      ],
      "passed_health": false
    },
    "BDS_028": {
      "elev_deg": 15.0,
      "azim_deg": 249.0,
      "los_enu": [
        -0.901769,
        -0.346157,
        0.258819
      ],
      "passed_health": false
    },
    "BDS_033": {
      "elev_deg": 65.0,
      "azim_deg": 13.0,
      "los_enu": [
        0.095068,
        0.411787,
        0.906308
      ],
      "passed_health": true
    },
    "BDS_038": {
      "elev_deg": 2.0,
      "azim_deg": 200.0,
      "los_enu": [
        -0.341812,
        -0.93912,
        0.034899
      ],
      "passed_health": false
    },
    "BDS_041": {
      "elev_deg": 30.0,
      "azim_deg": 311.0,
      "los_enu": [
        -0.653598,
        0.568164,
        0.5
      ],
      "passed_health": false
    },
    "BDS_042": {
      "elev_deg": 32.0,
      "azim_deg": 94.0,
      "los_enu": [
        0.845982,
        -0.059157,
        0.529919
      ],
      "passed_health": false
    },
    "GPS_001": {
      "elev_deg": 34.0,
      "azim_deg": 287.0,
      "los_enu": [
        -0.792813,
        0.242387,
        0.559193
      ],
      "passed_health": true
    },
    "GPS_002": {
      "elev_deg": 34.0,
      "azim_deg": 256.0,
      "los_enu": [
        -0.804412,
        -0.200562,
        0.559193
      ],
      "passed_health": true
    },
    "GPS_003": {
      "elev_deg": 19.0,
      "azim_deg": 318.0,
      "los_enu": [
        -0.632675,
        0.702657,
        0.325568
      ],
      "passed_health": false
    },
    "GPS_010": {
      "elev_deg": 35.0,
      "azim_deg": 131.0,
      "los_enu": [
        0.618222,
        -0.537412,
        0.573576
      ],
      "passed_health": false
    },
    "GPS_012": {
      "elev_deg": 3.0,
      "azim_deg": 36.0,
      "los_enu": [
        0.58698,
        0.807908,
        0.052336
      ],
      "passed_health": false
    },
    "GPS_013": {
      "elev_deg": 2.0,
      "azim_deg": 34.0,
      "los_enu": [
        0.558852,
        0.828533,
        0.034899
      ],
      "passed_health": false
    },
    "GPS_016": {
      "elev_deg": 1.0,
      "azim_deg": 183.0,
      "los_enu": [
        -0.052328,
        -0.998477,
        0.017452
      ],
      "passed_health": false
    },
    "GPS_023": {
      "elev_deg": 1.0,
      "azim_deg": 136.0,
      "los_enu": [
        0.694553,
        -0.71923,
        0.017452
      ],
      "passed_health": false
    },
    "GPS_025": {
      "elev_deg": 25.0,
      "azim_deg": 63.0,
      "los_enu": [
        0.807526,
        0.411455,
        0.422618
      ],
      "passed_health": false
    },
    "GPS_026": {
      "elev_deg": 24.0,
      "azim_deg": 169.0,
      "los_enu": [
        0.174313,
        -0.896761,
        0.406737
      ],
      "passed_health": false
    },
    "GPS_028": {
      "elev_deg": 76.0,
      "azim_deg": 32.0,
      "los_enu": [
        0.128199,
        0.205161,
        0.970296
      ],
      "passed_health": true
    },
    "GPS_031": {
      "elev_deg": 70.0,
      "azim_deg": 225.0,
      "los_enu": [
        -0.241845,
        -0.241845,
        0.939693
      ],
      "passed_health": true
    },
    "GPS_032": {
      "elev_deg": 48.0,
      "azim_deg": 49.0,
      "los_enu": [
        0.504999,
        0.438989,
        0.743145
      ],
      "passed_health": false
    }
  }
}