{
  "label": "push_W3",
  "capture_start_utc": "2026-06-26T15:47:58.200938+00:00",
  "rtcm_file": "push_W3-260626-154758Z.rtcm",
  "rate_hz": 10,
  "duration_sec": 12,
  "ref_sat": "GPS_005",
  "satellites": {
    "BDS_011": {
      "elev_deg": 13.0,
      "azim_deg": 298.0,
      "los_enu": [
        -0.860318,
        0.457439,
        0.224951
      ],
      "passed_health": false
    },
    "BDS_013": {
      "elev_deg": 4.0,
      "azim_deg": 104.0,
      "los_enu": [
        0.967932,
        -0.241333,
        0.069756
      ],
      "passed_health": false
    },
    "BDS_027": {
      "elev_deg": 64.0,
      "azim_deg": 48.0,
      "los_enu": [
        0.325773,
        0.293328,
        0.898794
      ],
      "passed_health": true
    },
    "BDS_028": {
      "elev_deg": 29.0,
      "azim_deg": 93.0,
      "los_enu": [
        0.873421,
        -0.045774,
        0.48481
      ],
      "passed_health": false
    },
    "BDS_030": {
      "elev_deg": 38.0,
      "azim_deg": 312.0,
      "los_enu": [
        -0.585606,
        0.527282,
        0.615661
      ],
      "passed_health": false
    },
    "BDS_032": {
      "elev_deg": 43.0,
      "azim_deg": 171.0,
      "los_enu": [
        0.114409,
        -0.72235,
        0.681998
      ],
      "passed_health": false
    },
    "BDS_033": {
      "elev_deg": 14.0,
      "azim_deg": 38.0,
      "los_enu": [
        0.597374,
        0.764603,
        0.241922
      ],
      "passed_health": false
    },
    "BDS_036": {
      "elev_deg": 14.0,
      "azim_deg": 286.0,
      "los_enu": [
        -0.932708,
        0.26745,
        0.241922
      ],
      "passed_health": false
    },
    "BDS_037": {
      "elev_deg": 0.0,
      "azim_deg": 187.0,
      "los_enu": [
        -0.121869,
        -0.992546,
        0.0
      ],
      "passed_health": false
    },
    "BDS_040": {
      "elev_deg": 17.0,
      "azim_deg": 233.0,
      "los_enu": [
        -0.763739,
        -0.575519,
        0.292372
      ],
      "passed_health": false
    },
    "BDS_041": {
      "elev_deg": 53.0,
      "azim_deg": 76.0,
      "los_enu": [
        0.583939,
        0.145592,
        0.798636
      ],
      "passed_health": true
    },
    "GPS_005": {
      "elev_deg": 87.0,
      "azim_deg": 11.0,
      "los_enu": [
        0.009986,
        0.051374,
        0.99863
      ],
      "passed_health": true
    },
    "GPS_011": {
      "elev_deg": 31.0,
      "azim_deg": 62.0,
      "los_enu": [
        0.756834,
        0.402416,
        0.515038
      ],
      "passed_health": false
    },
    "GPS_012": {
      "elev_deg": 33.0,
      "azim_deg": 199.0,
      "los_enu": [
        -0.273044,
        -0.792979,
        0.544639
      ],
      "passed_health": false
    },
    "GPS_013": {
      "elev_deg": 28.0,
      "azim_deg": 203.0,
      "los_enu": [
        -0.344995,
        -0.812758,
        0.469472
      ],
      "passed_health": false
    },
    "GPS_015": {
      "elev_deg": 21.0,
      "azim_deg": 172.0,
      "los_enu": [
        0.129929,
        -0.924495,
        0.358368
      ],
      "passed_health": false
    },
    "GPS_018": {
      "elev_deg": 15.0,
      "azim_deg": 278.0,
      "los_enu": [
        -0.956526,
        0.134431,
        0.258819
      ],
      "passed_health": false
    },
    "GPS_020": {
      "elev_deg": 30.0,
      "azim_deg": 141.0,
      "los_enu": [
        0.545007,
        -0.673028,
        0.5
      ],
      "passed_health": false
    },
    "GPS_021": {
      "elev_deg": 51.0,
      "azim_deg": 44.0,
      "los_enu": [
        0.437163,
        0.452695,
        0.777146
      ],
      "passed_health": false
    },
    "GPS_025": {
      "elev_deg": 41.0,
      "azim_deg": 246.0,
      "los_enu": [
        -0.689462,
        -0.306968,
        0.656059
      ],
      "passed_health": false
    },
    "GPS_029": {
      "elev_deg": 47.0,
      "azim_deg": 320.0,
      "los_enu": [
        -0.43838,
        0.522441,
        0.731354
      ],
      "passed_health": false
    }
  }
}