{
  "label": "pushpull_W2",
  "capture_start_utc": "2026-07-01T00:59:23.515425+00:00",
  "rtcm_file": "pushpull_W2-260701-005923Z.rtcm",
  "rate_hz": 10,
  "duration_sec": 12,
  "ref_sat": "GPS_031",
  "satellites": {
    "BDS_023": {
      "elev_deg": 24.0,
      "azim_deg": 212.0,
      "los_enu": [
        -0.484105,
        -0.77473,
        0.406737
      ],
      "passed_health": false
    },
    "BDS_024": {
      "elev_deg": 42.0,
      "azim_deg": 48.0,
      "los_enu": [
        0.552264,
        0.497261,
        0.669131
      ],
      "passed_health": false
    },
    "BDS_025": {
      "elev_deg": 71.0,
      "azim_deg": 188.0,
      "los_enu": [
        -0.04531,
        -0.3224,
        0.945519
      ],
      "passed_health": true
    },
    "BDS_032": {
      "elev_deg": 4.0,
      "azim_deg": 310.0,
      "los_enu": [
        -0.764178,
        0.641222,
        0.069756
      ],
      "passed_health": false
    },
    "BDS_033": {
      "elev_deg": 64.0,
      "azim_deg": 95.0,
      "los_enu": [
        0.436703,
        -0.038207,
        0.898794
      ],
      "passed_health": true
    },
    "BDS_041": {
      "elev_deg": 55.0,
      "azim_deg": 329.0,
      "los_enu": [
        -0.295414,
        0.491651,
        0.819152
      ],
      "passed_health": false
    },
    "BDS_042": {
      "elev_deg": 12.0,
      "azim_deg": 122.0,
      "los_enu": [
        0.829516,
        -0.518339,
        0.207912
      ],
      "passed_health": false
    },
    "GPS_001": {
      "elev_deg": 26.0,
      "azim_deg": 250.0,
      "los_enu": [
        -0.84459,
        -0.307406,
        0.438371
      ],
      "passed_health": false
    },
    "GPS_002": {
      "elev_deg": 14.0,
      "azim_deg": 226.0,
      "los_enu": [
        -0.697972,
        -0.674024,
        0.241922
      ],
      "passed_health": false
    },
    "GPS_003": {
      "elev_deg": 50.0,
      "azim_deg": 312.0,
      "los_enu": [
        -0.477684,
        0.430109,
        0.766044
      ],
      "passed_health": false
    },
    "GPS_004": {
      "elev_deg": 17.0,
      "azim_deg": 297.0,
      "los_enu": [
        -0.852074,
        0.434153,
        0.292372
      ],
      "passed_health": false
    },
    "GPS_010": {
      "elev_deg": 4.0,
      "azim_deg": 148.0,
      "los_enu": [
        0.528628,
        -0.845982,
        0.069756
      ],
      "passed_health": false
    },
    "GPS_016": {
      "elev_deg": 29.0,
      "azim_deg": 172.0,
      "los_enu": [
        0.121724,
        -0.866108,
        0.48481
      ],
      "passed_health": false
    },
    "GPS_025": {
      "elev_deg": 8.0,
      "azim_deg": 38.0,
      "los_enu": [
        0.60967,
        0.780342,
        0.139173
      ],
      "passed_health": false
    },
    "GPS_026": {
      "elev_deg": 56.0,
      "azim_deg": 147.0,
      "los_enu": [
        0.304558,
        -0.468979,
        0.829038
      ],
      "passed_health": false
    },
    "GPS_028": {
      "elev_deg": 44.0,
      "azim_deg": 40.0,
      "los_enu": [
        0.462383,
        0.551046,
        0.694658
      ],
      "passed_health": false
    },
    "GPS_031": {
      "elev_deg": 72.0,
      "azim_deg": 9.0,
      "los_enu": [
        0.048341,
        0.305212,
        0.951057
      ],
      "passed_health": true
    },
    "GPS_032": {
      "elev_deg": 31.0,
      "azim_deg": 86.0,
      "los_enu": [
        0.855079,
        0.059793,
        0.515038
      ],
      "passed_health": false
    }
  }
}