{
  "label": "push_W2",
  "capture_start_utc": "2026-07-01T00:55:33.248116+00:00",
  "rtcm_file": "push_W2-260701-005533Z.rtcm",
  "rate_hz": 10,
  "duration_sec": 12,
  "ref_sat": "GPS_031",
  "satellites": {
    "BDS_023": {
      "elev_deg": 23.0,
      "azim_deg": 211.0,
      "los_enu": [
        -0.474095,
        -0.789027,
        0.390731
      ],
      "passed_health": false
    },
    "BDS_024": {
      "elev_deg": 43.0,
      "azim_deg": 49.0,
      "los_enu": [
        0.55196,
        0.479811,
        0.681998
      ],
      "passed_health": true
    },
    "BDS_025": {
      "elev_deg": 70.0,
      "azim_deg": 188.0,
      "los_enu": [
        -0.0476,
        -0.338692,
        0.939693
      ],
      "passed_health": true
    },
    "BDS_026": {
      "elev_deg": 0.0,
      "azim_deg": 40.0,
      "los_enu": [
        0.642788,
        0.766044,
        0.0
      ],
      "passed_health": false
    },
    "BDS_027": {
      "elev_deg": 0.0,
      "azim_deg": 264.167,
      "los_enu": [
        -0.994822,
        -0.101635,
        0.0
      ],
      "passed_health": false
    },
    "BDS_032": {
      "elev_deg": 3.0,
      "azim_deg": 310.0,
      "los_enu": [
        -0.764995,
        0.641907,
        0.052336
      ],
      "passed_health": false
    },
    "BDS_033": {
      "elev_deg": 64.0,
      "azim_deg": 92.333,
      "los_enu": [
        0.438008,
        -0.017847,
        0.898794
      ],
      "passed_health": true
    },
    "BDS_041": {
      "elev_deg": 53.0,
      "azim_deg": 328.0,
      "los_enu": [
        -0.318913,
        0.510368,
        0.798636
      ],
      "passed_health": true
    },
    "BDS_042": {
      "elev_deg": 14.0,
      "azim_deg": 120.0,
      "los_enu": [
        0.840301,
        -0.485148,
        0.241922
      ],
      "passed_health": true
    },
    "GPS_001": {
      "elev_deg": 27.0,
      "azim_deg": 252.0,
      "los_enu": [
        -0.847398,
        -0.275336,
        0.45399
      ],
      "passed_health": true
    },
    "GPS_002": {
      "elev_deg": 15.0,
      "azim_deg": 228.0,
      "los_enu": [
        -0.717823,
        -0.646331,
        0.258819
      ],
      "passed_health": true
    },
    "GPS_003": {
      "elev_deg": 48.0,
      "azim_deg": 314.0,
      "los_enu": [
        -0.481332,
        0.464817,
        0.743145
      ],
      "passed_health": true
    },
    "GPS_004": {
      "elev_deg": 16.0,
      "azim_deg": 295.0,
      "los_enu": [
        -0.871199,
        0.406247,
        0.275637
      ],
      "passed_health": false
    },
    "GPS_010": {
      "elev_deg": 6.0,
      "azim_deg": 148.0,
      "los_enu": [
        0.527016,
        -0.843402,
        0.104528
      ],
      "passed_health": false
    },
    "GPS_016": {
      "elev_deg": 27.0,
      "azim_deg": 173.0,
      "los_enu": [
        0.108586,
        -0.884365,
        0.45399
      ],
      "passed_health": false
    },
    "GPS_025": {
      "elev_deg": 9.0,
      "azim_deg": 39.0,
      "los_enu": [
        0.621572,
        0.767578,
        0.156434
      ],
      "passed_health": false
    },
    "GPS_026": {
      "elev_deg": 54.0,
      "azim_deg": 149.0,
      "los_enu": [
        0.302732,
        -0.50383,
        0.809017
      ],
      "passed_health": true
    },
    "GPS_028": {
      "elev_deg": 46.0,
      "azim_deg": 39.0,
      "los_enu": [
        0.437163,
        0.539851,
        0.71934
      ],
      "passed_health": true
    },
    "GPS_031": {
      "elev_deg": 73.0,
      "azim_deg": 5.0,
      "los_enu": [
        0.025482,
        0.291259,
        0.956305
      ],
      "passed_health": true
    },
    "GPS_032": {
      "elev_deg": 32.0,
      "azim_deg": 84.0,
      "los_enu": [
        0.843402,
        0.088645,
        0.529919
      ],
      "passed_health": true
    }
  }
}