{
  "label": "pushpull_W2",
  "capture_start_utc": "2026-07-15T00:05:38.612245+00:00",
  "rtcm_file": "pushpull_W2-260715-000538Z.rtcm",
  "rate_hz": 10,
  "duration_sec": 12,
  "ref_sat": "BDS_025",
  "satellites": {
    "BDS_023": {
      "elev_deg": 25.0,
      "azim_deg": 213.0,
      "los_enu": [
        -0.493611,
        -0.760094,
        0.422618
      ],
      "passed_health": false
    },
    "BDS_024": {
      "elev_deg": 40.0,
      "azim_deg": 48.0,
      "los_enu": [
        0.569282,
        0.512584,
        0.642788
      ],
      "passed_health": false
    },
    "BDS_025": {
      "elev_deg": 73.0,
      "azim_deg": 188.0,
      "los_enu": [
        -0.04069,
        -0.289526,
        0.956305
      ],
      "passed_health": true
    },
    "BDS_032": {
      "elev_deg": 5.0,
      "azim_deg": 311.0,
      "los_enu": [
        -0.751838,
        0.653563,
        0.087156
      ],
      "passed_health": false
    },
    "BDS_033": {
      "elev_deg": 63.0,
      "azim_deg": 99.0,
      "los_enu": [
        0.448401,
        -0.07102,
        0.891007
      ],
      "passed_health": true
    },
    "BDS_041": {
      "elev_deg": 56.833,
      "azim_deg": 330.0,
      "los_enu": [
        -0.273538,
        0.473782,
        0.837083
      ],
      "passed_health": false
    },
    "BDS_042": {
      "elev_deg": 11.25,
      "azim_deg": 122.75,
      "los_enu": [
        0.824879,
        -0.53058,
        0.19509
      ],
      "passed_health": false
    },
    "GPS_001": {
      "elev_deg": 25.0,
      "azim_deg": 247.0,
      "los_enu": [
        -0.834261,
        -0.354123,
        0.422618
      ],
      "passed_health": false
    },
    "GPS_002": {
      "elev_deg": 13.0,
      "azim_deg": 225.333,
      "los_enu": [
        -0.69298,
        -0.684964,
        0.224951
      ],
      "passed_health": false
    },
    "GPS_003": {
      "elev_deg": 51.0,
      "azim_deg": 311.0,
      "los_enu": [
        -0.474954,
        0.412871,
        0.777146
      ],
      "passed_health": false
    },
    "GPS_004": {
      "elev_deg": 18.0,
      "azim_deg": 297.0,
      "los_enu": [
        -0.847398,
        0.431771,
        0.309017
      ],
      "passed_health": false
    },
    "GPS_010": {
      "elev_deg": 3.0,
      "azim_deg": 148.0,
      "los_enu": [
        0.529193,
        -0.846886,
        0.052336
      ],
      "passed_health": false
    },
    "GPS_016": {
      "elev_deg": 30.0,
      "azim_deg": 172.0,
      "los_enu": [
        0.120527,
        -0.857597,
        0.5
      ],
      "passed_health": false
    },
    "GPS_025": {
      "elev_deg": 6.0,
      "azim_deg": 38.0,
      "los_enu": [
        0.612289,
        0.783694,
        0.104528
      ],
      "passed_health": false
    },
    "GPS_026": {
      "elev_deg": 57.0,
      "azim_deg": 147.0,
      "los_enu": [
        0.296632,
        -0.456773,
        0.838671
      ],
      "passed_health": false
    },
    "GPS_028": {
      "elev_deg": 43.0,
      "azim_deg": 41.0,
      "los_enu": [
        0.479811,
        0.55196,
        0.681998
      ],
      "passed_health": false
    },
    "GPS_031": {
      "elev_deg": 70.0,
      "azim_deg": 12.0,
      "los_enu": [
        0.07111,
        0.334546,
        0.939693
      ],
      "passed_health": true
    },
    "GPS_032": {
      "elev_deg": 30.0,
      "azim_deg": 88.0,
      "los_enu": [
        0.865498,
        0.030224,
        0.5
      ],
      "passed_health": false
    }
  }
}