{
  "label": "push_W0",
  "capture_start_utc": "2026-07-01T00:25:33.215881+00:00",
  "rtcm_file": "push_W0-260701-002533Z.rtcm",
  "rate_hz": 10,
  "duration_sec": 12,
  "ref_sat": "GPS_031",
  "satellites": {
    "BDS_013": {
      "elev_deg": 0.0,
      "azim_deg": 210.0,
      "los_enu": [
        -0.5,
        -0.866025,
        0.0
      ],
      "passed_health": false
    },
    "BDS_014": {
      "elev_deg": 0.0,
      "azim_deg": 117.0,
      "los_enu": [
        0.891007,
        -0.45399,
        0.0
      ],
      "passed_health": false
    },
    "BDS_023": {
      "elev_deg": 11.0,
      "azim_deg": 208.0,
      "los_enu": [
        -0.460846,
        -0.866725,
        0.190809
      ],
      "passed_health": false
    },
    "BDS_024": {
      "elev_deg": 52.0,
      "azim_deg": 60.0,
      "los_enu": [
        0.533178,
        0.307831,
        0.788011
      ],
      "passed_health": false
    },
    "BDS_025": {
      "elev_deg": 56.0,
      "azim_deg": 187.0,
      "los_enu": [
        -0.068148,
        -0.555025,
        0.829038
      ],
      "passed_health": false
    },
    "BDS_026": {
      "elev_deg": 9.0,
      "azim_deg": 40.0,
      "los_enu": [
        0.634874,
        0.756613,
        0.156434
      ],
      "passed_health": false
    },
    "BDS_027": {
      "elev_deg": 5.0,
      "azim_deg": 275.0,
      "los_enu": [
        -0.992404,
        0.086824,
        0.087156
      ],
      "passed_health": false
    },
    "BDS_028": {
      "elev_deg": 5.0,
      "azim_deg": 236.0,
      "los_enu": [
        -0.825883,
        -0.557065,
        0.087156
      ],
      "passed_health": false
    },
    "BDS_033": {
      "elev_deg": 68.0,
      "azim_deg": 59.0,
      "los_enu": [
        0.321101,
        0.192937,
        0.927184
      ],
      "passed_health": true
    },
    "BDS_041": {
      "elev_deg": 43.0,
      "azim_deg": 322.0,
      "los_enu": [
        -0.450266,
        0.576315,
        0.681998
      ],
      "passed_health": false
    },
    "BDS_042": {
      "elev_deg": 21.0,
      "azim_deg": 110.0,
      "los_enu": [
        0.877279,
        -0.319303,
        0.358368
      ],
      "passed_health": false
    },
    "GPS_001": {
      "elev_deg": 32.0,
      "azim_deg": 266.0,
      "los_enu": [
        -0.845982,
        -0.059157,
        0.529919
      ],
      "passed_health": true
    },
    "GPS_002": {
      "elev_deg": 24.0,
      "azim_deg": 238.0,
      "los_enu": [
        -0.77473,
        -0.484105,
        0.406737
      ],
      "passed_health": false
    },
    "GPS_003": {
      "elev_deg": 36.0,
      "azim_deg": 319.0,
      "los_enu": [
        -0.530763,
        0.610573,
        0.587785
      ],
      "passed_health": false
    },
    "GPS_004": {
      "elev_deg": 8.0,
      "azim_deg": 286.0,
      "los_enu": [
        -0.951907,
        0.272955,
        0.139173
      ],
      "passed_health": false
    },
    "GPS_010": {
      "elev_deg": 18.333,
      "azim_deg": 142.667,
      "los_enu": [
        0.575669,
        -0.754763,
        0.314545
      ],
      "passed_health": false
    },
    "GPS_016": {
      "elev_deg": 15.0,
      "azim_deg": 177.0,
      "los_enu": [
        0.050553,
        -0.964602,
        0.258819
      ],
      "passed_health": false
    },
    "GPS_025": {
      "elev_deg": 18.0,
      "azim_deg": 48.0,
      "los_enu": [
        0.706773,
        0.636381,
        0.309017
      ],
      "passed_health": false
    },
    "GPS_026": {
      "elev_deg": 40.0,
      "azim_deg": 160.0,
      "los_enu": [
        0.262003,
        -0.719846,
        0.642788
      ],
      "passed_health": false
    },
    "GPS_028": {
      "elev_deg": 59.0,
      "azim_deg": 33.0,
      "los_enu": [
        0.28051,
        0.431947,
        0.857167
      ],
      "passed_health": false
    },
    "GPS_031": {
      "elev_deg": 82.0,
      "azim_deg": 296.0,
      "los_enu": [
        -0.125088,
        0.061009,
        0.990268
      ],
      "passed_health": true
    },
    "GPS_032": {
      "elev_deg": 40.0,
      "azim_deg": 69.0,
      "los_enu": [
        0.715164,
        0.274526,
        0.642788
      ],
      "passed_health": false
    }
  }
}