{
  "label": "pushpull_W1",
  "capture_start_utc": "2026-07-14T23:50:57.419176+00:00",
  "rtcm_file": "pushpull_W1-260714-235057Z.rtcm",
  "rate_hz": 10,
  "duration_sec": 12,
  "ref_sat": "GPS_031",
  "satellites": {
    "BDS_023": {
      "elev_deg": 19.0,
      "azim_deg": 210.0,
      "los_enu": [
        -0.472759,
        -0.818843,
        0.325568
      ],
      "passed_health": false
    },
    "BDS_024": {
      "elev_deg": 46.0,
      "azim_deg": 51.0,
      "los_enu": [
        0.539851,
        0.437163,
        0.71934
      ],
      "passed_health": true
    },
    "BDS_025": {
      "elev_deg": 66.0,
      "azim_deg": 188.0,
      "los_enu": [
        -0.056607,
        -0.402778,
        0.913545
      ],
      "passed_health": true
    },
    "BDS_026": {
      "elev_deg": 2.0,
      "azim_deg": 40.0,
      "los_enu": [
        0.642396,
        0.765578,
        0.034899
      ],
      "passed_health": false
    },
    "BDS_027": {
      "elev_deg": 1.0,
      "azim_deg": 268.0,
      "los_enu": [
        -0.999239,
        -0.034894,
        0.017452
      ],
      "passed_health": false
    },
    "BDS_028": {
      "elev_deg": 0.0,
      "azim_deg": 229.0,
      "los_enu": [
        -0.75471,
        -0.656059,
        0.0
      ],
      "passed_health": false
    },
    "BDS_032": {
      "elev_deg": 0.0,
      "azim_deg": 308.0,
      "los_enu": [
        -0.788011,
        0.615661,
        0.0
      ],
      "passed_health": false
    },
    "BDS_033": {
      "elev_deg": 66.0,
      "azim_deg": 84.0,
      "los_enu": [
        0.404508,
        0.042516,
        0.913545
      ],
      "passed_health": true
    },
    "BDS_041": {
      "elev_deg": 51.0,
      "azim_deg": 327.0,
      "los_enu": [
        -0.342752,
        0.527792,
        0.777146
      ],
      "passed_health": true
    },
    "BDS_042": {
      "elev_deg": 16.0,
      "azim_deg": 118.0,
      "los_enu": [
        0.848744,
        -0.451285,
        0.275637
      ],
      "passed_health": true
    },
    "GPS_001": {
      "elev_deg": 28.0,
      "azim_deg": 254.083,
      "los_enu": [
        -0.849097,
        -0.242139,
        0.469472
      ],
      "passed_health": true
    },
    "GPS_002": {
      "elev_deg": 17.167,
      "azim_deg": 230.167,
      "los_enu": [
        -0.733701,
        -0.61202,
        0.295152
      ],
      "passed_health": true
    },
    "GPS_003": {
      "elev_deg": 45.75,
      "azim_deg": 315.25,
      "los_enu": [
        -0.491255,
        0.495561,
        0.716302
      ],
      "passed_health": true
    },
    "GPS_004": {
      "elev_deg": 13.667,
      "azim_deg": 293.0,
      "los_enu": [
        -0.894442,
        0.379668,
        0.236273
      ],
      "passed_health": true
    },
    "GPS_010": {
      "elev_deg": 8.833,
      "azim_deg": 147.0,
      "los_enu": [
        0.538179,
        -0.828723,
        0.153561
      ],
      "passed_health": false
    },
    "GPS_016": {
      "elev_deg": 23.0,
      "azim_deg": 174.0,
      "los_enu": [
        0.096219,
        -0.915462,
        0.390731
      ],
      "passed_health": false
    },
    "GPS_025": {
      "elev_deg": 12.0,
      "azim_deg": 41.0,
      "los_enu": [
        0.641723,
        0.738217,
        0.207912
      ],
      "passed_health": false
    },
    "GPS_026": {
      "elev_deg": 50.0,
      "azim_deg": 154.0,
      "los_enu": [
        0.28178,
        -0.577734,
        0.766044
      ],
      "passed_health": true
    },
    "GPS_028": {
      "elev_deg": 49.0,
      "azim_deg": 38.0,
      "los_enu": [
        0.40391,
        0.516982,
        0.75471
      ],
      "passed_health": true
    },
    "GPS_031": {
      "elev_deg": 76.0,
      "azim_deg": 356.0,
      "los_enu": [
        -0.016876,
        0.241333,
        0.970296
      ],
      "passed_health": true
    },
    "GPS_032": {
      "elev_deg": 34.0,
      "azim_deg": 81.0,
      "los_enu": [
        0.818831,
        0.12969,
        0.559193
      ],
      "passed_health": true
    }
  }
}