{
  "label": "push_W0",
  "capture_start_utc": "2026-06-29T16:40:50.335141+00:00",
  "rtcm_file": "push_W0-260629-164050Z.rtcm",
  "rate_hz": 10,
  "duration_sec": 12,
  "ref_sat": "GPS_029",
  "satellites": {
    "BDS_013": {
      "elev_deg": 12.0,
      "azim_deg": 308.0,
      "los_enu": [
        -0.770791,
        0.602208,
        0.207912
      ],
      "passed_health": false
    },
    "BDS_014": {
      "elev_deg": 75.0,
      "azim_deg": 136.0,
      "los_enu": [
        0.179791,
        -0.186179,
        0.965926
      ],
      "passed_health": true
    },
    "BDS_021": {
      "elev_deg": 62.0,
      "azim_deg": 63.0,
      "los_enu": [
        0.418302,
        0.213136,
        0.882948
      ],
      "passed_health": true
    },
    "BDS_022": {
      "elev_deg": 13.0,
      "azim_deg": 38.0,
      "los_enu": [
        0.599882,
        0.767814,
        0.224951
      ],
      "passed_health": false
    },
    "BDS_023": {
      "elev_deg": 3.0,
      "azim_deg": 280.0,
      "los_enu": [
        -0.983458,
        0.17341,
        0.052336
      ],
      "passed_health": false
    },
    "BDS_025": {
      "elev_deg": 2.0,
      "azim_deg": 237.0,
      "los_enu": [
        -0.83816,
        -0.544307,
        0.034899
      ],
      "passed_health": false
    },
    "BDS_031": {
      "elev_deg": 26.0,
      "azim_deg": 115.0,
      "los_enu": [
        0.814584,
        -0.379847,
        0.438371
      ],
      "passed_health": false
    },
    "BDS_033": {
      "elev_deg": 6.0,
      "azim_deg": 209.0,
      "los_enu": [
        -0.482154,
        -0.869828,
        0.104528
      ],
      "passed_health": false
    },
    "BDS_034": {
      "elev_deg": 74.0,
      "azim_deg": 67.0,
      "los_enu": [
        0.253726,
        0.1077,
        0.961262
      ],
      "passed_health": true
    },
    "BDS_038": {
      "elev_deg": 36.0,
      "azim_deg": 314.0,
      "los_enu": [
        -0.581958,
        0.56199,
        0.587785
      ],
      "passed_health": false
    },
    "BDS_042": {
      "elev_deg": 57.0,
      "azim_deg": 188.0,
      "los_enu": [
        -0.075799,
        -0.539339,
        0.838671
      ],
      "passed_health": false
    },
    "GPS_005": {
      "elev_deg": 55.0,
      "azim_deg": 31.0,
      "los_enu": [
        0.295414,
        0.491651,
        0.819152
      ],
      "passed_health": false
    },
    "GPS_011": {
      "elev_deg": 13.0,
      "azim_deg": 87.0,
      "los_enu": [
        0.973035,
        0.050995,
        0.224951
      ],
      "passed_health": false
    },
    "GPS_012": {
      "elev_deg": 7.0,
      "azim_deg": 186.0,
      "los_enu": [
        -0.103749,
        -0.987109,
        0.121869
      ],
      "passed_health": false
    },
    "GPS_015": {
      "elev_deg": 48.917,
      "azim_deg": 160.0,
      "los_enu": [
        0.224761,
        -0.617525,
        0.753755
      ],
      "passed_health": false
    },
    "GPS_018": {
      "elev_deg": 32.833,
      "azim_deg": 302.0,
      "los_enu": [
        -0.712574,
        0.445265,
        0.542197
      ],
      "passed_health": false
    },
    "GPS_020": {
      "elev_deg": 50.0,
      "azim_deg": 108.25,
      "los_enu": [
        0.610455,
        -0.201298,
        0.766044
      ],
      "passed_health": true
    },
    "GPS_021": {
      "elev_deg": 23.333,
      "azim_deg": 45.0,
      "los_enu": [
        0.649277,
        0.649277,
        0.39608
      ],
      "passed_health": false
    },
    "GPS_023": {
      "elev_deg": 22.0,
      "azim_deg": 238.5,
      "los_enu": [
        -0.790554,
        -0.484452,
        0.374607
      ],
      "passed_health": false
    },
    "GPS_025": {
      "elev_deg": 20.667,
      "azim_deg": 219.0,
      "los_enu": [
        -0.588823,
        -0.727136,
        0.352931
      ],
      "passed_health": false
    },
    "GPS_026": {
      "elev_deg": 7.25,
      "azim_deg": 307.75,
      "los_enu": [
        -0.784368,
        0.607323,
        0.126199
      ],
      "passed_health": false
    },
    "GPS_029": {
      "elev_deg": 76.0,
      "azim_deg": 302.0,
      "los_enu": [
        -0.205161,
        0.128199,
        0.970296
      ],
      "passed_health": true
    }
  }
}