{
  "label": "pushpull_W3",
  "capture_start_utc": "2026-07-21T23:58:20.002223+00:00",
  "rtcm_file": "pushpull_W3-260721-235820Z.rtcm",
  "rate_hz": 10,
  "duration_sec": 12,
  "ref_sat": "BDS_025",
  "satellites": {
    "BDS_023": {
      "elev_deg": 32.818,
      "azim_deg": 216.818,
      "los_enu": [
        -0.50363,
        -0.672771,
        0.541975
      ],
      "passed_health": false
    },
    "BDS_024": {
      "elev_deg": 33.273,
      "azim_deg": 45.0,
      "los_enu": [
        0.59119,
        0.59119,
        0.548625
      ],
      "passed_health": false
    },
    "BDS_025": {
      "elev_deg": 82.636,
      "azim_deg": 184.727,
      "los_enu": [
        -0.010562,
        -0.12773,
        0.991753
      ],
      "passed_health": true
    },
    "BDS_032": {
      "elev_deg": 11.0,
      "azim_deg": 314.0,
      "los_enu": [
        -0.706124,
        0.681896,
        0.190809
      ],
      "passed_health": false
    },
    "BDS_033": {
      "elev_deg": 58.0,
      "azim_deg": 113.0,
      "los_enu": [
        0.487793,
        -0.207056,
        0.848048
      ],
      "passed_health": false
    },
    "BDS_041": {
      "elev_deg": 64.0,
      "azim_deg": 334.0,
      "los_enu": [
        -0.192169,
        0.394005,
        0.898794
      ],
      "passed_health": false
    },
    "BDS_042": {
      "elev_deg": 6.0,
      "azim_deg": 128.0,
      "los_enu": [
        0.783694,
        -0.612289,
        0.104528
      ],
      "passed_health": false
    },
    "GPS_001": {
      "elev_deg": 19.0,
      "azim_deg": 239.0,
      "los_enu": [
        -0.810468,
        -0.486978,
        0.325568
      ],
      "passed_health": false
    },
    "GPS_002": {
      "elev_deg": 7.0,
      "azim_deg": 219.0,
      "los_enu": [
        -0.62463,
        -0.771353,
        0.121869
      ],
      "passed_health": false
    },
    "GPS_003": {
      "elev_deg": 59.0,
      "azim_deg": 299.0,
      "los_enu": [
        -0.450462,
        0.249695,
        0.857167
      ],
      "passed_health": true
    },
    "GPS_004": {
      "elev_deg": 24.0,
      "azim_deg": 304.0,
      "los_enu": [
        -0.757364,
        0.510848,
        0.406737
      ],
      "passed_health": false
    },
    "GPS_016": {
      "elev_deg": 40.0,
      "azim_deg": 169.0,
      "los_enu": [
        0.146168,
        -0.75197,
        0.642788
      ],
      "passed_health": false
    },
    "GPS_026": {
      "elev_deg": 64.0,
      "azim_deg": 130.0,
      "los_enu": [
        0.335812,
        -0.28178,
        0.898794
      ],
      "passed_health": true
    },
    "GPS_028": {
      "elev_deg": 34.0,
      "azim_deg": 46.0,
      "los_enu": [
        0.59636,
        0.575898,
        0.559193
      ],
      "passed_health": false
    },
    "GPS_031": {
      "elev_deg": 61.0,
      "azim_deg": 25.0,
      "los_enu": [
        0.204889,
        0.439387,
        0.87462
      ],
      "passed_health": false
    },
    "GPS_032": {
      "elev_deg": 24.0,
      "azim_deg": 97.0,
      "los_enu": [
        0.906736,
        -0.111333,
        0.406737
      ],
      "passed_health": false
    }
  }
}