{
  "label": "push_W2",
  "capture_start_utc": "2026-06-26T15:32:23.724984+00:00",
  "rtcm_file": "push_W2-260626-153223Z.rtcm",
  "rate_hz": 10,
  "duration_sec": 12,
  "ref_sat": "BDS_041",
  "satellites": {
    "BDS_011": {
      "elev_deg": 9.0,
      "azim_deg": 294.364,
      "los_enu": [
        -0.89973,
        0.407447,
        0.156434
      ],
      "passed_health": false
    },
    "BDS_013": {
      "elev_deg": 7.0,
      "azim_deg": 99.0,
      "los_enu": [
        0.980326,
        -0.155268,
        0.121869
      ],
      "passed_health": false
    },
    "BDS_027": {
      "elev_deg": 64.0,
      "azim_deg": 33.0,
      "los_enu": [
        0.238754,
        0.367649,
        0.898794
      ],
      "passed_health": false
    },
    "BDS_028": {
      "elev_deg": 33.0,
      "azim_deg": 86.0,
      "los_enu": [
        0.836628,
        0.058503,
        0.544639
      ],
      "passed_health": false
    },
    "BDS_030": {
      "elev_deg": 33.0,
      "azim_deg": 307.0,
      "los_enu": [
        -0.669792,
        0.504725,
        0.544639
      ],
      "passed_health": false
    },
    "BDS_032": {
      "elev_deg": 36.0,
      "azim_deg": 173.0,
      "los_enu": [
        0.098594,
        -0.802987,
        0.587785
      ],
      "passed_health": false
    },
    "BDS_033": {
      "elev_deg": 19.0,
      "azim_deg": 42.0,
      "los_enu": [
        0.632675,
        0.702657,
        0.325568
      ],
      "passed_health": false
    },
    "BDS_036": {
      "elev_deg": 15.0,
      "azim_deg": 292.0,
      "los_enu": [
        -0.895591,
        0.361842,
        0.258819
      ],
      "passed_health": false
    },
    "BDS_037": {
      "elev_deg": 4.0,
      "azim_deg": 191.0,
      "los_enu": [
        -0.190344,
        -0.979236,
        0.069756
      ],
      "passed_health": false
    },
    "BDS_040": {
      "elev_deg": 21.0,
      "azim_deg": 238.0,
      "los_enu": [
        -0.791721,
        -0.494722,
        0.358368
      ],
      "passed_health": false
    },
    "BDS_041": {
      "elev_deg": 53.0,
      "azim_deg": 88.0,
      "los_enu": [
        0.601448,
        0.021003,
        0.798636
      ],
      "passed_health": true
    },
    "GPS_005": {
      "elev_deg": 85.0,
      "azim_deg": 202.0,
      "los_enu": [
        -0.032649,
        -0.080809,
        0.996195
      ],
      "passed_health": false
    },
    "GPS_006": {
      "elev_deg": 3.0,
      "azim_deg": 73.0,
      "los_enu": [
        0.954994,
        0.291971,
        0.052336
      ],
      "passed_health": false
    },
    "GPS_011": {
      "elev_deg": 35.0,
      "azim_deg": 56.0,
      "los_enu": [
        0.679108,
        0.458064,
        0.573576
      ],
      "passed_health": false
    },
    "GPS_012": {
      "elev_deg": 40.0,
      "azim_deg": 203.0,
      "los_enu": [
        -0.299317,
        -0.705148,
        0.642788
      ],
      "passed_health": false
    },
    "GPS_013": {
      "elev_deg": 35.0,
      "azim_deg": 207.0,
      "los_enu": [
        -0.371887,
        -0.72987,
        0.573576
      ],
      "passed_health": false
    },
    "GPS_015": {
      "elev_deg": 14.0,
      "azim_deg": 175.0,
      "los_enu": [
        0.084567,
        -0.966603,
        0.241922
      ],
      "passed_health": false
    },
    "GPS_018": {
      "elev_deg": 11.0,
      "azim_deg": 272.0,
      "los_enu": [
        -0.981029,
        0.034258,
        0.190809
      ],
      "passed_health": false
    },
    "GPS_019": {
      "elev_deg": 0.0,
      "azim_deg": 124.0,
      "los_enu": [
        0.829038,
        -0.559193,
        0.0
      ],
      "passed_health": false
    },
    "GPS_020": {
      "elev_deg": 24.0,
      "azim_deg": 146.0,
      "los_enu": [
        0.510848,
        -0.757364,
        0.406737
      ],
      "passed_health": false
    },
    "GPS_021": {
      "elev_deg": 57.0,
      "azim_deg": 48.0,
      "los_enu": [
        0.404746,
        0.364435,
        0.838671
      ],
      "passed_health": false
    },
    "GPS_025": {
      "elev_deg": 44.0,
      "azim_deg": 255.0,
      "los_enu": [
        -0.694829,
        -0.186179,
        0.694658
      ],
      "passed_health": true
    },
    "GPS_029": {
      "elev_deg": 40.0,
      "azim_deg": 319.0,
      "los_enu": [
        -0.50257,
        0.578141,
        0.642788
      ],
      "passed_health": false
    }
  }
}