{
  "label": "push_W1",
  "capture_start_utc": "2026-07-14T23:47:31.480795+00:00",
  "rtcm_file": "push_W1-260714-234731Z.rtcm",
  "rate_hz": 10,
  "duration_sec": 12,
  "ref_sat": "GPS_031",
  "satellites": {
    "BDS_023": {
      "elev_deg": 18.0,
      "azim_deg": 210.0,
      "los_enu": [
        -0.475528,
        -0.823639,
        0.309017
      ],
      "passed_health": false
    },
    "BDS_024": {
      "elev_deg": 47.0,
      "azim_deg": 52.0,
      "los_enu": [
        0.537422,
        0.41988,
        0.731354
      ],
      "passed_health": true
    },
    "BDS_025": {
      "elev_deg": 64.0,
      "azim_deg": 188.0,
      "los_enu": [
        -0.061009,
        -0.434105,
        0.898794
      ],
      "passed_health": true
    },
    "BDS_026": {
      "elev_deg": 3.0,
      "azim_deg": 40.0,
      "los_enu": [
        0.641907,
        0.764995,
        0.052336
      ],
      "passed_health": false
    },
    "BDS_027": {
      "elev_deg": 2.0,
      "azim_deg": 269.0,
      "los_enu": [
        -0.999239,
        -0.017442,
        0.034899
      ],
      "passed_health": false
    },
    "BDS_028": {
      "elev_deg": 1.0,
      "azim_deg": 230.0,
      "los_enu": [
        -0.765928,
        -0.64269,
        0.017452
      ],
      "passed_health": false
    },
    "BDS_033": {
      "elev_deg": 67.0,
      "azim_deg": 80.0,
      "los_enu": [
        0.384795,
        0.06785,
        0.920505
      ],
      "passed_health": true
    },
    "BDS_041": {
      "elev_deg": 49.0,
      "azim_deg": 326.0,
      "los_enu": [
        -0.366864,
        0.543898,
        0.75471
      ],
      "passed_health": true
    },
    "BDS_042": {
      "elev_deg": 17.0,
      "azim_deg": 117.0,
      "los_enu": [
        0.852074,
        -0.434153,
        0.292372
      ],
      "passed_health": true
    },
    "GPS_001": {
      "elev_deg": 29.0,
      "azim_deg": 256.0,
      "los_enu": [
        -0.84864,
        -0.21159,
        0.48481
      ],
      "passed_health": true
    },
    "GPS_002": {
      "elev_deg": 18.0,
      "azim_deg": 231.0,
      "los_enu": [
        -0.73911,
        -0.598519,
        0.309017
      ],
      "passed_health": false
    },
    "GPS_003": {
      "elev_deg": 44.0,
      "azim_deg": 316.0,
      "los_enu": [
        -0.499695,
        0.51745,
        0.694658
      ],
      "passed_health": true
    },
    "GPS_004": {
      "elev_deg": 13.0,
      "azim_deg": 292.0,
      "los_enu": [
        -0.90342,
        0.365005,
        0.224951
      ],
      "passed_health": true
    },
    "GPS_010": {
      "elev_deg": 10.0,
      "azim_deg": 146.0,
      "los_enu": [
        0.550698,
        -0.816443,
        0.173648
      ],
      "passed_health": false
    },
    "GPS_016": {
      "elev_deg": 22.167,
      "azim_deg": 174.0,
      "los_enu": [
        0.096803,
        -0.921017,
        0.377302
      ],
      "passed_health": false
    },
    "GPS_025": {
      "elev_deg": 12.0,
      "azim_deg": 41.0,
      "los_enu": [
        0.641723,
        0.738217,
        0.207912
      ],
      "passed_health": false
    },
    "GPS_026": {
      "elev_deg": 49.0,
      "azim_deg": 155.0,
      "los_enu": [
        0.277263,
        -0.594591,
        0.75471
      ],
      "passed_health": true
    },
    "GPS_028": {
      "elev_deg": 50.0,
      "azim_deg": 37.0,
      "los_enu": [
        0.386839,
        0.513353,
        0.766044
      ],
      "passed_health": true
    },
    "GPS_031": {
      "elev_deg": 77.0,
      "azim_deg": 354.0,
      "los_enu": [
        -0.023514,
        0.223719,
        0.97437
      ],
      "passed_health": true
    },
    "GPS_032": {
      "elev_deg": 34.0,
      "azim_deg": 80.0,
      "los_enu": [
        0.816443,
        0.143961,
        0.559193
      ],
      "passed_health": true
    }
  }
}