{
  "label": "pushpull_W1",
  "capture_start_utc": "2026-07-01T00:44:23.459913+00:00",
  "rtcm_file": "pushpull_W1-260701-004423Z.rtcm",
  "rate_hz": 10,
  "duration_sec": 12,
  "ref_sat": "GPS_031",
  "satellites": {
    "BDS_023": {
      "elev_deg": 18.0,
      "azim_deg": 210.0,
      "los_enu": [
        -0.475528,
        -0.823639,
        0.309017
      ],
      "passed_health": false
    },
    "BDS_024": {
      "elev_deg": 46.0,
      "azim_deg": 52.0,
      "los_enu": [
        0.547398,
        0.427674,
        0.71934
      ],
      "passed_health": false
    },
    "BDS_025": {
      "elev_deg": 65.0,
      "azim_deg": 188.0,
      "los_enu": [
        -0.058817,
        -0.418505,
        0.906308
      ],
      "passed_health": false
    },
    "BDS_026": {
      "elev_deg": 3.0,
      "azim_deg": 40.0,
      "los_enu": [
        0.641907,
        0.764995,
        0.052336
      ],
      "passed_health": false
    },
    "BDS_027": {
      "elev_deg": 2.0,
      "azim_deg": 268.0,
      "los_enu": [
        -0.998782,
        -0.034878,
        0.034899
      ],
      "passed_health": false
    },
    "BDS_028": {
      "elev_deg": 1.0,
      "azim_deg": 230.0,
      "los_enu": [
        -0.765928,
        -0.64269,
        0.017452
      ],
      "passed_health": false
    },
    "BDS_032": {
      "elev_deg": 0.0,
      "azim_deg": 307.0,
      "los_enu": [
        -0.798636,
        0.601815,
        0.0
      ],
      "passed_health": false
    },
    "BDS_033": {
      "elev_deg": 66.167,
      "azim_deg": 80.667,
      "los_enu": [
        0.398728,
        0.065532,
        0.914725
      ],
      "passed_health": true
    },
    "BDS_041": {
      "elev_deg": 49.167,
      "azim_deg": 326.0,
      "los_enu": [
        -0.365634,
        0.542075,
        0.756615
      ],
      "passed_health": false
    },
    "BDS_042": {
      "elev_deg": 16.917,
      "azim_deg": 116.083,
      "los_enu": [
        0.859291,
        -0.420653,
        0.290981
      ],
      "passed_health": false
    },
    "GPS_001": {
      "elev_deg": 29.0,
      "azim_deg": 257.0,
      "los_enu": [
        -0.852203,
        -0.196747,
        0.48481
      ],
      "passed_health": false
    },
    "GPS_002": {
      "elev_deg": 18.0,
      "azim_deg": 232.0,
      "los_enu": [
        -0.749443,
        -0.585529,
        0.309017
      ],
      "passed_health": false
    },
    "GPS_003": {
      "elev_deg": 44.0,
      "azim_deg": 316.0,
      "los_enu": [
        -0.499695,
        0.51745,
        0.694658
      ],
      "passed_health": false
    },
    "GPS_004": {
      "elev_deg": 13.0,
      "azim_deg": 291.0,
      "los_enu": [
        -0.909653,
        0.349183,
        0.224951
      ],
      "passed_health": false
    },
    "GPS_010": {
      "elev_deg": 11.0,
      "azim_deg": 146.0,
      "los_enu": [
        0.548919,
        -0.813806,
        0.190809
      ],
      "passed_health": false
    },
    "GPS_016": {
      "elev_deg": 22.0,
      "azim_deg": 174.0,
      "los_enu": [
        0.096917,
        -0.922105,
        0.374607
      ],
      "passed_health": false
    },
    "GPS_025": {
      "elev_deg": 13.0,
      "azim_deg": 42.0,
      "los_enu": [
        0.651981,
        0.724098,
        0.224951
      ],
      "passed_health": false
    },
    "GPS_026": {
      "elev_deg": 49.0,
      "azim_deg": 154.0,
      "los_enu": [
        0.287597,
        -0.589662,
        0.75471
      ],
      "passed_health": false
    },
    "GPS_028": {
      "elev_deg": 51.0,
      "azim_deg": 37.0,
      "los_enu": [
        0.378734,
        0.502598,
        0.777146
      ],
      "passed_health": false
    },
    "GPS_031": {
      "elev_deg": 78.0,
      "azim_deg": 350.0,
      "los_enu": [
        -0.036103,
        0.204753,
        0.978148
      ],
      "passed_health": true
    },
    "GPS_032": {
      "elev_deg": 35.0,
      "azim_deg": 79.0,
      "los_enu": [
        0.804102,
        0.156302,
        0.573576
      ],
      "passed_health": false
    }
  }
}