{
  "label": "pushpull_W1",
  "capture_start_utc": "2026-06-29T16:57:34.529573+00:00",
  "rtcm_file": "pushpull_W1-260629-165734Z.rtcm",
  "rate_hz": 10,
  "duration_sec": 12,
  "ref_sat": "GPS_029",
  "satellites": {
    "BDS_013": {
      "elev_deg": 17.0,
      "azim_deg": 311.0,
      "los_enu": [
        -0.721732,
        0.627392,
        0.292372
      ],
      "passed_health": false
    },
    "BDS_014": {
      "elev_deg": 78.0,
      "azim_deg": 103.0,
      "los_enu": [
        0.202583,
        -0.04677,
        0.978148
      ],
      "passed_health": true
    },
    "BDS_021": {
      "elev_deg": 57.0,
      "azim_deg": 52.0,
      "los_enu": [
        0.429181,
        0.335313,
        0.838671
      ],
      "passed_health": false
    },
    "BDS_022": {
      "elev_deg": 7.0,
      "azim_deg": 38.0,
      "los_enu": [
        0.611072,
        0.782137,
        0.121869
      ],
      "passed_health": false
    },
    "BDS_023": {
      "elev_deg": 0.0,
      "azim_deg": 274.0,
      "los_enu": [
        -0.997564,
        0.069756,
        0.0
      ],
      "passed_health": false
    },
    "BDS_031": {
      "elev_deg": 21.0,
      "azim_deg": 120.0,
      "los_enu": [
        0.808504,
        -0.46679,
        0.358368
      ],
      "passed_health": false
    },
    "BDS_033": {
      "elev_deg": 12.0,
      "azim_deg": 211.0,
      "los_enu": [
        -0.503783,
        -0.838436,
        0.207912
      ],
      "passed_health": false
    },
    "BDS_034": {
      "elev_deg": 71.0,
      "azim_deg": 91.0,
      "los_enu": [
        0.325519,
        -0.005682,
        0.945519
      ],
      "passed_health": true
    },
    "BDS_038": {
      "elev_deg": 42.0,
      "azim_deg": 317.0,
      "los_enu": [
        -0.506824,
        0.543502,
        0.669131
      ],
      "passed_health": false
    },
    "BDS_042": {
      "elev_deg": 65.0,
      "azim_deg": 190.0,
      "los_enu": [
        -0.073387,
        -0.416198,
        0.906308
      ],
      "passed_health": false
    },
    "GPS_005": {
      "elev_deg": 49.0,
      "azim_deg": 35.0,
      "los_enu": [
        0.3763,
        0.537412,
        0.75471
      ],
      "passed_health": false
    },
    "GPS_011": {
      "elev_deg": 9.0,
      "azim_deg": 92.0,
      "los_enu": [
        0.987087,
        -0.03447,
        0.156434
      ],
      "passed_health": false
    },
    "GPS_012": {
      "elev_deg": 2.0,
      "azim_deg": 183.0,
      "los_enu": [
        -0.052304,
        -0.998021,
        0.034899
      ],
      "passed_health": false
    },
    "GPS_015": {
      "elev_deg": 56.0,
      "azim_deg": 154.0,
      "los_enu": [
        0.245134,
        -0.502599,
        0.829038
      ],
      "passed_health": false
    },
    "GPS_016": {
      "elev_deg": 0.0,
      "azim_deg": 326.0,
      "los_enu": [
        -0.559193,
        0.829038,
        0.0
      ],
      "passed_health": false
    },
    "GPS_018": {
      "elev_deg": 37.0,
      "azim_deg": 308.0,
      "los_enu": [
        -0.629333,
        0.491689,
        0.601815
      ],
      "passed_health": false
    },
    "GPS_020": {
      "elev_deg": 52.0,
      "azim_deg": 96.0,
      "los_enu": [
        0.612289,
        -0.064354,
        0.788011
      ],
      "passed_health": true
    },
    "GPS_021": {
      "elev_deg": 18.0,
      "azim_deg": 48.0,
      "los_enu": [
        0.706773,
        0.636381,
        0.309017
      ],
      "passed_health": false
    },
    "GPS_023": {
      "elev_deg": 27.0,
      "azim_deg": 244.0,
      "los_enu": [
        -0.800831,
        -0.390592,
        0.45399
      ],
      "passed_health": false
    },
    "GPS_025": {
      "elev_deg": 15.0,
      "azim_deg": 214.0,
      "los_enu": [
        -0.540139,
        -0.800789,
        0.258819
      ],
      "passed_health": false
    },
    "GPS_026": {
      "elev_deg": 8.0,
      "azim_deg": 301.0,
      "los_enu": [
        -0.848825,
        0.510026,
        0.139173
      ],
      "passed_health": false
    },
    "GPS_029": {
      "elev_deg": 81.0,
      "azim_deg": 268.0,
      "los_enu": [
        -0.156339,
        -0.005459,
        0.987688
      ],
      "passed_health": true
    }
  }
}