{
  "label": "push_W0",
  "capture_start_utc": "2026-07-01T00:19:07.195334+00:00",
  "rtcm_file": "push_W0-260701-001907Z.rtcm",
  "rate_hz": 10,
  "duration_sec": 12,
  "ref_sat": "GPS_031",
  "satellites": {
    "BDS_013": {
      "elev_deg": 1.0,
      "azim_deg": 211.667,
      "los_enu": [
        -0.524897,
        -0.850987,
        0.017452
      ],
      "passed_health": false
    },
    "BDS_014": {
      "elev_deg": 2.0,
      "azim_deg": 116.0,
      "los_enu": [
        0.898247,
        -0.438104,
        0.034899
      ],
      "passed_health": false
    },
    "BDS_023": {
      "elev_deg": 9.0,
      "azim_deg": 207.0,
      "los_enu": [
        -0.448401,
        -0.880037,
        0.156434
      ],
      "passed_health": false
    },
    "BDS_024": {
      "elev_deg": 54.0,
      "azim_deg": 63.0,
      "los_enu": [
        0.52372,
        0.266849,
        0.809017
      ],
      "passed_health": true
    },
    "BDS_025": {
      "elev_deg": 53.0,
      "azim_deg": 187.0,
      "los_enu": [
        -0.073343,
        -0.597329,
        0.798636
      ],
      "passed_health": false
    },
    "BDS_026": {
      "elev_deg": 11.0,
      "azim_deg": 40.0,
      "los_enu": [
        0.630978,
        0.75197,
        0.190809
      ],
      "passed_health": false
    },
    "BDS_027": {
      "elev_deg": 6.0,
      "azim_deg": 277.0,
      "los_enu": [
        -0.987109,
        0.121202,
        0.104528
      ],
      "passed_health": false
    },
    "BDS_028": {
      "elev_deg": 6.0,
      "azim_deg": 238.0,
      "los_enu": [
        -0.843402,
        -0.527016,
        0.104528
      ],
      "passed_health": false
    },
    "BDS_033": {
      "elev_deg": 68.0,
      "azim_deg": 51.167,
      "los_enu": [
        0.291809,
        0.2349,
        0.927184
      ],
      "passed_health": true
    },
    "BDS_041": {
      "elev_deg": 41.0,
      "azim_deg": 320.0,
      "los_enu": [
        -0.485118,
        0.578141,
        0.656059
      ],
      "passed_health": false
    },
    "BDS_042": {
      "elev_deg": 23.0,
      "azim_deg": 108.0,
      "los_enu": [
        0.875452,
        -0.284452,
        0.390731
      ],
      "passed_health": false
    },
    "GPS_001": {
      "elev_deg": 33.0,
      "azim_deg": 269.0,
      "los_enu": [
        -0.838543,
        -0.014637,
        0.544639
      ],
      "passed_health": true
    },
    "GPS_002": {
      "elev_deg": 26.0,
      "azim_deg": 241.0,
      "los_enu": [
        -0.786103,
        -0.435744,
        0.438371
      ],
      "passed_health": false
    },
    "GPS_003": {
      "elev_deg": 33.0,
      "azim_deg": 319.0,
      "los_enu": [
        -0.550217,
        0.632953,
        0.544639
      ],
      "passed_health": false
    },
    "GPS_004": {
      "elev_deg": 6.0,
      "azim_deg": 283.583,
      "los_enu": [
        -0.966704,
        0.233573,
        0.104528
      ],
      "passed_health": false
    },
    "GPS_010": {
      "elev_deg": 21.0,
      "azim_deg": 141.0,
      "los_enu": [
        0.587521,
        -0.725528,
        0.358368
      ],
      "passed_health": false
    },
    "GPS_016": {
      "elev_deg": 12.0,
      "azim_deg": 178.0,
      "los_enu": [
        0.034137,
        -0.977552,
        0.207912
      ],
      "passed_health": false
    },
    "GPS_025": {
      "elev_deg": 20.0,
      "azim_deg": 50.0,
      "los_enu": [
        0.719846,
        0.604023,
        0.34202
      ],
      "passed_health": false
    },
    "GPS_026": {
      "elev_deg": 38.0,
      "azim_deg": 162.0,
      "los_enu": [
        0.243509,
        -0.749443,
        0.615661
      ],
      "passed_health": false
    },
    "GPS_028": {
      "elev_deg": 62.0,
      "azim_deg": 33.0,
      "los_enu": [
        0.255693,
        0.393732,
        0.882948
      ],
      "passed_health": false
    },
    "GPS_031": {
      "elev_deg": 81.0,
      "azim_deg": 277.0,
      "los_enu": [
        -0.155268,
        0.019065,
        0.987688
      ],
      "passed_health": true
    },
    "GPS_032": {
      "elev_deg": 41.0,
      "azim_deg": 67.0,
      "los_enu": [
        0.694714,
        0.294889,
        0.656059
      ],
      "passed_health": false
    }
  }
}