{
  "label": "pushpull_W2",
  "capture_start_utc": "2026-06-29T17:13:38.604797+00:00",
  "rtcm_file": "pushpull_W2-260629-171338Z.rtcm",
  "rate_hz": 10,
  "duration_sec": 12,
  "ref_sat": "GPS_029",
  "satellites": {
    "BDS_013": {
      "elev_deg": 23.0,
      "azim_deg": 313.0,
      "los_enu": [
        -0.673215,
        0.627783,
        0.390731
      ],
      "passed_health": false
    },
    "BDS_014": {
      "elev_deg": 76.0,
      "azim_deg": 71.0,
      "los_enu": [
        0.228742,
        0.078762,
        0.970296
      ],
      "passed_health": true
    },
    "BDS_021": {
      "elev_deg": 51.0,
      "azim_deg": 46.0,
      "los_enu": [
        0.452695,
        0.437163,
        0.777146
      ],
      "passed_health": false
    },
    "BDS_022": {
      "elev_deg": 2.0,
      "azim_deg": 38.0,
      "los_enu": [
        0.615286,
        0.787531,
        0.034899
      ],
      "passed_health": false
    },
    "BDS_031": {
      "elev_deg": 16.0,
      "azim_deg": 125.0,
      "los_enu": [
        0.787419,
        -0.551357,
        0.275637
      ],
      "passed_health": false
    },
    "BDS_033": {
      "elev_deg": 18.0,
      "azim_deg": 213.0,
      "los_enu": [
        -0.517983,
        -0.797623,
        0.309017
      ],
      "passed_health": false
    },
    "BDS_034": {
      "elev_deg": 67.0,
      "azim_deg": 107.0,
      "los_enu": [
        0.373658,
        -0.114239,
        0.920505
      ],
      "passed_health": true
    },
    "BDS_038": {
      "elev_deg": 48.0,
      "azim_deg": 318.0,
      "los_enu": [
        -0.447736,
        0.497261,
        0.743145
      ],
      "passed_health": false
    },
    "BDS_042": {
      "elev_deg": 73.0,
      "azim_deg": 192.0,
      "los_enu": [
        -0.060787,
        -0.285983,
        0.956305
      ],
      "passed_health": true
    },
    "GPS_005": {
      "elev_deg": 42.0,
      "azim_deg": 40.0,
      "los_enu": [
        0.477684,
        0.569282,
        0.669131
      ],
      "passed_health": false
    },
    "GPS_010": {
      "elev_deg": 3.0,
      "azim_deg": 240.0,
      "los_enu": [
        -0.864839,
        -0.499315,
        0.052336
      ],
      "passed_health": false
    },
    "GPS_011": {
      "elev_deg": 4.0,
      "azim_deg": 98.0,
      "los_enu": [
        0.987856,
        -0.138834,
        0.069756
      ],
      "passed_health": false
    },
    "GPS_015": {
      "elev_deg": 63.636,
      "azim_deg": 144.364,
      "los_enu": [
        0.258731,
        -0.360907,
        0.895994
      ],
      "passed_health": false
    },
    "GPS_016": {
      "elev_deg": 3.0,
      "azim_deg": 320.455,
      "los_enu": [
        -0.635818,
        0.770063,
        0.052336
      ],
      "passed_health": false
    },
    "GPS_018": {
      "elev_deg": 42.364,
      "azim_deg": 315.0,
      "los_enu": [
        -0.522469,
        0.522469,
        0.673834
      ],
      "passed_health": false
    },
    "GPS_020": {
      "elev_deg": 52.818,
      "azim_deg": 83.636,
      "los_enu": [
        0.600623,
        0.066984,
        0.796722
      ],
      "passed_health": true
    },
    "GPS_021": {
      "elev_deg": 11.909,
      "azim_deg": 50.091,
      "los_enu": [
        0.750553,
        0.627762,
        0.206359
      ],
      "passed_health": false
    },
    "GPS_023": {
      "elev_deg": 32.0,
      "azim_deg": 251.0,
      "los_enu": [
        -0.801845,
        -0.276097,
        0.529919
      ],
      "passed_health": false
    },
    "GPS_024": {
      "elev_deg": 1.0,
      "azim_deg": 153.0,
      "los_enu": [
        0.453921,
        -0.890871,
        0.017452
      ],
      "passed_health": false
    },
    "GPS_025": {
      "elev_deg": 10.0,
      "azim_deg": 210.0,
      "los_enu": [
        -0.492404,
        -0.852869,
        0.173648
      ],
      "passed_health": false
    },
    "GPS_026": {
      "elev_deg": 8.0,
      "azim_deg": 295.0,
      "los_enu": [
        -0.897488,
        0.418505,
        0.139173
      ],
      "passed_health": false
    },
    "GPS_029": {
      "elev_deg": 79.0,
      "azim_deg": 221.0,
      "los_enu": [
        -0.125182,
        -0.144005,
        0.981627
      ],
      "passed_health": true
    }
  }
}