{
  "label": "push_W1",
  "capture_start_utc": "2026-07-01T00:40:33.255600+00:00",
  "rtcm_file": "push_W1-260701-004033Z.rtcm",
  "rate_hz": 10,
  "duration_sec": 12,
  "ref_sat": "GPS_031",
  "satellites": {
    "BDS_023": {
      "elev_deg": 17.0,
      "azim_deg": 209.0,
      "los_enu": [
        -0.463626,
        -0.836403,
        0.292372
      ],
      "passed_health": false
    },
    "BDS_024": {
      "elev_deg": 48.0,
      "azim_deg": 54.0,
      "los_enu": [
        0.541338,
        0.393305,
        0.743145
      ],
      "passed_health": false
    },
    "BDS_025": {
      "elev_deg": 63.0,
      "azim_deg": 188.0,
      "los_enu": [
        -0.063183,
        -0.449572,
        0.891007
      ],
      "passed_health": false
    },
    "BDS_026": {
      "elev_deg": 4.0,
      "azim_deg": 40.0,
      "los_enu": [
        0.641222,
        0.764178,
        0.069756
      ],
      "passed_health": false
    },
    "BDS_027": {
      "elev_deg": 3.0,
      "azim_deg": 270.0,
      "los_enu": [
        -0.99863,
        -0.0,
        0.052336
      ],
      "passed_health": false
    },
    "BDS_028": {
      "elev_deg": 1.0,
      "azim_deg": 231.0,
      "los_enu": [
        -0.777028,
        -0.629225,
        0.017452
      ],
      "passed_health": false
    },
    "BDS_033": {
      "elev_deg": 67.0,
      "azim_deg": 77.0,
      "los_enu": [
        0.380717,
        0.087895,
        0.920505
      ],
      "passed_health": true
    },
    "BDS_041": {
      "elev_deg": 48.0,
      "azim_deg": 325.0,
      "los_enu": [
        -0.383798,
        0.54812,
        0.743145
      ],
      "passed_health": false
    },
    "BDS_042": {
      "elev_deg": 17.0,
      "azim_deg": 116.0,
      "los_enu": [
        0.859521,
        -0.419216,
        0.292372
      ],
      "passed_health": false
    },
    "GPS_001": {
      "elev_deg": 30.0,
      "azim_deg": 258.0,
      "los_enu": [
        -0.847101,
        -0.180057,
        0.5
      ],
      "passed_health": false
    },
    "GPS_002": {
      "elev_deg": 19.0,
      "azim_deg": 232.0,
      "los_enu": [
        -0.745079,
        -0.582119,
        0.325568
      ],
      "passed_health": false
    },
    "GPS_003": {
      "elev_deg": 42.909,
      "azim_deg": 317.0,
      "los_enu": [
        -0.499519,
        0.535669,
        0.680837
      ],
      "passed_health": false
    },
    "GPS_004": {
      "elev_deg": 11.818,
      "azim_deg": 290.818,
      "los_enu": [
        -0.914899,
        0.34787,
        0.204807
      ],
      "passed_health": false
    },
    "GPS_010": {
      "elev_deg": 12.727,
      "azim_deg": 145.273,
      "los_enu": [
        0.555674,
        -0.801679,
        0.220311
      ],
      "passed_health": false
    },
    "GPS_016": {
      "elev_deg": 20.0,
      "azim_deg": 175.0,
      "los_enu": [
        0.0819,
        -0.936117,
        0.34202
      ],
      "passed_health": false
    },
    "GPS_025": {
      "elev_deg": 14.0,
      "azim_deg": 43.0,
      "los_enu": [
        0.66174,
        0.709629,
        0.241922
      ],
      "passed_health": false
    },
    "GPS_026": {
      "elev_deg": 47.0,
      "azim_deg": 156.0,
      "los_enu": [
        0.277394,
        -0.623037,
        0.731354
      ],
      "passed_health": false
    },
    "GPS_028": {
      "elev_deg": 52.0,
      "azim_deg": 36.0,
      "los_enu": [
        0.361877,
        0.498081,
        0.788011
      ],
      "passed_health": false
    },
    "GPS_031": {
      "elev_deg": 79.0,
      "azim_deg": 341.0,
      "los_enu": [
        -0.062121,
        0.180413,
        0.981627
      ],
      "passed_health": true
    },
    "GPS_032": {
      "elev_deg": 36.0,
      "azim_deg": 77.0,
      "los_enu": [
        0.788282,
        0.181989,
        0.587785
      ],
      "passed_health": false
    }
  }
}