{
  "label": "push_W2",
  "capture_start_utc": "2026-07-21T23:41:54.170385+00:00",
  "rtcm_file": "push_W2-260721-234154Z.rtcm",
  "rate_hz": 10,
  "duration_sec": 12,
  "ref_sat": "BDS_025",
  "satellites": {
    "BDS_023": {
      "elev_deg": 26.0,
      "azim_deg": 213.0,
      "los_enu": [
        -0.489518,
        -0.753792,
        0.438371
      ],
      "passed_health": false
    },
    "BDS_024": {
      "elev_deg": 39.0,
      "azim_deg": 47.0,
      "los_enu": [
        0.568369,
        0.530012,
        0.62932
      ],
      "passed_health": true
    },
    "BDS_025": {
      "elev_deg": 75.0,
      "azim_deg": 189.0,
      "los_enu": [
        -0.040488,
        -0.255633,
        0.965926
      ],
      "passed_health": true
    },
    "BDS_032": {
      "elev_deg": 6.0,
      "azim_deg": 312.0,
      "los_enu": [
        -0.739074,
        0.665465,
        0.104528
      ],
      "passed_health": false
    },
    "BDS_033": {
      "elev_deg": 62.0,
      "azim_deg": 102.0,
      "los_enu": [
        0.459212,
        -0.097609,
        0.882948
      ],
      "passed_health": true
    },
    "BDS_041": {
      "elev_deg": 58.0,
      "azim_deg": 331.0,
      "los_enu": [
        -0.25691,
        0.463478,
        0.848048
      ],
      "passed_health": true
    },
    "BDS_042": {
      "elev_deg": 10.0,
      "azim_deg": 124.0,
      "los_enu": [
        0.816443,
        -0.550698,
        0.173648
      ],
      "passed_health": false
    },
    "GPS_001": {
      "elev_deg": 23.417,
      "azim_deg": 245.417,
      "los_enu": [
        -0.834462,
        -0.381753,
        0.397415
      ],
      "passed_health": true
    },
    "GPS_002": {
      "elev_deg": 11.5,
      "azim_deg": 224.0,
      "los_enu": [
        -0.680713,
        -0.704899,
        0.199368
      ],
      "passed_health": true
    },
    "GPS_003": {
      "elev_deg": 53.417,
      "azim_deg": 308.583,
      "los_enu": [
        -0.465888,
        0.371691,
        0.802991
      ],
      "passed_health": true
    },
    "GPS_004": {
      "elev_deg": 19.333,
      "azim_deg": 299.0,
      "los_enu": [
        -0.825299,
        0.45747,
        0.331063
      ],
      "passed_health": true
    },
    "GPS_016": {
      "elev_deg": 32.25,
      "azim_deg": 171.0,
      "los_enu": [
        0.132301,
        -0.835316,
        0.533615
      ],
      "passed_health": false
    },
    "GPS_025": {
      "elev_deg": 5.0,
      "azim_deg": 37.0,
      "los_enu": [
        0.599525,
        0.795596,
        0.087156
      ],
      "passed_health": false
    },
    "GPS_026": {
      "elev_deg": 59.0,
      "azim_deg": 143.0,
      "los_enu": [
        0.309958,
        -0.411328,
        0.857167
      ],
      "passed_health": true
    },
    "GPS_028": {
      "elev_deg": 41.0,
      "azim_deg": 42.0,
      "los_enu": [
        0.504999,
        0.560859,
        0.656059
      ],
      "passed_health": true
    },
    "GPS_031": {
      "elev_deg": 68.0,
      "azim_deg": 15.0,
      "los_enu": [
        0.096955,
        0.361842,
        0.927184
      ],
      "passed_health": true
    },
    "GPS_032": {
      "elev_deg": 28.0,
      "azim_deg": 90.0,
      "los_enu": [
        0.882948,
        0.0,
        0.469472
      ],
      "passed_health": true
    }
  }
}