{
  "label": "push_W2",
  "capture_start_utc": "2026-07-14T22:48:02.905556+00:00",
  "rtcm_file": "push_W2-260714-224802Z.rtcm",
  "rate_hz": 10,
  "duration_sec": 12,
  "ref_sat": "GPS_028",
  "satellites": {
    "BDS_013": {
      "elev_deg": 10.0,
      "azim_deg": 222.0,
      "los_enu": [
        -0.658965,
        -0.731855,
        0.173648
      ],
      "passed_health": false
    },
    "BDS_014": {
      "elev_deg": 11.0,
      "azim_deg": 104.0,
      "los_enu": [
        0.952469,
        -0.237477,
        0.190809
      ],
      "passed_health": false
    },
    "BDS_024": {
      "elev_deg": 59.0,
      "azim_deg": 88.0,
      "los_enu": [
        0.514724,
        0.017975,
        0.857167
      ],
      "passed_health": true
    },
    "BDS_025": {
      "elev_deg": 38.0,
      "azim_deg": 186.0,
      "los_enu": [
        -0.08237,
        -0.783694,
        0.615661
      ],
      "passed_health": false
    },
    "BDS_026": {
      "elev_deg": 22.0,
      "azim_deg": 45.0,
      "los_enu": [
        0.655618,
        0.655618,
        0.374607
      ],
      "passed_health": false
    },
    "BDS_027": {
      "elev_deg": 10.0,
      "azim_deg": 290.0,
      "los_enu": [
        -0.925417,
        0.336824,
        0.173648
      ],
      "passed_health": false
    },
    "BDS_028": {
      "elev_deg": 15.0,
      "azim_deg": 249.0,
      "los_enu": [
        -0.901769,
        -0.346157,
        0.258819
      ],
      "passed_health": false
    },
    "BDS_033": {
      "elev_deg": 65.0,
      "azim_deg": 13.0,
      "los_enu": [
        0.095068,
        0.411787,
        0.906308
      ],
      "passed_health": true
    },
    "BDS_038": {
      "elev_deg": 2.0,
      "azim_deg": 200.0,
      "los_enu": [
        -0.341812,
        -0.93912,
        0.034899
      ],
      "passed_health": false
    },
    "BDS_041": {
      "elev_deg": 30.0,
      "azim_deg": 311.0,
      "los_enu": [
        -0.653598,
        0.568164,
        0.5
      ],
      "passed_health": false
    },
    "BDS_042": {
      "elev_deg": 32.0,
      "azim_deg": 94.0,
      "los_enu": [
        0.845982,
        -0.059157,
        0.529919
      ],
      "passed_health": false
    },
    "GPS_001": {
      "elev_deg": 34.0,
      "azim_deg": 289.0,
      "los_enu": [
        -0.78387,
        0.269908,
        0.559193
      ],
      "passed_health": true
    },
    "GPS_002": {
      "elev_deg": 35.0,
      "azim_deg": 257.0,
      "los_enu": [
        -0.798157,
        -0.184269,
        0.573576
      ],
      "passed_health": true
    },
    "GPS_003": {
      "elev_deg": 18.0,
      "azim_deg": 318.0,
      "los_enu": [
        -0.636381,
        0.706773,
        0.309017
      ],
      "passed_health": false
    },
    "GPS_010": {
      "elev_deg": 35.0,
      "azim_deg": 131.0,
      "los_enu": [
        0.618222,
        -0.537412,
        0.573576
      ],
      "passed_health": false
    },
    "GPS_012": {
      "elev_deg": 3.0,
      "azim_deg": 37.0,
      "los_enu": [
        0.60099,
        0.797541,
        0.052336
      ],
      "passed_health": false
    },
    "GPS_013": {
      "elev_deg": 3.0,
      "azim_deg": 35.0,
      "los_enu": [
        0.57279,
        0.818029,
        0.052336
      ],
      "passed_health": false
    },
    "GPS_016": {
      "elev_deg": 0.0,
      "azim_deg": 184.0,
      "los_enu": [
        -0.069756,
        -0.997564,
        0.0
      ],
      "passed_health": false
    },
    "GPS_023": {
      "elev_deg": 2.0,
      "azim_deg": 135.0,
      "los_enu": [
        0.706676,
        -0.706676,
        0.034899
      ],
      "passed_health": false
    },
    "GPS_025": {
      "elev_deg": 25.0,
      "azim_deg": 64.0,
      "los_enu": [
        0.814584,
        0.397299,
        0.422618
      ],
      "passed_health": true
    },
    "GPS_026": {
      "elev_deg": 23.0,
      "azim_deg": 169.0,
      "los_enu": [
        0.175641,
        -0.903593,
        0.390731
      ],
      "passed_health": false
    },
    "GPS_028": {
      "elev_deg": 77.0,
      "azim_deg": 33.0,
      "los_enu": [
        0.122517,
        0.18866,
        0.97437
      ],
      "passed_health": true
    },
    "GPS_031": {
      "elev_deg": 69.0,
      "azim_deg": 224.0,
      "los_enu": [
        -0.248943,
        -0.257788,
        0.93358
      ],
      "passed_health": false
    },
    "GPS_032": {
      "elev_deg": 49.0,
      "azim_deg": 48.0,
      "los_enu": [
        0.487547,
        0.438989,
        0.75471
      ],
      "passed_health": false
    }
  }
}