{
  "label": "push_W3",
  "capture_start_utc": "2026-07-14T23:03:02.859292+00:00",
  "rtcm_file": "push_W3-260714-230302Z.rtcm",
  "rate_hz": 10,
  "duration_sec": 12,
  "ref_sat": "GPS_031",
  "satellites": {
    "BDS_013": {
      "elev_deg": 6.0,
      "azim_deg": 217.0,
      "los_enu": [
        -0.598518,
        -0.794261,
        0.104528
      ],
      "passed_health": false
    },
    "BDS_014": {
      "elev_deg": 7.0,
      "azim_deg": 109.0,
      "los_enu": [
        0.938471,
        -0.323141,
        0.121869
      ],
      "passed_health": false
    },
    "BDS_023": {
      "elev_deg": 1.636,
      "azim_deg": 206.0,
      "los_enu": [
        -0.438192,
        -0.898428,
        0.028556
      ],
      "passed_health": false
    },
    "BDS_024": {
      "elev_deg": 58.0,
      "azim_deg": 76.455,
      "los_enu": [
        0.515179,
        0.124116,
        0.848048
      ],
      "passed_health": true
    },
    "BDS_025": {
      "elev_deg": 44.818,
      "azim_deg": 187.0,
      "los_enu": [
        -0.086448,
        -0.70406,
        0.704859
      ],
      "passed_health": false
    },
    "BDS_026": {
      "elev_deg": 17.636,
      "azim_deg": 42.636,
      "los_enu": [
        0.645507,
        0.70109,
        0.302975
      ],
      "passed_health": false
    },
    "BDS_027": {
      "elev_deg": 9.0,
      "azim_deg": 284.727,
      "los_enu": [
        -0.95524,
        0.251089,
        0.156434
      ],
      "passed_health": false
    },
    "BDS_028": {
      "elev_deg": 11.818,
      "azim_deg": 244.818,
      "los_enu": [
        -0.885779,
        -0.416473,
        0.204807
      ],
      "passed_health": false
    },
    "BDS_033": {
      "elev_deg": 67.0,
      "azim_deg": 27.0,
      "los_enu": [
        0.177388,
        0.348144,
        0.920505
      ],
      "passed_health": true
    },
    "BDS_041": {
      "elev_deg": 34.0,
      "azim_deg": 315.0,
      "los_enu": [
        -0.586218,
        0.586218,
        0.559193
      ],
      "passed_health": false
    },
    "BDS_042": {
      "elev_deg": 28.0,
      "azim_deg": 100.0,
      "los_enu": [
        0.869534,
        -0.153322,
        0.469472
      ],
      "passed_health": false
    },
    "GPS_001": {
      "elev_deg": 35.0,
      "azim_deg": 280.0,
      "los_enu": [
        -0.806707,
        0.142244,
        0.573576
      ],
      "passed_health": true
    },
    "GPS_002": {
      "elev_deg": 31.0,
      "azim_deg": 249.0,
      "los_enu": [
        -0.800235,
        -0.307181,
        0.515038
      ],
      "passed_health": false
    },
    "GPS_003": {
      "elev_deg": 25.0,
      "azim_deg": 319.0,
      "los_enu": [
        -0.594591,
        0.683999,
        0.422618
      ],
      "passed_health": false
    },
    "GPS_004": {
      "elev_deg": 1.0,
      "azim_deg": 277.0,
      "los_enu": [
        -0.992395,
        0.121851,
        0.017452
      ],
      "passed_health": false
    },
    "GPS_010": {
      "elev_deg": 29.0,
      "azim_deg": 136.0,
      "los_enu": [
        0.607562,
        -0.629149,
        0.48481
      ],
      "passed_health": false
    },
    "GPS_012": {
      "elev_deg": 0.0,
      "azim_deg": 32.0,
      "los_enu": [
        0.529919,
        0.848048,
        0.0
      ],
      "passed_health": false
    },
    "GPS_016": {
      "elev_deg": 5.0,
      "azim_deg": 181.0,
      "los_enu": [
        -0.017386,
        -0.996043,
        0.087156
      ],
      "passed_health": false
    },
    "GPS_025": {
      "elev_deg": 23.0,
      "azim_deg": 57.0,
      "los_enu": [
        0.772,
        0.501343,
        0.390731
      ],
      "passed_health": false
    },
    "GPS_026": {
      "elev_deg": 30.0,
      "azim_deg": 166.0,
      "los_enu": [
        0.209511,
        -0.840301,
        0.5
      ],
      "passed_health": false
    },
    "GPS_028": {
      "elev_deg": 70.0,
      "azim_deg": 31.0,
      "los_enu": [
        0.176153,
        0.293168,
        0.939693
      ],
      "passed_health": false
    },
    "GPS_031": {
      "elev_deg": 76.0,
      "azim_deg": 239.0,
      "los_enu": [
        -0.207368,
        -0.124599,
        0.970296
      ],
      "passed_health": true
    },
    "GPS_032": {
      "elev_deg": 45.0,
      "azim_deg": 57.0,
      "los_enu": [
        0.59303,
        0.385118,
        0.707107
      ],
      "passed_health": true
    }
  }
}