{
  "label": "pushpull_W3",
  "capture_start_utc": "2026-07-01T01:12:39.312554+00:00",
  "rtcm_file": "pushpull_W3-260701-011239Z.rtcm",
  "rate_hz": 10,
  "duration_sec": 12,
  "ref_sat": "BDS_025",
  "satellites": {
    "BDS_023": {
      "elev_deg": 29.0,
      "azim_deg": 214.0,
      "los_enu": [
        -0.489081,
        -0.725093,
        0.48481
      ],
      "passed_health": false
    },
    "BDS_024": {
      "elev_deg": 37.0,
      "azim_deg": 46.0,
      "los_enu": [
        0.57449,
        0.554779,
        0.601815
      ],
      "passed_health": true
    },
    "BDS_025": {
      "elev_deg": 78.0,
      "azim_deg": 186.0,
      "los_enu": [
        -0.021733,
        -0.206773,
        0.978148
      ],
      "passed_health": true
    },
    "BDS_032": {
      "elev_deg": 8.0,
      "azim_deg": 313.0,
      "los_enu": [
        -0.724236,
        0.675361,
        0.139173
      ],
      "passed_health": false
    },
    "BDS_033": {
      "elev_deg": 60.0,
      "azim_deg": 106.0,
      "los_enu": [
        0.480631,
        -0.137819,
        0.866025
      ],
      "passed_health": true
    },
    "BDS_041": {
      "elev_deg": 61.0,
      "azim_deg": 332.0,
      "los_enu": [
        -0.227604,
        0.428061,
        0.87462
      ],
      "passed_health": true
    },
    "BDS_042": {
      "elev_deg": 8.0,
      "azim_deg": 125.0,
      "los_enu": [
        0.81118,
        -0.567994,
        0.139173
      ],
      "passed_health": false
    },
    "GPS_001": {
      "elev_deg": 22.0,
      "azim_deg": 244.0,
      "los_enu": [
        -0.833347,
        -0.406451,
        0.374607
      ],
      "passed_health": true
    },
    "GPS_002": {
      "elev_deg": 10.0,
      "azim_deg": 222.0,
      "los_enu": [
        -0.658965,
        -0.731855,
        0.173648
      ],
      "passed_health": true
    },
    "GPS_003": {
      "elev_deg": 55.0,
      "azim_deg": 306.0,
      "los_enu": [
        -0.464033,
        0.33714,
        0.819152
      ],
      "passed_health": true
    },
    "GPS_004": {
      "elev_deg": 21.0,
      "azim_deg": 301.0,
      "los_enu": [
        -0.800235,
        0.480829,
        0.358368
      ],
      "passed_health": false
    },
    "GPS_016": {
      "elev_deg": 35.0,
      "azim_deg": 170.0,
      "los_enu": [
        0.142244,
        -0.806707,
        0.573576
      ],
      "passed_health": false
    },
    "GPS_025": {
      "elev_deg": 3.0,
      "azim_deg": 36.0,
      "los_enu": [
        0.58698,
        0.807908,
        0.052336
      ],
      "passed_health": false
    },
    "GPS_026": {
      "elev_deg": 61.0,
      "azim_deg": 138.0,
      "los_enu": [
        0.324401,
        -0.360284,
        0.87462
      ],
      "passed_health": true
    },
    "GPS_028": {
      "elev_deg": 39.0,
      "azim_deg": 43.0,
      "los_enu": [
        0.530012,
        0.568369,
        0.62932
      ],
      "passed_health": true
    },
    "GPS_031": {
      "elev_deg": 66.0,
      "azim_deg": 18.0,
      "los_enu": [
        0.125689,
        0.38683,
        0.913545
      ],
      "passed_health": true
    },
    "GPS_032": {
      "elev_deg": 27.0,
      "azim_deg": 92.0,
      "los_enu": [
        0.890464,
        -0.031096,
        0.45399
      ],
      "passed_health": true
    }
  }
}