{
  "label": "push_W3",
  "capture_start_utc": "2026-07-15T00:16:50.014919+00:00",
  "rtcm_file": "push_W3-260715-001650Z.rtcm",
  "rate_hz": 10,
  "duration_sec": 12,
  "ref_sat": "BDS_025",
  "satellites": {
    "BDS_023": {
      "elev_deg": 29.0,
      "azim_deg": 215.0,
      "los_enu": [
        -0.501661,
        -0.716447,
        0.48481
      ],
      "passed_health": false
    },
    "BDS_024": {
      "elev_deg": 37.0,
      "azim_deg": 46.0,
      "los_enu": [
        0.57449,
        0.554779,
        0.601815
      ],
      "passed_health": true
    },
    "BDS_025": {
      "elev_deg": 78.0,
      "azim_deg": 187.0,
      "los_enu": [
        -0.025338,
        -0.206362,
        0.978148
      ],
      "passed_health": true
    },
    "BDS_032": {
      "elev_deg": 8.0,
      "azim_deg": 313.0,
      "los_enu": [
        -0.724236,
        0.675361,
        0.139173
      ],
      "passed_health": false
    },
    "BDS_033": {
      "elev_deg": 60.0,
      "azim_deg": 108.0,
      "los_enu": [
        0.475528,
        -0.154508,
        0.866025
      ],
      "passed_health": true
    },
    "BDS_041": {
      "elev_deg": 61.0,
      "azim_deg": 332.0,
      "los_enu": [
        -0.227604,
        0.428061,
        0.87462
      ],
      "passed_health": false
    },
    "BDS_042": {
      "elev_deg": 8.0,
      "azim_deg": 126.0,
      "los_enu": [
        0.801144,
        -0.582065,
        0.139173
      ],
      "passed_health": false
    },
    "GPS_001": {
      "elev_deg": 22.0,
      "azim_deg": 243.0,
      "los_enu": [
        -0.826127,
        -0.420933,
        0.374607
      ],
      "passed_health": true
    },
    "GPS_002": {
      "elev_deg": 10.0,
      "azim_deg": 222.0,
      "los_enu": [
        -0.658965,
        -0.731855,
        0.173648
      ],
      "passed_health": false
    },
    "GPS_003": {
      "elev_deg": 56.0,
      "azim_deg": 306.0,
      "los_enu": [
        -0.452397,
        0.328685,
        0.829038
      ],
      "passed_health": true
    },
    "GPS_004": {
      "elev_deg": 21.0,
      "azim_deg": 301.0,
      "los_enu": [
        -0.800235,
        0.480829,
        0.358368
      ],
      "passed_health": true
    },
    "GPS_016": {
      "elev_deg": 35.0,
      "azim_deg": 170.0,
      "los_enu": [
        0.142244,
        -0.806707,
        0.573576
      ],
      "passed_health": false
    },
    "GPS_025": {
      "elev_deg": 3.0,
      "azim_deg": 36.0,
      "los_enu": [
        0.58698,
        0.807908,
        0.052336
      ],
      "passed_health": false
    },
    "GPS_026": {
      "elev_deg": 61.0,
      "azim_deg": 140.0,
      "los_enu": [
        0.31163,
        -0.371386,
        0.87462
      ],
      "passed_health": true
    },
    "GPS_028": {
      "elev_deg": 38.0,
      "azim_deg": 43.0,
      "los_enu": [
        0.537422,
        0.576315,
        0.615661
      ],
      "passed_health": true
    },
    "GPS_031": {
      "elev_deg": 66.0,
      "azim_deg": 19.0,
      "los_enu": [
        0.13242,
        0.384577,
        0.913545
      ],
      "passed_health": true
    },
    "GPS_032": {
      "elev_deg": 27.0,
      "azim_deg": 92.0,
      "los_enu": [
        0.890464,
        -0.031096,
        0.45399
      ],
      "passed_health": true
    }
  }
}