{
  "label": "push_W0",
  "capture_start_utc": "2026-07-14T22:18:02.867331+00:00",
  "rtcm_file": "push_W0-260714-221802Z.rtcm",
  "rate_hz": 10,
  "duration_sec": 12,
  "ref_sat": "GPS_028",
  "satellites": {
    "BDS_013": {
      "elev_deg": 19.0,
      "azim_deg": 230.0,
      "los_enu": [
        -0.724309,
        -0.607768,
        0.325568
      ],
      "passed_health": false
    },
    "BDS_014": {
      "elev_deg": 18.0,
      "azim_deg": 94.0,
      "los_enu": [
        0.94874,
        -0.066342,
        0.309017
      ],
      "passed_health": false
    },
    "BDS_024": {
      "elev_deg": 56.0,
      "azim_deg": 113.0,
      "los_enu": [
        0.51474,
        -0.218494,
        0.829038
      ],
      "passed_health": true
    },
    "BDS_025": {
      "elev_deg": 25.0,
      "azim_deg": 187.0,
      "los_enu": [
        -0.110451,
        -0.899552,
        0.422618
      ],
      "passed_health": false
    },
    "BDS_026": {
      "elev_deg": 30.0,
      "azim_deg": 53.0,
      "los_enu": [
        0.691639,
        0.521187,
        0.5
      ],
      "passed_health": false
    },
    "BDS_027": {
      "elev_deg": 11.0,
      "azim_deg": 302.0,
      "los_enu": [
        -0.832467,
        0.520183,
        0.190809
      ],
      "passed_health": false
    },
    "BDS_028": {
      "elev_deg": 21.0,
      "azim_deg": 260.0,
      "los_enu": [
        -0.919397,
        -0.162115,
        0.358368
      ],
      "passed_health": false
    },
    "BDS_033": {
      "elev_deg": 59.0,
      "azim_deg": 349.0,
      "los_enu": [
        -0.098274,
        0.505575,
        0.857167
      ],
      "passed_health": true
    },
    "BDS_038": {
      "elev_deg": 10.0,
      "azim_deg": 207.0,
      "los_enu": [
        -0.447093,
        -0.87747,
        0.173648
      ],
      "passed_health": false
    },
    "BDS_041": {
      "elev_deg": 22.0,
      "azim_deg": 302.0,
      "los_enu": [
        -0.786297,
        0.491333,
        0.374607
      ],
      "passed_health": false
    },
    "BDS_042": {
      "elev_deg": 38.0,
      "azim_deg": 80.0,
      "los_enu": [
        0.776039,
        0.136837,
        0.615661
      ],
      "passed_health": false
    },
    "GPS_001": {
      "elev_deg": 30.0,
      "azim_deg": 303.0,
      "los_enu": [
        -0.72631,
        0.471671,
        0.5
      ],
      "passed_health": false
    },
    "GPS_002": {
      "elev_deg": 39.0,
      "azim_deg": 273.0,
      "los_enu": [
        -0.776081,
        0.040673,
        0.62932
      ],
      "passed_health": true
    },
    "GPS_003": {
      "elev_deg": 7.0,
      "azim_deg": 314.0,
      "los_enu": [
        -0.713978,
        0.68948,
        0.121869
      ],
      "passed_health": false
    },
    "GPS_010": {
      "elev_deg": 47.0,
      "azim_deg": 118.0,
      "los_enu": [
        0.602169,
        -0.320179,
        0.731354
      ],
      "passed_health": false
    },
    "GPS_012": {
      "elev_deg": 8.0,
      "azim_deg": 47.0,
      "los_enu": [
        0.724236,
        0.675361,
        0.139173
      ],
      "passed_health": false
    },
    "GPS_023": {
      "elev_deg": 13.0,
      "azim_deg": 128.0,
      "los_enu": [
        0.767814,
        -0.599882,
        0.224951
      ],
      "passed_health": false
    },
    "GPS_025": {
      "elev_deg": 27.0,
      "azim_deg": 79.0,
      "los_enu": [
        0.874636,
        0.170012,
        0.45399
      ],
      "passed_health": true
    },
    "GPS_026": {
      "elev_deg": 12.0,
      "azim_deg": 175.0,
      "los_enu": [
        0.085251,
        -0.974425,
        0.207912
      ],
      "passed_health": false
    },
    "GPS_028": {
      "elev_deg": 86.0,
      "azim_deg": 155.0,
      "los_enu": [
        0.02948,
        -0.063221,
        0.997564
      ],
      "passed_health": true
    },
    "GPS_031": {
      "elev_deg": 54.0,
      "azim_deg": 211.0,
      "los_enu": [
        -0.302732,
        -0.50383,
        0.809017
      ],
      "passed_health": false
    },
    "GPS_032": {
      "elev_deg": 55.0,
      "azim_deg": 29.0,
      "los_enu": [
        0.278075,
        0.501661,
        0.819152
      ],
      "passed_health": true
    }
  }
}