{
  "label": "push_W1",
  "capture_start_utc": "2026-06-29T16:55:08.287842+00:00",
  "rtcm_file": "push_W1-260629-165508Z.rtcm",
  "rate_hz": 10,
  "duration_sec": 12,
  "ref_sat": "GPS_029",
  "satellites": {
    "BDS_013": {
      "elev_deg": 17.0,
      "azim_deg": 310.0,
      "los_enu": [
        -0.732572,
        0.614701,
        0.292372
      ],
      "passed_health": false
    },
    "BDS_014": {
      "elev_deg": 78.0,
      "azim_deg": 108.0,
      "los_enu": [
        0.197736,
        -0.064248,
        0.978148
      ],
      "passed_health": true
    },
    "BDS_021": {
      "elev_deg": 57.0,
      "azim_deg": 53.0,
      "los_enu": [
        0.434968,
        0.327772,
        0.838671
      ],
      "passed_health": false
    },
    "BDS_022": {
      "elev_deg": 8.0,
      "azim_deg": 38.0,
      "los_enu": [
        0.60967,
        0.780342,
        0.139173
      ],
      "passed_health": false
    },
    "BDS_023": {
      "elev_deg": 0.0,
      "azim_deg": 275.0,
      "los_enu": [
        -0.996195,
        0.087156,
        0.0
      ],
      "passed_health": false
    },
    "BDS_031": {
      "elev_deg": 22.0,
      "azim_deg": 120.0,
      "los_enu": [
        0.802965,
        -0.463592,
        0.374607
      ],
      "passed_health": false
    },
    "BDS_033": {
      "elev_deg": 11.0,
      "azim_deg": 211.0,
      "los_enu": [
        -0.505575,
        -0.841419,
        0.190809
      ],
      "passed_health": false
    },
    "BDS_034": {
      "elev_deg": 71.917,
      "azim_deg": 88.0,
      "los_enu": [
        0.310211,
        0.010833,
        0.950606
      ],
      "passed_health": true
    },
    "BDS_038": {
      "elev_deg": 41.0,
      "azim_deg": 317.0,
      "los_enu": [
        -0.514711,
        0.55196,
        0.656059
      ],
      "passed_health": false
    },
    "BDS_042": {
      "elev_deg": 64.0,
      "azim_deg": 190.0,
      "los_enu": [
        -0.076122,
        -0.431711,
        0.898794
      ],
      "passed_health": false
    },
    "GPS_005": {
      "elev_deg": 50.0,
      "azim_deg": 34.0,
      "los_enu": [
        0.359442,
        0.532895,
        0.766044
      ],
      "passed_health": false
    },
    "GPS_011": {
      "elev_deg": 10.0,
      "azim_deg": 91.0,
      "los_enu": [
        0.984658,
        -0.017187,
        0.173648
      ],
      "passed_health": false
    },
    "GPS_012": {
      "elev_deg": 3.0,
      "azim_deg": 184.0,
      "los_enu": [
        -0.069661,
        -0.996197,
        0.052336
      ],
      "passed_health": false
    },
    "GPS_013": {
      "elev_deg": 0.0,
      "azim_deg": 185.0,
      "los_enu": [
        -0.087156,
        -0.996195,
        0.0
      ],
      "passed_health": false
    },
    "GPS_015": {
      "elev_deg": 55.0,
      "azim_deg": 155.0,
      "los_enu": [
        0.242404,
        -0.519837,
        0.819152
      ],
      "passed_health": false
    },
    "GPS_018": {
      "elev_deg": 37.0,
      "azim_deg": 307.0,
      "los_enu": [
        -0.637819,
        0.480631,
        0.601815
      ],
      "passed_health": false
    },
    "GPS_020": {
      "elev_deg": 52.0,
      "azim_deg": 98.0,
      "los_enu": [
        0.60967,
        -0.085684,
        0.788011
      ],
      "passed_health": true
    },
    "GPS_021": {
      "elev_deg": 19.0,
      "azim_deg": 47.0,
      "los_enu": [
        0.691509,
        0.644842,
        0.325568
      ],
      "passed_health": false
    },
    "GPS_023": {
      "elev_deg": 26.0,
      "azim_deg": 243.0,
      "los_enu": [
        -0.800831,
        -0.408044,
        0.438371
      ],
      "passed_health": false
    },
    "GPS_025": {
      "elev_deg": 16.0,
      "azim_deg": 215.0,
      "los_enu": [
        -0.551357,
        -0.787419,
        0.275637
      ],
      "passed_health": false
    },
    "GPS_026": {
      "elev_deg": 8.0,
      "azim_deg": 302.0,
      "los_enu": [
        -0.839795,
        0.524762,
        0.139173
      ],
      "passed_health": false
    },
    "GPS_029": {
      "elev_deg": 81.0,
      "azim_deg": 275.0,
      "los_enu": [
        -0.155839,
        0.013634,
        0.987688
      ],
      "passed_health": true
    }
  }
}