{
  "label": "pushpull_W2",
  "capture_start_utc": "2026-07-21T23:44:21.278195+00:00",
  "rtcm_file": "pushpull_W2-260721-234421Z.rtcm",
  "rate_hz": 10,
  "duration_sec": 12,
  "ref_sat": "BDS_025",
  "satellites": {
    "BDS_023": {
      "elev_deg": 27.0,
      "azim_deg": 214.0,
      "los_enu": [
        -0.498245,
        -0.738678,
        0.45399
      ],
      "passed_health": false
    },
    "BDS_024": {
      "elev_deg": 38.0,
      "azim_deg": 47.0,
      "los_enu": [
        0.576315,
        0.537422,
        0.615661
      ],
      "passed_health": false
    },
    "BDS_025": {
      "elev_deg": 76.0,
      "azim_deg": 188.0,
      "los_enu": [
        -0.033669,
        -0.239568,
        0.970296
      ],
      "passed_health": true
    },
    "BDS_032": {
      "elev_deg": 7.0,
      "azim_deg": 312.0,
      "los_enu": [
        -0.737606,
        0.664143,
        0.121869
      ],
      "passed_health": false
    },
    "BDS_033": {
      "elev_deg": 61.0,
      "azim_deg": 104.0,
      "los_enu": [
        0.470409,
        -0.117286,
        0.87462
      ],
      "passed_health": true
    },
    "BDS_041": {
      "elev_deg": 59.0,
      "azim_deg": 331.0,
      "los_enu": [
        -0.249695,
        0.450462,
        0.857167
      ],
      "passed_health": false
    },
    "BDS_042": {
      "elev_deg": 9.0,
      "azim_deg": 124.0,
      "los_enu": [
        0.818831,
        -0.552308,
        0.156434
      ],
      "passed_health": false
    },
    "GPS_001": {
      "elev_deg": 23.0,
      "azim_deg": 244.0,
      "los_enu": [
        -0.827344,
        -0.403523,
        0.390731
      ],
      "passed_health": false
    },
    "GPS_002": {
      "elev_deg": 11.0,
      "azim_deg": 223.0,
      "los_enu": [
        -0.669468,
        -0.717917,
        0.190809
      ],
      "passed_health": false
    },
    "GPS_003": {
      "elev_deg": 54.0,
      "azim_deg": 307.0,
      "los_enu": [
        -0.469426,
        0.353738,
        0.809017
      ],
      "passed_health": false
    },
    "GPS_004": {
      "elev_deg": 20.0,
      "azim_deg": 300.0,
      "los_enu": [
        -0.813798,
        0.469846,
        0.34202
      ],
      "passed_health": false
    },
    "GPS_016": {
      "elev_deg": 34.0,
      "azim_deg": 171.0,
      "los_enu": [
        0.12969,
        -0.818831,
        0.559193
      ],
      "passed_health": false
    },
    "GPS_025": {
      "elev_deg": 4.0,
      "azim_deg": 36.0,
      "los_enu": [
        0.586353,
        0.807046,
        0.069756
      ],
      "passed_health": false
    },
    "GPS_026": {
      "elev_deg": 60.0,
      "azim_deg": 141.0,
      "los_enu": [
        0.31466,
        -0.388573,
        0.866025
      ],
      "passed_health": false
    },
    "GPS_028": {
      "elev_deg": 39.0,
      "azim_deg": 43.0,
      "los_enu": [
        0.530012,
        0.568369,
        0.62932
      ],
      "passed_health": false
    },
    "GPS_031": {
      "elev_deg": 67.0,
      "azim_deg": 18.0,
      "los_enu": [
        0.120743,
        0.371607,
        0.920505
      ],
      "passed_health": false
    },
    "GPS_032": {
      "elev_deg": 27.0,
      "azim_deg": 91.0,
      "los_enu": [
        0.890871,
        -0.01555,
        0.45399
      ],
      "passed_health": false
    }
  }
}