{
  "label": "star_W2",
  "capture_start_utc": "2026-07-21T23:50:59.612411+00:00",
  "rtcm_file": "star_W2-260721-235059Z.rtcm",
  "rate_hz": 10,
  "duration_sec": 12,
  "ref_sat": "BDS_025",
  "satellites": {
    "BDS_023": {
      "elev_deg": 30.0,
      "azim_deg": 215.0,
      "los_enu": [
        -0.496732,
        -0.709406,
        0.5
      ],
      "passed_health": false
    },
    "BDS_024": {
      "elev_deg": 36.0,
      "azim_deg": 46.0,
      "los_enu": [
        0.581958,
        0.56199,
        0.587785
      ],
      "passed_health": true
    },
    "BDS_025": {
      "elev_deg": 79.0,
      "azim_deg": 188.0,
      "los_enu": [
        -0.026555,
        -0.188952,
        0.981627
      ],
      "passed_health": true
    },
    "BDS_032": {
      "elev_deg": 8.0,
      "azim_deg": 313.0,
      "los_enu": [
        -0.724236,
        0.675361,
        0.139173
      ],
      "passed_health": false
    },
    "BDS_033": {
      "elev_deg": 60.0,
      "azim_deg": 109.0,
      "los_enu": [
        0.472759,
        -0.162784,
        0.866025
      ],
      "passed_health": true
    },
    "BDS_041": {
      "elev_deg": 62.0,
      "azim_deg": 332.0,
      "los_enu": [
        -0.220404,
        0.414519,
        0.882948
      ],
      "passed_health": true
    },
    "BDS_042": {
      "elev_deg": 8.0,
      "azim_deg": 126.0,
      "los_enu": [
        0.801144,
        -0.582065,
        0.139173
      ],
      "passed_health": false
    },
    "GPS_001": {
      "elev_deg": 21.0,
      "azim_deg": 242.0,
      "los_enu": [
        -0.824303,
        -0.438289,
        0.358368
      ],
      "passed_health": true
    },
    "GPS_002": {
      "elev_deg": 9.0,
      "azim_deg": 221.0,
      "los_enu": [
        -0.647982,
        -0.745418,
        0.156434
      ],
      "passed_health": true
    },
    "GPS_003": {
      "elev_deg": 57.0,
      "azim_deg": 304.0,
      "los_enu": [
        -0.451526,
        0.304558,
        0.838671
      ],
      "passed_health": true
    },
    "GPS_004": {
      "elev_deg": 22.0,
      "azim_deg": 302.0,
      "los_enu": [
        -0.786297,
        0.491333,
        0.374607
      ],
      "passed_health": true
    },
    "GPS_016": {
      "elev_deg": 37.0,
      "azim_deg": 170.0,
      "los_enu": [
        0.138682,
        -0.786502,
        0.601815
      ],
      "passed_health": false
    },
    "GPS_025": {
      "elev_deg": 2.0,
      "azim_deg": 36.0,
      "los_enu": [
        0.587427,
        0.808524,
        0.034899
      ],
      "passed_health": false
    },
    "GPS_026": {
      "elev_deg": 62.0,
      "azim_deg": 136.0,
      "los_enu": [
        0.326122,
        -0.33771,
        0.882948
      ],
      "passed_health": true
    },
    "GPS_028": {
      "elev_deg": 37.0,
      "azim_deg": 44.0,
      "los_enu": [
        0.554779,
        0.57449,
        0.601815
      ],
      "passed_health": true
    },
    "GPS_031": {
      "elev_deg": 64.0,
      "azim_deg": 21.0,
      "los_enu": [
        0.157098,
        0.409255,
        0.898794
      ],
      "passed_health": true
    },
    "GPS_032": {
      "elev_deg": 25.0,
      "azim_deg": 94.0,
      "los_enu": [
        0.9041,
        -0.063221,
        0.422618
      ],
      "passed_health": true
    }
  }
}