{
  "label": "star_W3",
  "capture_start_utc": "2026-07-14T23:05:35.063287+00:00",
  "rtcm_file": "star_W3-260714-230535Z.rtcm",
  "rate_hz": 10,
  "duration_sec": 12,
  "ref_sat": "GPS_031",
  "satellites": {
    "BDS_013": {
      "elev_deg": 6.0,
      "azim_deg": 216.0,
      "los_enu": [
        -0.584565,
        -0.804585,
        0.104528
      ],
      "passed_health": false
    },
    "BDS_014": {
      "elev_deg": 7.0,
      "azim_deg": 110.0,
      "los_enu": [
        0.932688,
        -0.339471,
        0.121869
      ],
      "passed_health": false
    },
    "BDS_023": {
      "elev_deg": 3.0,
      "azim_deg": 206.0,
      "los_enu": [
        -0.43777,
        -0.897562,
        0.052336
      ],
      "passed_health": false
    },
    "BDS_024": {
      "elev_deg": 57.0,
      "azim_deg": 74.0,
      "los_enu": [
        0.523541,
        0.150123,
        0.838671
      ],
      "passed_health": true
    },
    "BDS_025": {
      "elev_deg": 46.0,
      "azim_deg": 187.0,
      "los_enu": [
        -0.084658,
        -0.68948,
        0.71934
      ],
      "passed_health": false
    },
    "BDS_026": {
      "elev_deg": 17.0,
      "azim_deg": 42.0,
      "los_enu": [
        0.639893,
        0.710673,
        0.292372
      ],
      "passed_health": false
    },
    "BDS_027": {
      "elev_deg": 8.0,
      "azim_deg": 284.0,
      "los_enu": [
        -0.960853,
        0.239568,
        0.139173
      ],
      "passed_health": false
    },
    "BDS_028": {
      "elev_deg": 10.0,
      "azim_deg": 243.0,
      "los_enu": [
        -0.87747,
        -0.447093,
        0.173648
      ],
      "passed_health": false
    },
    "BDS_033": {
      "elev_deg": 67.0,
      "azim_deg": 31.0,
      "los_enu": [
        0.201241,
        0.334922,
        0.920505
      ],
      "passed_health": true
    },
    "BDS_041": {
      "elev_deg": 35.0,
      "azim_deg": 315.636,
      "los_enu": [
        -0.572759,
        0.585625,
        0.573576
      ],
      "passed_health": false
    },
    "BDS_042": {
      "elev_deg": 27.364,
      "azim_deg": 100.636,
      "los_enu": [
        0.872848,
        -0.163923,
        0.459636
      ],
      "passed_health": false
    },
    "GPS_001": {
      "elev_deg": 34.0,
      "azim_deg": 279.0,
      "los_enu": [
        -0.818831,
        0.12969,
        0.559193
      ],
      "passed_health": true
    },
    "GPS_002": {
      "elev_deg": 31.0,
      "azim_deg": 248.0,
      "los_enu": [
        -0.794752,
        -0.321101,
        0.515038
      ],
      "passed_health": false
    },
    "GPS_003": {
      "elev_deg": 26.0,
      "azim_deg": 319.0,
      "los_enu": [
        -0.589662,
        0.678328,
        0.438371
      ],
      "passed_health": false
    },
    "GPS_004": {
      "elev_deg": 2.0,
      "azim_deg": 278.0,
      "los_enu": [
        -0.989665,
        0.139088,
        0.034899
      ],
      "passed_health": false
    },
    "GPS_010": {
      "elev_deg": 28.0,
      "azim_deg": 136.0,
      "los_enu": [
        0.613347,
        -0.635139,
        0.469472
      ],
      "passed_health": false
    },
    "GPS_016": {
      "elev_deg": 6.0,
      "azim_deg": 181.0,
      "los_enu": [
        -0.017357,
        -0.99437,
        0.104528
      ],
      "passed_health": false
    },
    "GPS_025": {
      "elev_deg": 23.0,
      "azim_deg": 56.0,
      "los_enu": [
        0.763133,
        0.51474,
        0.390731
      ],
      "passed_health": false
    },
    "GPS_026": {
      "elev_deg": 31.0,
      "azim_deg": 166.0,
      "los_enu": [
        0.207368,
        -0.831706,
        0.515038
      ],
      "passed_health": false
    },
    "GPS_028": {
      "elev_deg": 69.0,
      "azim_deg": 31.0,
      "los_enu": [
        0.184573,
        0.307181,
        0.93358
      ],
      "passed_health": false
    },
    "GPS_031": {
      "elev_deg": 77.0,
      "azim_deg": 242.0,
      "los_enu": [
        -0.19862,
        -0.105608,
        0.97437
      ],
      "passed_health": true
    },
    "GPS_032": {
      "elev_deg": 45.0,
      "azim_deg": 58.0,
      "los_enu": [
        0.599661,
        0.37471,
        0.707107
      ],
      "passed_health": true
    }
  }
}