{
  "label": "star_W1",
  "capture_start_utc": "2026-06-26T15:19:54.089297+00:00",
  "rtcm_file": "star_W1-260626-151954Z.rtcm",
  "rate_hz": 10,
  "duration_sec": 12,
  "ref_sat": "GPS_005",
  "satellites": {
    "BDS_011": {
      "elev_deg": 6.0,
      "azim_deg": 291.0,
      "los_enu": [
        -0.928466,
        0.356405,
        0.104528
      ],
      "passed_health": false
    },
    "BDS_013": {
      "elev_deg": 10.0,
      "azim_deg": 95.0,
      "los_enu": [
        0.98106,
        -0.085832,
        0.173648
      ],
      "passed_health": false
    },
    "BDS_027": {
      "elev_deg": 64.0,
      "azim_deg": 22.0,
      "los_enu": [
        0.164217,
        0.406451,
        0.898794
      ],
      "passed_health": false
    },
    "BDS_028": {
      "elev_deg": 35.0,
      "azim_deg": 82.0,
      "los_enu": [
        0.81118,
        0.114004,
        0.573576
      ],
      "passed_health": false
    },
    "BDS_030": {
      "elev_deg": 30.0,
      "azim_deg": 303.0,
      "los_enu": [
        -0.72631,
        0.471671,
        0.5
      ],
      "passed_health": false
    },
    "BDS_032": {
      "elev_deg": 31.0,
      "azim_deg": 174.0,
      "los_enu": [
        0.089598,
        -0.852472,
        0.515038
      ],
      "passed_health": false
    },
    "BDS_033": {
      "elev_deg": 22.0,
      "azim_deg": 45.0,
      "los_enu": [
        0.655618,
        0.655618,
        0.374607
      ],
      "passed_health": false
    },
    "BDS_036": {
      "elev_deg": 15.0,
      "azim_deg": 296.0,
      "los_enu": [
        -0.868168,
        0.423434,
        0.258819
      ],
      "passed_health": false
    },
    "BDS_037": {
      "elev_deg": 7.0,
      "azim_deg": 193.0,
      "los_enu": [
        -0.223274,
        -0.967107,
        0.121869
      ],
      "passed_health": false
    },
    "BDS_040": {
      "elev_deg": 24.0,
      "azim_deg": 242.0,
      "los_enu": [
        -0.806613,
        -0.428884,
        0.406737
      ],
      "passed_health": false
    },
    "BDS_041": {
      "elev_deg": 53.0,
      "azim_deg": 97.0,
      "los_enu": [
        0.597329,
        -0.073343,
        0.798636
      ],
      "passed_health": true
    },
    "GPS_005": {
      "elev_deg": 78.909,
      "azim_deg": 197.909,
      "los_enu": [
        -0.059154,
        -0.183045,
        0.981323
      ],
      "passed_health": true
    },
    "GPS_006": {
      "elev_deg": 6.0,
      "azim_deg": 69.818,
      "los_enu": [
        0.933461,
        0.34311,
        0.104528
      ],
      "passed_health": false
    },
    "GPS_009": {
      "elev_deg": 0.0,
      "azim_deg": 33.364,
      "los_enu": [
        0.549951,
        0.835197,
        0.0
      ],
      "passed_health": false
    },
    "GPS_011": {
      "elev_deg": 39.0,
      "azim_deg": 50.455,
      "los_enu": [
        0.599273,
        0.494801,
        0.62932
      ],
      "passed_health": false
    },
    "GPS_012": {
      "elev_deg": 45.636,
      "azim_deg": 206.636,
      "los_enu": [
        -0.313474,
        -0.625003,
        0.714917
      ],
      "passed_health": false
    },
    "GPS_013": {
      "elev_deg": 40.727,
      "azim_deg": 210.727,
      "los_enu": [
        -0.387212,
        -0.651432,
        0.652459
      ],
      "passed_health": false
    },
    "GPS_015": {
      "elev_deg": 10.0,
      "azim_deg": 177.0,
      "los_enu": [
        0.051541,
        -0.983458,
        0.173648
      ],
      "passed_health": false
    },
    "GPS_018": {
      "elev_deg": 8.0,
      "azim_deg": 267.0,
      "los_enu": [
        -0.988911,
        -0.051827,
        0.139173
      ],
      "passed_health": false
    },
    "GPS_019": {
      "elev_deg": 4.0,
      "azim_deg": 120.0,
      "los_enu": [
        0.863916,
        -0.498782,
        0.069756
      ],
      "passed_health": false
    },
    "GPS_020": {
      "elev_deg": 19.0,
      "azim_deg": 150.0,
      "los_enu": [
        0.472759,
        -0.818843,
        0.325568
      ],
      "passed_health": false
    },
    "GPS_021": {
      "elev_deg": 63.0,
      "azim_deg": 55.0,
      "los_enu": [
        0.371887,
        0.260398,
        0.891007
      ],
      "passed_health": false
    },
    "GPS_025": {
      "elev_deg": 46.0,
      "azim_deg": 264.0,
      "los_enu": [
        -0.690853,
        -0.072612,
        0.71934
      ],
      "passed_health": true
    },
    "GPS_029": {
      "elev_deg": 35.0,
      "azim_deg": 317.0,
      "los_enu": [
        -0.55866,
        0.59909,
        0.573576
      ],
      "passed_health": false
    }
  }
}