{
  "label": "star_W0",
  "capture_start_utc": "2026-06-26T21:17:50.002534+00:00",
  "rtcm_file": "star_W0-260626-211750Z.rtcm",
  "rate_hz": 10,
  "duration_sec": 12,
  "ref_sat": "BDS_012",
  "satellites": {
    "BDS_011": {
      "elev_deg": 28.0,
      "azim_deg": 184.0,
      "los_enu": [
        -0.061591,
        -0.880797,
        0.469472
      ],
      "passed_health": false
    },
    "BDS_012": {
      "elev_deg": 61.0,
      "azim_deg": 5.917,
      "los_enu": [
        0.049975,
        0.482227,
        0.87462
      ],
      "passed_health": true
    },
    "BDS_019": {
      "elev_deg": 55.0,
      "azim_deg": 308.0,
      "los_enu": [
        -0.451984,
        0.353129,
        0.819152
      ],
      "passed_health": true
    },
    "BDS_020": {
      "elev_deg": 49.0,
      "azim_deg": 37.0,
      "los_enu": [
        0.394826,
        0.523952,
        0.75471
      ],
      "passed_health": false
    },
    "BDS_022": {
      "elev_deg": 12.0,
      "azim_deg": 267.0,
      "los_enu": [
        -0.976807,
        -0.051192,
        0.207912
      ],
      "passed_health": true
    },
    "BDS_023": {
      "elev_deg": 0.0,
      "azim_deg": 36.0,
      "los_enu": [
        0.587785,
        0.809017,
        0.0
      ],
      "passed_health": false
    },
    "BDS_029": {
      "elev_deg": 41.0,
      "azim_deg": 206.0,
      "los_enu": [
        -0.330843,
        -0.678328,
        0.656059
      ],
      "passed_health": true
    },
    "BDS_030": {
      "elev_deg": 6.0,
      "azim_deg": 168.0,
      "los_enu": [
        0.206773,
        -0.972789,
        0.104528
      ],
      "passed_health": false
    },
    "BDS_031": {
      "elev_deg": 7.0,
      "azim_deg": 322.0,
      "los_enu": [
        -0.611072,
        0.782137,
        0.121869
      ],
      "passed_health": false
    },
    "BDS_032": {
      "elev_deg": 3.0,
      "azim_deg": 70.0,
      "los_enu": [
        0.938405,
        0.341551,
        0.052336
      ],
      "passed_health": false
    },
    "BDS_035": {
      "elev_deg": 41.0,
      "azim_deg": 285.0,
      "los_enu": [
        -0.728993,
        0.195333,
        0.656059
      ],
      "passed_health": true
    },
    "BDS_036": {
      "elev_deg": 0.0,
      "azim_deg": 180.0,
      "los_enu": [
        0.0,
        -1.0,
        0.0
      ],
      "passed_health": false
    },
    "BDS_037": {
      "elev_deg": 22.0,
      "azim_deg": 79.0,
      "los_enu": [
        0.910149,
        0.176915,
        0.374607
      ],
      "passed_health": true
    },
    "BDS_040": {
      "elev_deg": 22.0,
      "azim_deg": 135.0,
      "los_enu": [
        0.655618,
        -0.655618,
        0.374607
      ],
      "passed_health": false
    },
    "GPS_002": {
      "elev_deg": 10.0,
      "azim_deg": 321.0,
      "los_enu": [
        -0.61976,
        0.765339,
        0.173648
      ],
      "passed_health": false
    },
    "GPS_010": {
      "elev_deg": 59.0,
      "azim_deg": 353.0,
      "los_enu": [
        -0.062767,
        0.511199,
        0.857167
      ],
      "passed_health": false
    },
    "GPS_018": {
      "elev_deg": 32.0,
      "azim_deg": 153.0,
      "los_enu": [
        0.385006,
        -0.755616,
        0.529919
      ],
      "passed_health": false
    },
    "GPS_023": {
      "elev_deg": 51.0,
      "azim_deg": 64.0,
      "los_enu": [
        0.565629,
        0.275876,
        0.777146
      ],
      "passed_health": true
    },
    "GPS_024": {
      "elev_deg": 25.0,
      "azim_deg": 49.0,
      "los_enu": [
        0.683999,
        0.594591,
        0.422618
      ],
      "passed_health": false
    },
    "GPS_025": {
      "elev_deg": 0.0,
      "azim_deg": 135.0,
      "los_enu": [
        0.707107,
        -0.707107,
        0.0
      ],
      "passed_health": false
    },
    "GPS_027": {
      "elev_deg": 21.0,
      "azim_deg": 258.0,
      "los_enu": [
        -0.913179,
        -0.194102,
        0.358368
      ],
      "passed_health": false
    },
    "GPS_028": {
      "elev_deg": 20.0,
      "azim_deg": 188.0,
      "los_enu": [
        -0.13078,
        -0.930548,
        0.34202
      ],
      "passed_health": false
    },
    "GPS_032": {
      "elev_deg": 57.0,
      "azim_deg": 262.0,
      "los_enu": [
        -0.539339,
        -0.075799,
        0.838671
      ],
      "passed_health": true
    }
  }
}