{
  "label": "star_W1",
  "capture_start_utc": "2026-06-29T17:05:15.863023+00:00",
  "rtcm_file": "star_W1-260629-170515Z.rtcm",
  "rate_hz": 10,
  "duration_sec": 12,
  "ref_sat": "GPS_029",
  "satellites": {
    "BDS_013": {
      "elev_deg": 20.0,
      "azim_deg": 312.0,
      "los_enu": [
        -0.698328,
        0.628777,
        0.34202
      ],
      "passed_health": false
    },
    "BDS_014": {
      "elev_deg": 78.0,
      "azim_deg": 88.0,
      "los_enu": [
        0.207785,
        0.007256,
        0.978148
      ],
      "passed_health": true
    },
    "BDS_021": {
      "elev_deg": 54.0,
      "azim_deg": 49.0,
      "los_enu": [
        0.443607,
        0.385622,
        0.809017
      ],
      "passed_health": false
    },
    "BDS_022": {
      "elev_deg": 5.0,
      "azim_deg": 38.0,
      "los_enu": [
        0.613319,
        0.785012,
        0.087156
      ],
      "passed_health": false
    },
    "BDS_031": {
      "elev_deg": 19.0,
      "azim_deg": 122.0,
      "los_enu": [
        0.801845,
        -0.501049,
        0.325568
      ],
      "passed_health": false
    },
    "BDS_033": {
      "elev_deg": 14.0,
      "azim_deg": 212.0,
      "los_enu": [
        -0.514178,
        -0.822857,
        0.241922
      ],
      "passed_health": false
    },
    "BDS_034": {
      "elev_deg": 70.0,
      "azim_deg": 98.0,
      "los_enu": [
        0.338692,
        -0.0476,
        0.939693
      ],
      "passed_health": true
    },
    "BDS_038": {
      "elev_deg": 44.0,
      "azim_deg": 318.0,
      "los_enu": [
        -0.481332,
        0.534574,
        0.694658
      ],
      "passed_health": false
    },
    "BDS_042": {
      "elev_deg": 68.0,
      "azim_deg": 191.0,
      "los_enu": [
        -0.071478,
        -0.367724,
        0.927184
      ],
      "passed_health": true
    },
    "GPS_005": {
      "elev_deg": 45.0,
      "azim_deg": 37.0,
      "los_enu": [
        0.425547,
        0.564721,
        0.707107
      ],
      "passed_health": false
    },
    "GPS_010": {
      "elev_deg": 0.0,
      "azim_deg": 237.0,
      "los_enu": [
        -0.838671,
        -0.544639,
        0.0
      ],
      "passed_health": false
    },
    "GPS_011": {
      "elev_deg": 7.0,
      "azim_deg": 95.0,
      "los_enu": [
        0.988769,
        -0.086506,
        0.121869
      ],
      "passed_health": false
    },
    "GPS_015": {
      "elev_deg": 60.0,
      "azim_deg": 150.0,
      "los_enu": [
        0.25,
        -0.433013,
        0.866025
      ],
      "passed_health": false
    },
    "GPS_016": {
      "elev_deg": 2.0,
      "azim_deg": 323.0,
      "los_enu": [
        -0.601448,
        0.798149,
        0.034899
      ],
      "passed_health": false
    },
    "GPS_018": {
      "elev_deg": 40.0,
      "azim_deg": 312.0,
      "los_enu": [
        -0.569282,
        0.512584,
        0.642788
      ],
      "passed_health": false
    },
    "GPS_020": {
      "elev_deg": 53.0,
      "azim_deg": 89.0,
      "los_enu": [
        0.601723,
        0.010503,
        0.798636
      ],
      "passed_health": true
    },
    "GPS_021": {
      "elev_deg": 15.0,
      "azim_deg": 49.0,
      "los_enu": [
        0.728993,
        0.633704,
        0.258819
      ],
      "passed_health": false
    },
    "GPS_023": {
      "elev_deg": 30.0,
      "azim_deg": 248.0,
      "los_enu": [
        -0.802965,
        -0.324419,
        0.5
      ],
      "passed_health": false
    },
    "GPS_024": {
      "elev_deg": 0.0,
      "azim_deg": 155.0,
      "los_enu": [
        0.422618,
        -0.906308,
        0.0
      ],
      "passed_health": false
    },
    "GPS_025": {
      "elev_deg": 13.0,
      "azim_deg": 212.0,
      "los_enu": [
        -0.516337,
        -0.826313,
        0.224951
      ],
      "passed_health": false
    },
    "GPS_026": {
      "elev_deg": 8.0,
      "azim_deg": 298.0,
      "los_enu": [
        -0.874355,
        0.464903,
        0.139173
      ],
      "passed_health": false
    },
    "GPS_029": {
      "elev_deg": 81.0,
      "azim_deg": 239.0,
      "los_enu": [
        -0.134091,
        -0.08057,
        0.987688
      ],
      "passed_health": true
    }
  }
}