{
  "label": "star_W3",
  "capture_start_utc": "2026-07-22T00:00:04.495678+00:00",
  "rtcm_file": "star_W3-260722-000004Z.rtcm",
  "rate_hz": 10,
  "duration_sec": 12,
  "ref_sat": "BDS_025",
  "satellites": {
    "BDS_023": {
      "elev_deg": 34.0,
      "azim_deg": 217.0,
      "los_enu": [
        -0.498927,
        -0.662099,
        0.559193
      ],
      "passed_health": false
    },
    "BDS_024": {
      "elev_deg": 32.0,
      "azim_deg": 45.0,
      "los_enu": [
        0.599661,
        0.599661,
        0.529919
      ],
      "passed_health": false
    },
    "BDS_025": {
      "elev_deg": 83.667,
      "azim_deg": 183.333,
      "los_enu": [
        -0.006414,
        -0.110126,
        0.993897
      ],
      "passed_health": true
    },
    "BDS_032": {
      "elev_deg": 11.667,
      "azim_deg": 315.0,
      "los_enu": [
        -0.692498,
        0.692498,
        0.202218
      ],
      "passed_health": false
    },
    "BDS_033": {
      "elev_deg": 56.333,
      "azim_deg": 115.667,
      "los_enu": [
        0.499661,
        -0.240113,
        0.832277
      ],
      "passed_health": false
    },
    "BDS_041": {
      "elev_deg": 65.667,
      "azim_deg": 334.0,
      "los_enu": [
        -0.180628,
        0.370343,
        0.911164
      ],
      "passed_health": false
    },
    "BDS_042": {
      "elev_deg": 4.333,
      "azim_deg": 128.667,
      "los_enu": [
        0.778562,
        -0.623003,
        0.075559
      ],
      "passed_health": false
    },
    "GPS_001": {
      "elev_deg": 18.0,
      "azim_deg": 238.0,
      "los_enu": [
        -0.806542,
        -0.503983,
        0.309017
      ],
      "passed_health": false
    },
    "GPS_002": {
      "elev_deg": 6.0,
      "azim_deg": 218.0,
      "los_enu": [
        -0.612289,
        -0.783694,
        0.104528
      ],
      "passed_health": false
    },
    "GPS_003": {
      "elev_deg": 60.0,
      "azim_deg": 297.0,
      "los_enu": [
        -0.445503,
        0.226995,
        0.866025
      ],
      "passed_health": true
    },
    "GPS_004": {
      "elev_deg": 25.0,
      "azim_deg": 305.0,
      "los_enu": [
        -0.742404,
        0.519837,
        0.422618
      ],
      "passed_health": false
    },
    "GPS_016": {
      "elev_deg": 41.0,
      "azim_deg": 168.0,
      "los_enu": [
        0.156913,
        -0.738217,
        0.656059
      ],
      "passed_health": false
    },
    "GPS_026": {
      "elev_deg": 65.0,
      "azim_deg": 127.0,
      "los_enu": [
        0.337518,
        -0.254338,
        0.906308
      ],
      "passed_health": true
    },
    "GPS_028": {
      "elev_deg": 33.0,
      "azim_deg": 46.0,
      "los_enu": [
        0.603289,
        0.58259,
        0.544639
      ],
      "passed_health": false
    },
    "GPS_029": {
      "elev_deg": 0.0,
      "azim_deg": 64.0,
      "los_enu": [
        0.898794,
        0.438371,
        0.0
      ],
      "passed_health": false
    },
    "GPS_031": {
      "elev_deg": 60.0,
      "azim_deg": 26.0,
      "los_enu": [
        0.219186,
        0.449397,
        0.866025
      ],
      "passed_health": false
    },
    "GPS_032": {
      "elev_deg": 23.0,
      "azim_deg": 98.0,
      "los_enu": [
        0.911547,
        -0.12811,
        0.390731
      ],
      "passed_health": false
    }
  }
}