{
  "label": "star_W0",
  "capture_start_utc": "2026-07-15T22:15:48.359130+00:00",
  "rtcm_file": "star_W0-260715-221548Z.rtcm",
  "rate_hz": 10,
  "duration_sec": 12,
  "ref_sat": "BDS_014",
  "satellites": {
    "BDS_013": {
      "elev_deg": 15.0,
      "azim_deg": 290.0,
      "los_enu": [
        -0.907673,
        0.330366,
        0.258819
      ],
      "passed_health": false
    },
    "BDS_014": {
      "elev_deg": 63.0,
      "azim_deg": 34.0,
      "los_enu": [
        0.253868,
        0.376375,
        0.891007
      ],
      "passed_health": true
    },
    "BDS_021": {
      "elev_deg": 46.0,
      "azim_deg": 72.0,
      "los_enu": [
        0.660659,
        0.214661,
        0.71934
      ],
      "passed_health": true
    },
    "BDS_022": {
      "elev_deg": 3.0,
      "azim_deg": 100.0,
      "los_enu": [
        0.983458,
        -0.17341,
        0.052336
      ],
      "passed_health": false
    },
    "BDS_024": {
      "elev_deg": 24.0,
      "azim_deg": 186.0,
      "los_enu": [
        -0.095492,
        -0.908541,
        0.406737
      ],
      "passed_health": false
    },
    "BDS_026": {
      "elev_deg": 56.0,
      "azim_deg": 137.0,
      "los_enu": [
        0.381369,
        -0.408968,
        0.829038
      ],
      "passed_health": false
    },
    "BDS_028": {
      "elev_deg": 4.0,
      "azim_deg": 315.0,
      "los_enu": [
        -0.705384,
        0.705384,
        0.069756
      ],
      "passed_health": false
    },
    "BDS_033": {
      "elev_deg": 13.0,
      "azim_deg": 298.0,
      "los_enu": [
        -0.860318,
        0.457439,
        0.224951
      ],
      "passed_health": false
    },
    "BDS_034": {
      "elev_deg": 10.0,
      "azim_deg": 209.0,
      "los_enu": [
        -0.477444,
        -0.861332,
        0.173648
      ],
      "passed_health": false
    },
    "BDS_038": {
      "elev_deg": 18.0,
      "azim_deg": 265.0,
      "los_enu": [
        -0.947437,
        -0.08289,
        0.309017
      ],
      "passed_health": false
    },
    "BDS_039": {
      "elev_deg": 32.0,
      "azim_deg": 55.0,
      "los_enu": [
        0.69468,
        0.48642,
        0.529919
      ],
      "passed_health": false
    },
    "BDS_042": {
      "elev_deg": 57.0,
      "azim_deg": 341.0,
      "los_enu": [
        -0.177317,
        0.514966,
        0.838671
      ],
      "passed_health": false
    },
    "GPS_001": {
      "elev_deg": 30.0,
      "azim_deg": 302.0,
      "los_enu": [
        -0.734431,
        0.458924,
        0.5
      ],
      "passed_health": false
    },
    "GPS_002": {
      "elev_deg": 38.0,
      "azim_deg": 272.0,
      "los_enu": [
        -0.787531,
        0.027501,
        0.615661
      ],
      "passed_health": true
    },
    "GPS_003": {
      "elev_deg": 8.0,
      "azim_deg": 315.0,
      "los_enu": [
        -0.700225,
        0.700225,
        0.139173
      ],
      "passed_health": false
    },
    "GPS_010": {
      "elev_deg": 46.0,
      "azim_deg": 119.0,
      "los_enu": [
        0.607562,
        -0.336777,
        0.71934
      ],
      "passed_health": false
    },
    "GPS_012": {
      "elev_deg": 8.0,
      "azim_deg": 46.0,
      "los_enu": [
        0.712339,
        0.687898,
        0.139173
      ],
      "passed_health": false
    },
    "GPS_023": {
      "elev_deg": 12.0,
      "azim_deg": 129.0,
      "los_enu": [
        0.760163,
        -0.615568,
        0.207912
      ],
      "passed_health": false
    },
    "GPS_025": {
      "elev_deg": 27.0,
      "azim_deg": 77.091,
      "los_enu": [
        0.868487,
        0.199055,
        0.45399
      ],
      "passed_health": true
    },
    "GPS_026": {
      "elev_deg": 12.818,
      "azim_deg": 174.182,
      "los_enu": [
        0.098846,
        -0.970056,
        0.221858
      ],
      "passed_health": false
    },
    "GPS_028": {
      "elev_deg": 87.0,
      "azim_deg": 137.166,
      "los_enu": [
        0.035582,
        -0.038379,
        0.99863
      ],
      "passed_health": false
    },
    "GPS_031": {
      "elev_deg": 55.364,
      "azim_deg": 211.364,
      "los_enu": [
        -0.295816,
        -0.485317,
        0.822776
      ],
      "passed_health": false
    },
    "GPS_032": {
      "elev_deg": 55.0,
      "azim_deg": 31.0,
      "los_enu": [
        0.295414,
        0.491651,
        0.819152
      ],
      "passed_health": false
    }
  }
}