{
  "label": "star_W2",
  "capture_start_utc": "2026-07-15T22:45:48.282243+00:00",
  "rtcm_file": "star_W2-260715-224548Z.rtcm",
  "rate_hz": 10,
  "duration_sec": 12,
  "ref_sat": "GPS_031",
  "satellites": {
    "BDS_013": {
      "elev_deg": 12.0,
      "azim_deg": 278.0,
      "los_enu": [
        -0.968628,
        0.136132,
        0.207912
      ],
      "passed_health": false
    },
    "BDS_014": {
      "elev_deg": 61.0,
      "azim_deg": 62.0,
      "los_enu": [
        0.428061,
        0.227604,
        0.87462
      ],
      "passed_health": true
    },
    "BDS_021": {
      "elev_deg": 40.0,
      "azim_deg": 88.0,
      "los_enu": [
        0.765578,
        0.026735,
        0.642788
      ],
      "passed_health": false
    },
    "BDS_024": {
      "elev_deg": 37.0,
      "azim_deg": 186.0,
      "los_enu": [
        -0.08348,
        -0.794261,
        0.601815
      ],
      "passed_health": false
    },
    "BDS_026": {
      "elev_deg": 65.0,
      "azim_deg": 114.0,
      "los_enu": [
        0.386081,
        -0.171894,
        0.906308
      ],
      "passed_health": true
    },
    "BDS_028": {
      "elev_deg": 5.0,
      "azim_deg": 304.0,
      "los_enu": [
        -0.825883,
        0.557065,
        0.087156
      ],
      "passed_health": false
    },
    "BDS_033": {
      "elev_deg": 21.0,
      "azim_deg": 306.8,
      "los_enu": [
        -0.747547,
        0.559237,
        0.358368
      ],
      "passed_health": false
    },
    "BDS_034": {
      "elev_deg": 2.3,
      "azim_deg": 201.0,
      "los_enu": [
        -0.358079,
        -0.932828,
        0.040132
      ],
      "passed_health": false
    },
    "BDS_038": {
      "elev_deg": 12.6,
      "azim_deg": 253.6,
      "los_enu": [
        -0.936211,
        -0.275542,
        0.218143
      ],
      "passed_health": false
    },
    "BDS_039": {
      "elev_deg": 24.7,
      "azim_deg": 46.0,
      "los_enu": [
        0.653526,
        0.631103,
        0.417867
      ],
      "passed_health": false
    },
    "BDS_042": {
      "elev_deg": 64.0,
      "azim_deg": 1.0,
      "los_enu": [
        0.007651,
        0.438304,
        0.898794
      ],
      "passed_health": true
    },
    "GPS_001": {
      "elev_deg": 34.0,
      "azim_deg": 287.0,
      "los_enu": [
        -0.792813,
        0.242387,
        0.559193
      ],
      "passed_health": true
    },
    "GPS_002": {
      "elev_deg": 34.0,
      "azim_deg": 256.0,
      "los_enu": [
        -0.804412,
        -0.200562,
        0.559193
      ],
      "passed_health": false
    },
    "GPS_003": {
      "elev_deg": 19.0,
      "azim_deg": 318.0,
      "los_enu": [
        -0.632675,
        0.702657,
        0.325568
      ],
      "passed_health": false
    },
    "GPS_010": {
      "elev_deg": 34.0,
      "azim_deg": 131.0,
      "los_enu": [
        0.625683,
        -0.543898,
        0.559193
      ],
      "passed_health": false
    },
    "GPS_012": {
      "elev_deg": 3.0,
      "azim_deg": 36.0,
      "los_enu": [
        0.58698,
        0.807908,
        0.052336
      ],
      "passed_health": false
    },
    "GPS_013": {
      "elev_deg": 2.0,
      "azim_deg": 34.0,
      "los_enu": [
        0.558852,
        0.828533,
        0.034899
      ],
      "passed_health": false
    },
    "GPS_016": {
      "elev_deg": 1.0,
      "azim_deg": 183.0,
      "los_enu": [
        -0.052328,
        -0.998477,
        0.017452
      ],
      "passed_health": false
    },
    "GPS_023": {
      "elev_deg": 1.0,
      "azim_deg": 136.0,
      "los_enu": [
        0.694553,
        -0.71923,
        0.017452
      ],
      "passed_health": false
    },
    "GPS_025": {
      "elev_deg": 25.0,
      "azim_deg": 63.0,
      "los_enu": [
        0.807526,
        0.411455,
        0.422618
      ],
      "passed_health": true
    },
    "GPS_026": {
      "elev_deg": 24.0,
      "azim_deg": 169.0,
      "los_enu": [
        0.174313,
        -0.896761,
        0.406737
      ],
      "passed_health": false
    },
    "GPS_028": {
      "elev_deg": 76.0,
      "azim_deg": 32.0,
      "los_enu": [
        0.128199,
        0.205161,
        0.970296
      ],
      "passed_health": false
    },
    "GPS_031": {
      "elev_deg": 70.0,
      "azim_deg": 226.0,
      "los_enu": [
        -0.246029,
        -0.237587,
        0.939693
      ],
      "passed_health": true
    },
    "GPS_032": {
      "elev_deg": 48.0,
      "azim_deg": 49.0,
      "los_enu": [
        0.504999,
        0.438989,
        0.743145
      ],
      "passed_health": true
    }
  }
}