{
  "label": "star_W1",
  "capture_start_utc": "2026-07-14T23:57:13.134793+00:00",
  "rtcm_file": "star_W1-260714-235713Z.rtcm",
  "rate_hz": 10,
  "duration_sec": 12,
  "ref_sat": "GPS_031",
  "satellites": {
    "BDS_023": {
      "elev_deg": 22.0,
      "azim_deg": 211.0,
      "los_enu": [
        -0.477535,
        -0.794752,
        0.374607
      ],
      "passed_health": false
    },
    "BDS_024": {
      "elev_deg": 44.0,
      "azim_deg": 50.0,
      "los_enu": [
        0.551046,
        0.462383,
        0.694658
      ],
      "passed_health": true
    },
    "BDS_025": {
      "elev_deg": 69.0,
      "azim_deg": 188.0,
      "los_enu": [
        -0.049875,
        -0.35488,
        0.93358
      ],
      "passed_health": true
    },
    "BDS_026": {
      "elev_deg": 0.0,
      "azim_deg": 40.0,
      "los_enu": [
        0.642788,
        0.766044,
        0.0
      ],
      "passed_health": false
    },
    "BDS_027": {
      "elev_deg": 0.0,
      "azim_deg": 265.0,
      "los_enu": [
        -0.996195,
        -0.087156,
        0.0
      ],
      "passed_health": false
    },
    "BDS_032": {
      "elev_deg": 2.0,
      "azim_deg": 309.0,
      "los_enu": [
        -0.776673,
        0.628937,
        0.034899
      ],
      "passed_health": false
    },
    "BDS_033": {
      "elev_deg": 65.0,
      "azim_deg": 91.0,
      "los_enu": [
        0.422554,
        -0.007376,
        0.906308
      ],
      "passed_health": true
    },
    "BDS_041": {
      "elev_deg": 53.0,
      "azim_deg": 328.0,
      "los_enu": [
        -0.318913,
        0.510368,
        0.798636
      ],
      "passed_health": true
    },
    "BDS_042": {
      "elev_deg": 14.0,
      "azim_deg": 120.0,
      "los_enu": [
        0.840301,
        -0.485148,
        0.241922
      ],
      "passed_health": true
    },
    "GPS_001": {
      "elev_deg": 27.0,
      "azim_deg": 252.0,
      "los_enu": [
        -0.847398,
        -0.275336,
        0.45399
      ],
      "passed_health": true
    },
    "GPS_002": {
      "elev_deg": 16.0,
      "azim_deg": 229.0,
      "los_enu": [
        -0.725473,
        -0.630644,
        0.275637
      ],
      "passed_health": true
    },
    "GPS_003": {
      "elev_deg": 48.0,
      "azim_deg": 314.0,
      "los_enu": [
        -0.481332,
        0.464817,
        0.743145
      ],
      "passed_health": true
    },
    "GPS_004": {
      "elev_deg": 15.0,
      "azim_deg": 295.0,
      "los_enu": [
        -0.875426,
        0.408218,
        0.258819
      ],
      "passed_health": true
    },
    "GPS_010": {
      "elev_deg": 6.0,
      "azim_deg": 148.0,
      "los_enu": [
        0.527016,
        -0.843402,
        0.104528
      ],
      "passed_health": false
    },
    "GPS_016": {
      "elev_deg": 26.0,
      "azim_deg": 173.0,
      "los_enu": [
        0.109535,
        -0.892095,
        0.438371
      ],
      "passed_health": false
    },
    "GPS_025": {
      "elev_deg": 10.0,
      "azim_deg": 40.0,
      "los_enu": [
        0.633022,
        0.754407,
        0.173648
      ],
      "passed_health": false
    },
    "GPS_026": {
      "elev_deg": 53.0,
      "azim_deg": 151.0,
      "los_enu": [
        0.291766,
        -0.526359,
        0.798636
      ],
      "passed_health": true
    },
    "GPS_028": {
      "elev_deg": 46.0,
      "azim_deg": 39.0,
      "los_enu": [
        0.437163,
        0.539851,
        0.71934
      ],
      "passed_health": true
    },
    "GPS_031": {
      "elev_deg": 73.0,
      "azim_deg": 5.0,
      "los_enu": [
        0.025482,
        0.291259,
        0.956305
      ],
      "passed_health": true
    },
    "GPS_032": {
      "elev_deg": 32.0,
      "azim_deg": 84.0,
      "los_enu": [
        0.843402,
        0.088645,
        0.529919
      ],
      "passed_health": true
    }
  }
}