{
  "label": "triangle_W3",
  "capture_start_utc": "2026-07-15T00:20:59.777746+00:00",
  "rtcm_file": "triangle_W3-260715-002059Z.rtcm",
  "rate_hz": 10,
  "duration_sec": 12,
  "ref_sat": "BDS_025",
  "satellites": {
    "BDS_023": {
      "elev_deg": 31.0,
      "azim_deg": 216.0,
      "los_enu": [
        -0.50383,
        -0.693463,
        0.515038
      ],
      "passed_health": false
    },
    "BDS_024": {
      "elev_deg": 35.0,
      "azim_deg": 45.0,
      "los_enu": [
        0.579228,
        0.579228,
        0.573576
      ],
      "passed_health": true
    },
    "BDS_025": {
      "elev_deg": 80.0,
      "azim_deg": 186.0,
      "los_enu": [
        -0.018151,
        -0.172697,
        0.984808
      ],
      "passed_health": true
    },
    "BDS_032": {
      "elev_deg": 9.667,
      "azim_deg": 313.667,
      "los_enu": [
        -0.713098,
        0.680658,
        0.167916
      ],
      "passed_health": false
    },
    "BDS_033": {
      "elev_deg": 59.0,
      "azim_deg": 110.167,
      "los_enu": [
        0.483463,
        -0.177561,
        0.857167
      ],
      "passed_health": true
    },
    "BDS_041": {
      "elev_deg": 62.0,
      "azim_deg": 333.0,
      "los_enu": [
        -0.213136,
        0.418302,
        0.882948
      ],
      "passed_health": true
    },
    "BDS_042": {
      "elev_deg": 7.0,
      "azim_deg": 126.0,
      "los_enu": [
        0.802987,
        -0.583404,
        0.121869
      ],
      "passed_health": false
    },
    "GPS_001": {
      "elev_deg": 21.0,
      "azim_deg": 242.0,
      "los_enu": [
        -0.824303,
        -0.438289,
        0.358368
      ],
      "passed_health": true
    },
    "GPS_002": {
      "elev_deg": 9.0,
      "azim_deg": 221.0,
      "los_enu": [
        -0.647982,
        -0.745418,
        0.156434
      ],
      "passed_health": true
    },
    "GPS_003": {
      "elev_deg": 57.0,
      "azim_deg": 303.0,
      "los_enu": [
        -0.456773,
        0.296632,
        0.838671
      ],
      "passed_health": true
    },
    "GPS_004": {
      "elev_deg": 22.0,
      "azim_deg": 302.0,
      "los_enu": [
        -0.786297,
        0.491333,
        0.374607
      ],
      "passed_health": true
    },
    "GPS_016": {
      "elev_deg": 37.0,
      "azim_deg": 170.0,
      "los_enu": [
        0.138682,
        -0.786502,
        0.601815
      ],
      "passed_health": false
    },
    "GPS_025": {
      "elev_deg": 1.0,
      "azim_deg": 35.0,
      "los_enu": [
        0.573489,
        0.819027,
        0.017452
      ],
      "passed_health": false
    },
    "GPS_026": {
      "elev_deg": 62.0,
      "azim_deg": 136.0,
      "los_enu": [
        0.326122,
        -0.33771,
        0.882948
      ],
      "passed_health": true
    },
    "GPS_028": {
      "elev_deg": 37.0,
      "azim_deg": 44.0,
      "los_enu": [
        0.554779,
        0.57449,
        0.601815
      ],
      "passed_health": true
    },
    "GPS_031": {
      "elev_deg": 64.0,
      "azim_deg": 22.0,
      "los_enu": [
        0.164217,
        0.406451,
        0.898794
      ],
      "passed_health": true
    },
    "GPS_032": {
      "elev_deg": 26.0,
      "azim_deg": 94.0,
      "los_enu": [
        0.896605,
        -0.062697,
        0.438371
      ],
      "passed_health": true
    }
  }
}