{
  "label": "triangle_W1",
  "capture_start_utc": "2026-07-14T23:52:20.889826+00:00",
  "rtcm_file": "triangle_W1-260714-235220Z.rtcm",
  "rate_hz": 10,
  "duration_sec": 12,
  "ref_sat": "GPS_031",
  "satellites": {
    "BDS_023": {
      "elev_deg": 20.0,
      "azim_deg": 211.0,
      "los_enu": [
        -0.483977,
        -0.805474,
        0.34202
      ],
      "passed_health": false
    },
    "BDS_024": {
      "elev_deg": 45.0,
      "azim_deg": 51.0,
      "los_enu": [
        0.549525,
        0.444997,
        0.707107
      ],
      "passed_health": false
    },
    "BDS_025": {
      "elev_deg": 67.0,
      "azim_deg": 188.0,
      "los_enu": [
        -0.054379,
        -0.386929,
        0.920505
      ],
      "passed_health": false
    },
    "BDS_026": {
      "elev_deg": 1.0,
      "azim_deg": 40.0,
      "los_enu": [
        0.64269,
        0.765928,
        0.017452
      ],
      "passed_health": false
    },
    "BDS_027": {
      "elev_deg": 1.0,
      "azim_deg": 267.083,
      "los_enu": [
        -0.998552,
        -0.050876,
        0.017452
      ],
      "passed_health": false
    },
    "BDS_028": {
      "elev_deg": 0.0,
      "azim_deg": 229.0,
      "los_enu": [
        -0.75471,
        -0.656059,
        0.0
      ],
      "passed_health": false
    },
    "BDS_032": {
      "elev_deg": 0.5,
      "azim_deg": 308.0,
      "los_enu": [
        -0.787981,
        0.615638,
        0.008727
      ],
      "passed_health": false
    },
    "BDS_033": {
      "elev_deg": 66.0,
      "azim_deg": 84.833,
      "los_enu": [
        0.405084,
        0.036628,
        0.913545
      ],
      "passed_health": true
    },
    "BDS_041": {
      "elev_deg": 51.0,
      "azim_deg": 327.0,
      "los_enu": [
        -0.342752,
        0.527792,
        0.777146
      ],
      "passed_health": false
    },
    "BDS_042": {
      "elev_deg": 16.0,
      "azim_deg": 118.0,
      "los_enu": [
        0.848744,
        -0.451285,
        0.275637
      ],
      "passed_health": false
    },
    "GPS_001": {
      "elev_deg": 28.0,
      "azim_deg": 254.0,
      "los_enu": [
        -0.848744,
        -0.243373,
        0.469472
      ],
      "passed_health": false
    },
    "GPS_002": {
      "elev_deg": 17.0,
      "azim_deg": 230.0,
      "los_enu": [
        -0.732572,
        -0.614701,
        0.292372
      ],
      "passed_health": false
    },
    "GPS_003": {
      "elev_deg": 46.0,
      "azim_deg": 315.0,
      "los_enu": [
        -0.491198,
        0.491198,
        0.71934
      ],
      "passed_health": false
    },
    "GPS_004": {
      "elev_deg": 14.0,
      "azim_deg": 293.0,
      "los_enu": [
        -0.893162,
        0.379125,
        0.241922
      ],
      "passed_health": false
    },
    "GPS_010": {
      "elev_deg": 8.0,
      "azim_deg": 147.0,
      "los_enu": [
        0.539339,
        -0.830509,
        0.139173
      ],
      "passed_health": false
    },
    "GPS_016": {
      "elev_deg": 24.0,
      "azim_deg": 174.0,
      "los_enu": [
        0.095492,
        -0.908541,
        0.406737
      ],
      "passed_health": false
    },
    "GPS_025": {
      "elev_deg": 11.0,
      "azim_deg": 41.0,
      "los_enu": [
        0.644005,
        0.740843,
        0.190809
      ],
      "passed_health": false
    },
    "GPS_026": {
      "elev_deg": 51.0,
      "azim_deg": 153.0,
      "los_enu": [
        0.285705,
        -0.560729,
        0.777146
      ],
      "passed_health": false
    },
    "GPS_028": {
      "elev_deg": 48.0,
      "azim_deg": 38.0,
      "los_enu": [
        0.411958,
        0.527282,
        0.743145
      ],
      "passed_health": false
    },
    "GPS_031": {
      "elev_deg": 75.0,
      "azim_deg": 359.0,
      "los_enu": [
        -0.004517,
        0.25878,
        0.965926
      ],
      "passed_health": true
    },
    "GPS_032": {
      "elev_deg": 33.0,
      "azim_deg": 82.0,
      "los_enu": [
        0.830509,
        0.11672,
        0.544639
      ],
      "passed_health": false
    }
  }
}