{
  "label": "triangle_W1",
  "capture_start_utc": "2026-07-14T23:51:59.887918+00:00",
  "rtcm_file": "triangle_W1-260714-235159Z.rtcm",
  "rate_hz": 10,
  "duration_sec": 12,
  "ref_sat": "GPS_031",
  "satellites": {
    "BDS_023": {
      "elev_deg": 19.0,
      "azim_deg": 210.0,
      "los_enu": [
        -0.472759,
        -0.818843,
        0.325568
      ],
      "passed_health": false
    },
    "BDS_024": {
      "elev_deg": 46.0,
      "azim_deg": 51.0,
      "los_enu": [
        0.539851,
        0.437163,
        0.71934
      ],
      "passed_health": true
    },
    "BDS_025": {
      "elev_deg": 66.0,
      "azim_deg": 188.0,
      "los_enu": [
        -0.056607,
        -0.402778,
        0.913545
      ],
      "passed_health": true
    },
    "BDS_026": {
      "elev_deg": 2.0,
      "azim_deg": 40.0,
      "los_enu": [
        0.642396,
        0.765578,
        0.034899
      ],
      "passed_health": false
    },
    "BDS_027": {
      "elev_deg": 1.0,
      "azim_deg": 268.0,
      "los_enu": [
        -0.999239,
        -0.034894,
        0.017452
      ],
      "passed_health": false
    },
    "BDS_028": {
      "elev_deg": 0.0,
      "azim_deg": 229.0,
      "los_enu": [
        -0.75471,
        -0.656059,
        0.0
      ],
      "passed_health": false
    },
    "BDS_032": {
      "elev_deg": 0.0,
      "azim_deg": 308.0,
      "los_enu": [
        -0.788011,
        0.615661,
        0.0
      ],
      "passed_health": false
    },
    "BDS_033": {
      "elev_deg": 66.0,
      "azim_deg": 84.0,
      "los_enu": [
        0.404508,
        0.042516,
        0.913545
      ],
      "passed_health": true
    },
    "BDS_041": {
      "elev_deg": 51.0,
      "azim_deg": 327.0,
      "los_enu": [
        -0.342752,
        0.527792,
        0.777146
      ],
      "passed_health": true
    },
    "BDS_042": {
      "elev_deg": 16.0,
      "azim_deg": 118.0,
      "los_enu": [
        0.848744,
        -0.451285,
        0.275637
      ],
      "passed_health": true
    },
    "GPS_001": {
      "elev_deg": 28.0,
      "azim_deg": 254.0,
      "los_enu": [
        -0.848744,
        -0.243373,
        0.469472
      ],
      "passed_health": true
    },
    "GPS_002": {
      "elev_deg": 17.0,
      "azim_deg": 230.0,
      "los_enu": [
        -0.732572,
        -0.614701,
        0.292372
      ],
      "passed_health": true
    },
    "GPS_003": {
      "elev_deg": 46.0,
      "azim_deg": 315.0,
      "los_enu": [
        -0.491198,
        0.491198,
        0.71934
      ],
      "passed_health": true
    },
    "GPS_004": {
      "elev_deg": 14.0,
      "azim_deg": 293.0,
      "los_enu": [
        -0.893162,
        0.379125,
        0.241922
      ],
      "passed_health": true
    },
    "GPS_010": {
      "elev_deg": 8.0,
      "azim_deg": 147.0,
      "los_enu": [
        0.539339,
        -0.830509,
        0.139173
      ],
      "passed_health": false
    },
    "GPS_016": {
      "elev_deg": 24.0,
      "azim_deg": 174.0,
      "los_enu": [
        0.095492,
        -0.908541,
        0.406737
      ],
      "passed_health": false
    },
    "GPS_025": {
      "elev_deg": 11.0,
      "azim_deg": 41.0,
      "los_enu": [
        0.644005,
        0.740843,
        0.190809
      ],
      "passed_health": false
    },
    "GPS_026": {
      "elev_deg": 51.0,
      "azim_deg": 153.0,
      "los_enu": [
        0.285705,
        -0.560729,
        0.777146
      ],
      "passed_health": true
    },
    "GPS_028": {
      "elev_deg": 48.0,
      "azim_deg": 38.0,
      "los_enu": [
        0.411958,
        0.527282,
        0.743145
      ],
      "passed_health": true
    },
    "GPS_031": {
      "elev_deg": 75.0,
      "azim_deg": 359.0,
      "los_enu": [
        -0.004517,
        0.25878,
        0.965926
      ],
      "passed_health": true
    },
    "GPS_032": {
      "elev_deg": 33.0,
      "azim_deg": 82.0,
      "los_enu": [
        0.830509,
        0.11672,
        0.544639
      ],
      "passed_health": true
    }
  }
}