{
  "label": "traingle_W0",
  "capture_start_utc": "2026-06-29T16:46:04.946181+00:00",
  "rtcm_file": "traingle_W0-260629-164604Z.rtcm",
  "rate_hz": 10,
  "duration_sec": 12,
  "ref_sat": "GPS_029",
  "satellites": {
    "BDS_013": {
      "elev_deg": 14.0,
      "azim_deg": 309.0,
      "los_enu": [
        -0.754061,
        0.610627,
        0.241922
      ],
      "passed_health": false
    },
    "BDS_014": {
      "elev_deg": 77.0,
      "azim_deg": 127.0,
      "los_enu": [
        0.179654,
        -0.135379,
        0.97437
      ],
      "passed_health": true
    },
    "BDS_021": {
      "elev_deg": 60.0,
      "azim_deg": 58.0,
      "los_enu": [
        0.424024,
        0.26496,
        0.866025
      ],
      "passed_health": true
    },
    "BDS_022": {
      "elev_deg": 11.0,
      "azim_deg": 38.0,
      "los_enu": [
        0.60435,
        0.773533,
        0.190809
      ],
      "passed_health": false
    },
    "BDS_023": {
      "elev_deg": 2.0,
      "azim_deg": 278.0,
      "los_enu": [
        -0.989665,
        0.139088,
        0.034899
      ],
      "passed_health": false
    },
    "BDS_025": {
      "elev_deg": 1.0,
      "azim_deg": 235.0,
      "los_enu": [
        -0.819027,
        -0.573489,
        0.017452
      ],
      "passed_health": false
    },
    "BDS_031": {
      "elev_deg": 24.0,
      "azim_deg": 117.0,
      "los_enu": [
        0.813975,
        -0.414741,
        0.406737
      ],
      "passed_health": false
    },
    "BDS_033": {
      "elev_deg": 8.0,
      "azim_deg": 210.0,
      "los_enu": [
        -0.495134,
        -0.857597,
        0.139173
      ],
      "passed_health": false
    },
    "BDS_034": {
      "elev_deg": 73.0,
      "azim_deg": 75.0,
      "los_enu": [
        0.282409,
        0.075671,
        0.956305
      ],
      "passed_health": true
    },
    "BDS_038": {
      "elev_deg": 38.0,
      "azim_deg": 315.0,
      "los_enu": [
        -0.557208,
        0.557208,
        0.615661
      ],
      "passed_health": false
    },
    "BDS_042": {
      "elev_deg": 59.917,
      "azim_deg": 189.0,
      "los_enu": [
        -0.078414,
        -0.495088,
        0.865297
      ],
      "passed_health": false
    },
    "GPS_005": {
      "elev_deg": 54.0,
      "azim_deg": 32.0,
      "los_enu": [
        0.311479,
        0.49847,
        0.809017
      ],
      "passed_health": false
    },
    "GPS_011": {
      "elev_deg": 12.0,
      "azim_deg": 88.0,
      "los_enu": [
        0.977552,
        0.034137,
        0.207912
      ],
      "passed_health": false
    },
    "GPS_012": {
      "elev_deg": 5.0,
      "azim_deg": 185.0,
      "los_enu": [
        -0.086824,
        -0.992404,
        0.087156
      ],
      "passed_health": false
    },
    "GPS_013": {
      "elev_deg": 2.0,
      "azim_deg": 187.0,
      "los_enu": [
        -0.121795,
        -0.991942,
        0.034899
      ],
      "passed_health": false
    },
    "GPS_015": {
      "elev_deg": 51.0,
      "azim_deg": 159.0,
      "los_enu": [
        0.225528,
        -0.587521,
        0.777146
      ],
      "passed_health": false
    },
    "GPS_018": {
      "elev_deg": 34.0,
      "azim_deg": 304.0,
      "los_enu": [
        -0.687303,
        0.463592,
        0.559193
      ],
      "passed_health": false
    },
    "GPS_020": {
      "elev_deg": 51.0,
      "azim_deg": 105.0,
      "los_enu": [
        0.607877,
        -0.16288,
        0.777146
      ],
      "passed_health": true
    },
    "GPS_021": {
      "elev_deg": 22.0,
      "azim_deg": 46.0,
      "los_enu": [
        0.66696,
        0.644076,
        0.374607
      ],
      "passed_health": false
    },
    "GPS_023": {
      "elev_deg": 24.0,
      "azim_deg": 240.0,
      "los_enu": [
        -0.791154,
        -0.456773,
        0.406737
      ],
      "passed_health": false
    },
    "GPS_025": {
      "elev_deg": 19.0,
      "azim_deg": 218.0,
      "los_enu": [
        -0.582119,
        -0.745079,
        0.325568
      ],
      "passed_health": false
    },
    "GPS_026": {
      "elev_deg": 8.0,
      "azim_deg": 306.0,
      "los_enu": [
        -0.801144,
        0.582065,
        0.139173
      ],
      "passed_health": false
    },
    "GPS_029": {
      "elev_deg": 78.0,
      "azim_deg": 296.0,
      "los_enu": [
        -0.18687,
        0.091142,
        0.978148
      ],
      "passed_health": true
    }
  }
}