{
  "label": "traingle_W1",
  "capture_start_utc": "2026-07-01T00:45:05.524538+00:00",
  "rtcm_file": "traingle_W1-260701-004505Z.rtcm",
  "rate_hz": 10,
  "duration_sec": 12,
  "ref_sat": "GPS_031",
  "satellites": {
    "BDS_023": {
      "elev_deg": 18.0,
      "azim_deg": 210.0,
      "los_enu": [
        -0.475528,
        -0.823639,
        0.309017
      ],
      "passed_health": false
    },
    "BDS_024": {
      "elev_deg": 46.0,
      "azim_deg": 52.0,
      "los_enu": [
        0.547398,
        0.427674,
        0.71934
      ],
      "passed_health": true
    },
    "BDS_025": {
      "elev_deg": 65.0,
      "azim_deg": 188.0,
      "los_enu": [
        -0.058817,
        -0.418505,
        0.906308
      ],
      "passed_health": true
    },
    "BDS_026": {
      "elev_deg": 3.0,
      "azim_deg": 40.0,
      "los_enu": [
        0.641907,
        0.764995,
        0.052336
      ],
      "passed_health": false
    },
    "BDS_027": {
      "elev_deg": 2.0,
      "azim_deg": 268.0,
      "los_enu": [
        -0.998782,
        -0.034878,
        0.034899
      ],
      "passed_health": false
    },
    "BDS_028": {
      "elev_deg": 1.0,
      "azim_deg": 230.0,
      "los_enu": [
        -0.765928,
        -0.64269,
        0.017452
      ],
      "passed_health": false
    },
    "BDS_032": {
      "elev_deg": 0.0,
      "azim_deg": 307.0,
      "los_enu": [
        -0.798636,
        0.601815,
        0.0
      ],
      "passed_health": false
    },
    "BDS_033": {
      "elev_deg": 66.0,
      "azim_deg": 81.0,
      "los_enu": [
        0.401729,
        0.063628,
        0.913545
      ],
      "passed_health": true
    },
    "BDS_041": {
      "elev_deg": 50.0,
      "azim_deg": 326.0,
      "los_enu": [
        -0.359442,
        0.532895,
        0.766044
      ],
      "passed_health": true
    },
    "BDS_042": {
      "elev_deg": 16.0,
      "azim_deg": 117.0,
      "los_enu": [
        0.85649,
        -0.436404,
        0.275637
      ],
      "passed_health": true
    },
    "GPS_001": {
      "elev_deg": 29.0,
      "azim_deg": 256.0,
      "los_enu": [
        -0.84864,
        -0.21159,
        0.48481
      ],
      "passed_health": true
    },
    "GPS_002": {
      "elev_deg": 18.0,
      "azim_deg": 231.0,
      "los_enu": [
        -0.73911,
        -0.598519,
        0.309017
      ],
      "passed_health": true
    },
    "GPS_003": {
      "elev_deg": 44.0,
      "azim_deg": 316.0,
      "los_enu": [
        -0.499695,
        0.51745,
        0.694658
      ],
      "passed_health": true
    },
    "GPS_004": {
      "elev_deg": 13.0,
      "azim_deg": 291.917,
      "los_enu": [
        -0.90395,
        0.363691,
        0.224951
      ],
      "passed_health": false
    },
    "GPS_010": {
      "elev_deg": 10.583,
      "azim_deg": 146.0,
      "los_enu": [
        0.54968,
        -0.814935,
        0.183665
      ],
      "passed_health": false
    },
    "GPS_016": {
      "elev_deg": 22.0,
      "azim_deg": 174.0,
      "los_enu": [
        0.096917,
        -0.922105,
        0.374607
      ],
      "passed_health": false
    },
    "GPS_025": {
      "elev_deg": 13.0,
      "azim_deg": 42.0,
      "los_enu": [
        0.651981,
        0.724098,
        0.224951
      ],
      "passed_health": false
    },
    "GPS_026": {
      "elev_deg": 49.0,
      "azim_deg": 154.0,
      "los_enu": [
        0.287597,
        -0.589662,
        0.75471
      ],
      "passed_health": true
    },
    "GPS_028": {
      "elev_deg": 51.0,
      "azim_deg": 37.0,
      "los_enu": [
        0.378734,
        0.502598,
        0.777146
      ],
      "passed_health": true
    },
    "GPS_031": {
      "elev_deg": 78.0,
      "azim_deg": 350.0,
      "los_enu": [
        -0.036103,
        0.204753,
        0.978148
      ],
      "passed_health": true
    },
    "GPS_032": {
      "elev_deg": 35.0,
      "azim_deg": 79.0,
      "los_enu": [
        0.804102,
        0.156302,
        0.573576
      ],
      "passed_health": true
    }
  }
}