{
  "label": "push_W3",
  "capture_start_utc": "2026-06-26T15:49:24.703684+00:00",
  "rtcm_file": "push_W3-260626-154924Z.rtcm",
  "rate_hz": 10,
  "duration_sec": 12,
  "ref_sat": "BDS_027",
  "satellites": {
    "BDS_011": {
      "elev_deg": 13.0,
      "azim_deg": 299.0,
      "los_enu": [
        -0.852203,
        0.472384,
        0.224951
      ],
      "passed_health": false
    },
    "BDS_013": {
      "elev_deg": 3.0,
      "azim_deg": 104.0,
      "los_enu": [
        0.968966,
        -0.24159,
        0.052336
      ],
      "passed_health": false
    },
    "BDS_027": {
      "elev_deg": 63.0,
      "azim_deg": 50.818,
      "los_enu": [
        0.351908,
        0.286824,
        0.891007
      ],
      "passed_health": true
    },
    "BDS_028": {
      "elev_deg": 29.0,
      "azim_deg": 94.0,
      "los_enu": [
        0.872489,
        -0.06101,
        0.48481
      ],
      "passed_health": false
    },
    "BDS_030": {
      "elev_deg": 38.0,
      "azim_deg": 312.0,
      "los_enu": [
        -0.585606,
        0.527282,
        0.615661
      ],
      "passed_health": false
    },
    "BDS_032": {
      "elev_deg": 44.0,
      "azim_deg": 171.0,
      "los_enu": [
        0.11253,
        -0.710484,
        0.694658
      ],
      "passed_health": false
    },
    "BDS_033": {
      "elev_deg": 14.0,
      "azim_deg": 38.0,
      "los_enu": [
        0.597374,
        0.764603,
        0.241922
      ],
      "passed_health": false
    },
    "BDS_036": {
      "elev_deg": 14.0,
      "azim_deg": 285.0,
      "los_enu": [
        -0.937234,
        0.251131,
        0.241922
      ],
      "passed_health": false
    },
    "BDS_040": {
      "elev_deg": 16.0,
      "azim_deg": 232.0,
      "los_enu": [
        -0.757485,
        -0.591812,
        0.275637
      ],
      "passed_health": false
    },
    "BDS_041": {
      "elev_deg": 53.0,
      "azim_deg": 75.0,
      "los_enu": [
        0.581309,
        0.155761,
        0.798636
      ],
      "passed_health": true
    },
    "GPS_005": {
      "elev_deg": 86.0,
      "azim_deg": 14.0,
      "los_enu": [
        0.016876,
        0.067684,
        0.997564
      ],
      "passed_health": false
    },
    "GPS_011": {
      "elev_deg": 30.364,
      "azim_deg": 62.636,
      "los_enu": [
        0.76629,
        0.39659,
        0.505486
      ],
      "passed_health": false
    },
    "GPS_012": {
      "elev_deg": 32.455,
      "azim_deg": 198.455,
      "los_enu": [
        -0.267112,
        -0.800424,
        0.53663
      ],
      "passed_health": false
    },
    "GPS_013": {
      "elev_deg": 27.545,
      "azim_deg": 202.545,
      "los_enu": [
        -0.339954,
        -0.818883,
        0.462452
      ],
      "passed_health": false
    },
    "GPS_015": {
      "elev_deg": 21.273,
      "azim_deg": 172.0,
      "los_enu": [
        0.12969,
        -0.922795,
        0.362808
      ],
      "passed_health": false
    },
    "GPS_018": {
      "elev_deg": 15.091,
      "azim_deg": 278.091,
      "los_enu": [
        -0.955903,
        0.13589,
        0.260351
      ],
      "passed_health": false
    },
    "GPS_020": {
      "elev_deg": 30.0,
      "azim_deg": 141.0,
      "los_enu": [
        0.545007,
        -0.673028,
        0.5
      ],
      "passed_health": false
    },
    "GPS_021": {
      "elev_deg": 51.0,
      "azim_deg": 44.0,
      "los_enu": [
        0.437163,
        0.452695,
        0.777146
      ],
      "passed_health": false
    },
    "GPS_025": {
      "elev_deg": 41.0,
      "azim_deg": 246.0,
      "los_enu": [
        -0.689462,
        -0.306968,
        0.656059
      ],
      "passed_health": false
    },
    "GPS_029": {
      "elev_deg": 47.0,
      "azim_deg": 320.0,
      "los_enu": [
        -0.43838,
        0.522441,
        0.731354
      ],
      "passed_health": false
    }
  }
}