{
  "label": "star_W3",
  "capture_start_utc": "2026-06-26T15:55:11.642796+00:00",
  "rtcm_file": "star_W3-260626-155511Z.rtcm",
  "rate_hz": 10,
  "duration_sec": 12,
  "ref_sat": "BDS_027",
  "satellites": {
    "BDS_011": {
      "elev_deg": 15.0,
      "azim_deg": 301.0,
      "los_enu": [
        -0.82796,
        0.497489,
        0.258819
      ],
      "passed_health": false
    },
    "BDS_013": {
      "elev_deg": 2.0,
      "azim_deg": 106.0,
      "los_enu": [
        0.960676,
        -0.275469,
        0.034899
      ],
      "passed_health": false
    },
    "BDS_020": {
      "elev_deg": 0.0,
      "azim_deg": 201.0,
      "los_enu": [
        -0.358368,
        -0.93358,
        0.0
      ],
      "passed_health": false
    },
    "BDS_027": {
      "elev_deg": 63.0,
      "azim_deg": 54.0,
      "los_enu": [
        0.367286,
        0.266849,
        0.891007
      ],
      "passed_health": true
    },
    "BDS_028": {
      "elev_deg": 27.0,
      "azim_deg": 96.0,
      "los_enu": [
        0.886125,
        -0.093136,
        0.45399
      ],
      "passed_health": false
    },
    "BDS_030": {
      "elev_deg": 40.0,
      "azim_deg": 313.0,
      "los_enu": [
        -0.560249,
        0.522441,
        0.642788
      ],
      "passed_health": false
    },
    "BDS_032": {
      "elev_deg": 46.0,
      "azim_deg": 171.0,
      "los_enu": [
        0.108669,
        -0.686106,
        0.71934
      ],
      "passed_health": false
    },
    "BDS_033": {
      "elev_deg": 12.0,
      "azim_deg": 37.0,
      "los_enu": [
        0.588664,
        0.781183,
        0.207912
      ],
      "passed_health": false
    },
    "BDS_036": {
      "elev_deg": 13.0,
      "azim_deg": 283.0,
      "los_enu": [
        -0.949397,
        0.219186,
        0.224951
      ],
      "passed_health": false
    },
    "BDS_040": {
      "elev_deg": 15.0,
      "azim_deg": 231.0,
      "los_enu": [
        -0.750665,
        -0.607877,
        0.258819
      ],
      "passed_health": false
    },
    "BDS_041": {
      "elev_deg": 52.0,
      "azim_deg": 71.0,
      "los_enu": [
        0.582119,
        0.20044,
        0.788011
      ],
      "passed_health": true
    },
    "GPS_005": {
      "elev_deg": 83.0,
      "azim_deg": 17.0,
      "los_enu": [
        0.035631,
        0.116544,
        0.992546
      ],
      "passed_health": false
    },
    "GPS_011": {
      "elev_deg": 29.0,
      "azim_deg": 65.0,
      "los_enu": [
        0.792675,
        0.36963,
        0.48481
      ],
      "passed_health": false
    },
    "GPS_012": {
      "elev_deg": 30.0,
      "azim_deg": 197.0,
      "los_enu": [
        -0.253201,
        -0.828184,
        0.5
      ],
      "passed_health": false
    },
    "GPS_013": {
      "elev_deg": 25.0,
      "azim_deg": 201.0,
      "los_enu": [
        -0.324792,
        -0.846111,
        0.422618
      ],
      "passed_health": false
    },
    "GPS_015": {
      "elev_deg": 23.0,
      "azim_deg": 171.0,
      "los_enu": [
        0.143999,
        -0.909172,
        0.390731
      ],
      "passed_health": false
    },
    "GPS_018": {
      "elev_deg": 17.0,
      "azim_deg": 280.0,
      "los_enu": [
        -0.941776,
        0.166061,
        0.292372
      ],
      "passed_health": false
    },
    "GPS_020": {
      "elev_deg": 32.0,
      "azim_deg": 138.0,
      "los_enu": [
        0.567455,
        -0.630223,
        0.529919
      ],
      "passed_health": false
    },
    "GPS_021": {
      "elev_deg": 48.0,
      "azim_deg": 43.0,
      "los_enu": [
        0.456346,
        0.489371,
        0.743145
      ],
      "passed_health": false
    },
    "GPS_023": {
      "elev_deg": 2.0,
      "azim_deg": 223.0,
      "los_enu": [
        -0.681583,
        -0.730908,
        0.034899
      ],
      "passed_health": false
    },
    "GPS_025": {
      "elev_deg": 39.0,
      "azim_deg": 242.0,
      "los_enu": [
        -0.686179,
        -0.364848,
        0.62932
      ],
      "passed_health": false
    },
    "GPS_029": {
      "elev_deg": 50.0,
      "azim_deg": 321.0,
      "los_enu": [
        -0.404519,
        0.49954,
        0.766044
      ],
      "passed_health": false
    }
  }
}