{
  "label": "m_W0",
  "capture_start_utc": "2026-07-01T00:24:22.146384+00:00",
  "rtcm_file": "traingle_W0-260701-002422Z.rtcm",
  "rate_hz": 10,
  "duration_sec": 12,
  "ref_sat": "GPS_031",
  "satellites": {
    "BDS_013": {
      "elev_deg": 1.0,
      "azim_deg": 210.0,
      "los_enu": [
        -0.499924,
        -0.865894,
        0.017452
      ],
      "passed_health": false
    },
    "BDS_014": {
      "elev_deg": 1.0,
      "azim_deg": 117.0,
      "los_enu": [
        0.890871,
        -0.453921,
        0.017452
      ],
      "passed_health": false
    },
    "BDS_023": {
      "elev_deg": 10.0,
      "azim_deg": 208.0,
      "los_enu": [
        -0.462339,
        -0.869534,
        0.173648
      ],
      "passed_health": false
    },
    "BDS_024": {
      "elev_deg": 53.0,
      "azim_deg": 61.0,
      "los_enu": [
        0.526359,
        0.291766,
        0.798636
      ],
      "passed_health": false
    },
    "BDS_025": {
      "elev_deg": 55.0,
      "azim_deg": 187.0,
      "los_enu": [
        -0.069901,
        -0.569301,
        0.819152
      ],
      "passed_health": false
    },
    "BDS_026": {
      "elev_deg": 10.0,
      "azim_deg": 40.0,
      "los_enu": [
        0.633022,
        0.754407,
        0.173648
      ],
      "passed_health": false
    },
    "BDS_027": {
      "elev_deg": 5.0,
      "azim_deg": 276.0,
      "los_enu": [
        -0.990737,
        0.104131,
        0.087156
      ],
      "passed_health": false
    },
    "BDS_028": {
      "elev_deg": 5.0,
      "azim_deg": 236.0,
      "los_enu": [
        -0.825883,
        -0.557065,
        0.087156
      ],
      "passed_health": false
    },
    "BDS_033": {
      "elev_deg": 68.0,
      "azim_deg": 57.0,
      "los_enu": [
        0.314172,
        0.204025,
        0.927184
      ],
      "passed_health": true
    },
    "BDS_041": {
      "elev_deg": 42.0,
      "azim_deg": 321.0,
      "los_enu": [
        -0.467676,
        0.577532,
        0.669131
      ],
      "passed_health": false
    },
    "BDS_042": {
      "elev_deg": 22.0,
      "azim_deg": 110.0,
      "los_enu": [
        0.871268,
        -0.317116,
        0.374607
      ],
      "passed_health": false
    },
    "GPS_001": {
      "elev_deg": 32.0,
      "azim_deg": 267.0,
      "los_enu": [
        -0.846886,
        -0.044383,
        0.529919
      ],
      "passed_health": true
    },
    "GPS_002": {
      "elev_deg": 24.0,
      "azim_deg": 239.0,
      "los_enu": [
        -0.783061,
        -0.470511,
        0.406737
      ],
      "passed_health": false
    },
    "GPS_003": {
      "elev_deg": 35.0,
      "azim_deg": 319.0,
      "los_enu": [
        -0.537412,
        0.618222,
        0.573576
      ],
      "passed_health": false
    },
    "GPS_004": {
      "elev_deg": 7.0,
      "azim_deg": 285.0,
      "los_enu": [
        -0.958726,
        0.25689,
        0.121869
      ],
      "passed_health": false
    },
    "GPS_010": {
      "elev_deg": 19.0,
      "azim_deg": 142.0,
      "los_enu": [
        0.582119,
        -0.745079,
        0.325568
      ],
      "passed_health": false
    },
    "GPS_016": {
      "elev_deg": 14.0,
      "azim_deg": 177.0,
      "los_enu": [
        0.050781,
        -0.968966,
        0.241922
      ],
      "passed_health": false
    },
    "GPS_025": {
      "elev_deg": 18.0,
      "azim_deg": 48.0,
      "los_enu": [
        0.706773,
        0.636381,
        0.309017
      ],
      "passed_health": false
    },
    "GPS_026": {
      "elev_deg": 40.0,
      "azim_deg": 160.0,
      "los_enu": [
        0.262003,
        -0.719846,
        0.642788
      ],
      "passed_health": false
    },
    "GPS_028": {
      "elev_deg": 59.0,
      "azim_deg": 33.0,
      "los_enu": [
        0.28051,
        0.431947,
        0.857167
      ],
      "passed_health": false
    },
    "GPS_031": {
      "elev_deg": 82.0,
      "azim_deg": 296.0,
      "los_enu": [
        -0.125088,
        0.061009,
        0.990268
      ],
      "passed_health": true
    },
    "GPS_032": {
      "elev_deg": 40.0,
      "azim_deg": 69.0,
      "los_enu": [
        0.715164,
        0.274526,
        0.642788
      ],
      "passed_health": false
    }
  }
}