{
  "label": "m_W1",
  "capture_start_utc": "2026-07-14T23:54:26.827548+00:00",
  "rtcm_file": "m_W1-260714-235426Z.rtcm",
  "rate_hz": 10,
  "duration_sec": 12,
  "ref_sat": "GPS_031",
  "satellites": {
    "BDS_023": {
      "elev_deg": 21.0,
      "azim_deg": 211.0,
      "los_enu": [
        -0.480829,
        -0.800235,
        0.358368
      ],
      "passed_health": false
    },
    "BDS_024": {
      "elev_deg": 44.091,
      "azim_deg": 50.091,
      "los_enu": [
        0.550933,
        0.4608,
        0.695799
      ],
      "passed_health": false
    },
    "BDS_025": {
      "elev_deg": 67.818,
      "azim_deg": 188.0,
      "los_enu": [
        -0.052544,
        -0.373873,
        0.92599
      ],
      "passed_health": false
    },
    "BDS_026": {
      "elev_deg": 1.0,
      "azim_deg": 40.0,
      "los_enu": [
        0.64269,
        0.765928,
        0.017452
      ],
      "passed_health": false
    },
    "BDS_027": {
      "elev_deg": 0.364,
      "azim_deg": 266.364,
      "los_enu": [
        -0.997967,
        -0.063423,
        0.006347
      ],
      "passed_health": false
    },
    "BDS_032": {
      "elev_deg": 1.0,
      "azim_deg": 308.182,
      "los_enu": [
        -0.785933,
        0.618065,
        0.017452
      ],
      "passed_health": false
    },
    "BDS_033": {
      "elev_deg": 65.909,
      "azim_deg": 86.182,
      "los_enu": [
        0.40728,
        0.027181,
        0.912899
      ],
      "passed_health": true
    },
    "BDS_041": {
      "elev_deg": 52.0,
      "azim_deg": 327.0,
      "los_enu": [
        -0.335313,
        0.516337,
        0.788011
      ],
      "passed_health": false
    },
    "BDS_042": {
      "elev_deg": 15.0,
      "azim_deg": 119.0,
      "los_enu": [
        0.844818,
        -0.46829,
        0.258819
      ],
      "passed_health": false
    },
    "GPS_001": {
      "elev_deg": 28.0,
      "azim_deg": 253.0,
      "los_enu": [
        -0.844367,
        -0.258149,
        0.469472
      ],
      "passed_health": false
    },
    "GPS_002": {
      "elev_deg": 16.0,
      "azim_deg": 229.0,
      "los_enu": [
        -0.725473,
        -0.630644,
        0.275637
      ],
      "passed_health": false
    },
    "GPS_003": {
      "elev_deg": 47.0,
      "azim_deg": 314.0,
      "los_enu": [
        -0.490589,
        0.473756,
        0.731354
      ],
      "passed_health": false
    },
    "GPS_004": {
      "elev_deg": 15.0,
      "azim_deg": 294.0,
      "los_enu": [
        -0.882417,
        0.392877,
        0.258819
      ],
      "passed_health": false
    },
    "GPS_010": {
      "elev_deg": 8.0,
      "azim_deg": 147.0,
      "los_enu": [
        0.539339,
        -0.830509,
        0.139173
      ],
      "passed_health": false
    },
    "GPS_016": {
      "elev_deg": 25.0,
      "azim_deg": 174.0,
      "los_enu": [
        0.094735,
        -0.901343,
        0.422618
      ],
      "passed_health": false
    },
    "GPS_025": {
      "elev_deg": 10.0,
      "azim_deg": 40.0,
      "los_enu": [
        0.633022,
        0.754407,
        0.173648
      ],
      "passed_health": false
    },
    "GPS_026": {
      "elev_deg": 52.0,
      "azim_deg": 152.0,
      "los_enu": [
        0.289036,
        -0.543597,
        0.788011
      ],
      "passed_health": false
    },
    "GPS_028": {
      "elev_deg": 47.0,
      "azim_deg": 38.182,
      "los_enu": [
        0.421583,
        0.536087,
        0.731354
      ],
      "passed_health": false
    },
    "GPS_031": {
      "elev_deg": 75.0,
      "azim_deg": 2.0,
      "los_enu": [
        0.009033,
        0.258661,
        0.965926
      ],
      "passed_health": true
    },
    "GPS_032": {
      "elev_deg": 33.0,
      "azim_deg": 83.0,
      "los_enu": [
        0.832419,
        0.102208,
        0.544639
      ],
      "passed_health": false
    }
  }
}