{
  "label": "m_W2",
  "capture_start_utc": "2026-07-21T23:47:10.666965+00:00",
  "rtcm_file": "m_W2-260721-234710Z.rtcm",
  "rate_hz": 10,
  "duration_sec": 12,
  "ref_sat": "BDS_025",
  "satellites": {
    "BDS_023": {
      "elev_deg": 29.0,
      "azim_deg": 215.0,
      "los_enu": [
        -0.501661,
        -0.716447,
        0.48481
      ],
      "passed_health": false
    },
    "BDS_024": {
      "elev_deg": 37.0,
      "azim_deg": 46.0,
      "los_enu": [
        0.57449,
        0.554779,
        0.601815
      ],
      "passed_health": false
    },
    "BDS_025": {
      "elev_deg": 77.917,
      "azim_deg": 188.0,
      "los_enu": [
        -0.029134,
        -0.207297,
        0.977844
      ],
      "passed_health": true
    },
    "BDS_032": {
      "elev_deg": 7.333,
      "azim_deg": 313.0,
      "los_enu": [
        -0.725371,
        0.67642,
        0.127642
      ],
      "passed_health": false
    },
    "BDS_033": {
      "elev_deg": 60.75,
      "azim_deg": 105.5,
      "los_enu": [
        0.47085,
        -0.130578,
        0.872496
      ],
      "passed_health": true
    },
    "BDS_041": {
      "elev_deg": 60.0,
      "azim_deg": 332.0,
      "los_enu": [
        -0.234736,
        0.441474,
        0.866025
      ],
      "passed_health": false
    },
    "BDS_042": {
      "elev_deg": 9.0,
      "azim_deg": 125.0,
      "los_enu": [
        0.809067,
        -0.566515,
        0.156434
      ],
      "passed_health": false
    },
    "GPS_001": {
      "elev_deg": 22.0,
      "azim_deg": 243.0,
      "los_enu": [
        -0.826127,
        -0.420933,
        0.374607
      ],
      "passed_health": false
    },
    "GPS_002": {
      "elev_deg": 10.0,
      "azim_deg": 223.0,
      "los_enu": [
        -0.671637,
        -0.720243,
        0.173648
      ],
      "passed_health": false
    },
    "GPS_003": {
      "elev_deg": 55.0,
      "azim_deg": 306.0,
      "los_enu": [
        -0.464033,
        0.33714,
        0.819152
      ],
      "passed_health": false
    },
    "GPS_004": {
      "elev_deg": 21.0,
      "azim_deg": 301.0,
      "los_enu": [
        -0.800235,
        0.480829,
        0.358368
      ],
      "passed_health": false
    },
    "GPS_016": {
      "elev_deg": 35.0,
      "azim_deg": 171.0,
      "los_enu": [
        0.128144,
        -0.809067,
        0.573576
      ],
      "passed_health": false
    },
    "GPS_025": {
      "elev_deg": 3.0,
      "azim_deg": 36.0,
      "los_enu": [
        0.58698,
        0.807908,
        0.052336
      ],
      "passed_health": false
    },
    "GPS_026": {
      "elev_deg": 61.0,
      "azim_deg": 140.0,
      "los_enu": [
        0.31163,
        -0.371386,
        0.87462
      ],
      "passed_health": false
    },
    "GPS_028": {
      "elev_deg": 38.0,
      "azim_deg": 43.0,
      "los_enu": [
        0.537422,
        0.576315,
        0.615661
      ],
      "passed_health": false
    },
    "GPS_031": {
      "elev_deg": 66.0,
      "azim_deg": 19.0,
      "los_enu": [
        0.13242,
        0.384577,
        0.913545
      ],
      "passed_health": false
    },
    "GPS_032": {
      "elev_deg": 27.0,
      "azim_deg": 92.0,
      "los_enu": [
        0.890464,
        -0.031096,
        0.45399
      ],
      "passed_health": false
    }
  }
}