{
  "label": "m_W3",
  "capture_start_utc": "2026-07-22T00:02:32.602499+00:00",
  "rtcm_file": "m_W3-260722-000232Z.rtcm",
  "rate_hz": 10,
  "duration_sec": 12,
  "ref_sat": "BDS_025",
  "satellites": {
    "BDS_023": {
      "elev_deg": 34.0,
      "azim_deg": 218.0,
      "los_enu": [
        -0.510406,
        -0.653291,
        0.559193
      ],
      "passed_health": false
    },
    "BDS_024": {
      "elev_deg": 32.0,
      "azim_deg": 45.0,
      "los_enu": [
        0.599661,
        0.599661,
        0.529919
      ],
      "passed_health": false
    },
    "BDS_025": {
      "elev_deg": 84.0,
      "azim_deg": 182.0,
      "los_enu": [
        -0.003648,
        -0.104465,
        0.994522
      ],
      "passed_health": true
    },
    "BDS_032": {
      "elev_deg": 12.0,
      "azim_deg": 315.0,
      "los_enu": [
        -0.691655,
        0.691655,
        0.207912
      ],
      "passed_health": false
    },
    "BDS_033": {
      "elev_deg": 56.0,
      "azim_deg": 116.0,
      "los_enu": [
        0.502599,
        -0.245134,
        0.829038
      ],
      "passed_health": false
    },
    "BDS_041": {
      "elev_deg": 66.0,
      "azim_deg": 335.0,
      "los_enu": [
        -0.171894,
        0.368629,
        0.913545
      ],
      "passed_health": true
    },
    "BDS_042": {
      "elev_deg": 4.0,
      "azim_deg": 129.0,
      "los_enu": [
        0.775253,
        -0.627787,
        0.069756
      ],
      "passed_health": false
    },
    "GPS_001": {
      "elev_deg": 18.0,
      "azim_deg": 237.0,
      "los_enu": [
        -0.797623,
        -0.517983,
        0.309017
      ],
      "passed_health": false
    },
    "GPS_002": {
      "elev_deg": 6.0,
      "azim_deg": 218.0,
      "los_enu": [
        -0.612289,
        -0.783694,
        0.104528
      ],
      "passed_health": false
    },
    "GPS_003": {
      "elev_deg": 60.0,
      "azim_deg": 296.0,
      "los_enu": [
        -0.449397,
        0.219186,
        0.866025
      ],
      "passed_health": true
    },
    "GPS_004": {
      "elev_deg": 25.0,
      "azim_deg": 305.0,
      "los_enu": [
        -0.742404,
        0.519837,
        0.422618
      ],
      "passed_health": false
    },
    "GPS_016": {
      "elev_deg": 42.0,
      "azim_deg": 168.0,
      "los_enu": [
        0.154508,
        -0.726905,
        0.669131
      ],
      "passed_health": false
    },
    "GPS_026": {
      "elev_deg": 66.0,
      "azim_deg": 125.0,
      "los_enu": [
        0.333179,
        -0.233295,
        0.913545
      ],
      "passed_health": true
    },
    "GPS_028": {
      "elev_deg": 32.0,
      "azim_deg": 47.0,
      "los_enu": [
        0.620223,
        0.578367,
        0.529919
      ],
      "passed_health": false
    },
    "GPS_029": {
      "elev_deg": 0.0,
      "azim_deg": 63.0,
      "los_enu": [
        0.891007,
        0.45399,
        0.0
      ],
      "passed_health": false
    },
    "GPS_031": {
      "elev_deg": 59.0,
      "azim_deg": 27.0,
      "los_enu": [
        0.233822,
        0.458902,
        0.857167
      ],
      "passed_health": false
    },
    "GPS_032": {
      "elev_deg": 22.0,
      "azim_deg": 99.0,
      "los_enu": [
        0.915769,
        -0.145044,
        0.374607
      ],
      "passed_health": false
    }
  }
}