{
  "label": "m_W3",
  "capture_start_utc": "2026-07-22T00:03:14.500961+00:00",
  "rtcm_file": "m_W3-260722-000314Z.rtcm",
  "rate_hz": 10,
  "duration_sec": 12,
  "ref_sat": "BDS_025",
  "satellites": {
    "BDS_023": {
      "elev_deg": 35.0,
      "azim_deg": 218.0,
      "los_enu": [
        -0.50432,
        -0.645501,
        0.573576
      ],
      "passed_health": false
    },
    "BDS_024": {
      "elev_deg": 31.0,
      "azim_deg": 45.0,
      "los_enu": [
        0.606109,
        0.606109,
        0.515038
      ],
      "passed_health": false
    },
    "BDS_025": {
      "elev_deg": 85.0,
      "azim_deg": 180.0,
      "los_enu": [
        0.0,
        -0.087156,
        0.996195
      ],
      "passed_health": true
    },
    "BDS_032": {
      "elev_deg": 13.0,
      "azim_deg": 315.0,
      "los_enu": [
        -0.688984,
        0.688984,
        0.224951
      ],
      "passed_health": false
    },
    "BDS_033": {
      "elev_deg": 55.0,
      "azim_deg": 118.0,
      "los_enu": [
        0.506438,
        -0.269278,
        0.819152
      ],
      "passed_health": false
    },
    "BDS_041": {
      "elev_deg": 67.0,
      "azim_deg": 335.0,
      "los_enu": [
        -0.16513,
        0.354123,
        0.920505
      ],
      "passed_health": true
    },
    "BDS_042": {
      "elev_deg": 3.0,
      "azim_deg": 130.0,
      "los_enu": [
        0.764995,
        -0.641907,
        0.052336
      ],
      "passed_health": false
    },
    "GPS_001": {
      "elev_deg": 18.0,
      "azim_deg": 237.0,
      "los_enu": [
        -0.797623,
        -0.517983,
        0.309017
      ],
      "passed_health": false
    },
    "GPS_002": {
      "elev_deg": 6.0,
      "azim_deg": 218.0,
      "los_enu": [
        -0.612289,
        -0.783694,
        0.104528
      ],
      "passed_health": false
    },
    "GPS_003": {
      "elev_deg": 60.0,
      "azim_deg": 296.0,
      "los_enu": [
        -0.449397,
        0.219186,
        0.866025
      ],
      "passed_health": true
    },
    "GPS_004": {
      "elev_deg": 25.0,
      "azim_deg": 305.0,
      "los_enu": [
        -0.742404,
        0.519837,
        0.422618
      ],
      "passed_health": false
    },
    "GPS_016": {
      "elev_deg": 42.0,
      "azim_deg": 168.0,
      "los_enu": [
        0.154508,
        -0.726905,
        0.669131
      ],
      "passed_health": false
    },
    "GPS_026": {
      "elev_deg": 66.0,
      "azim_deg": 125.0,
      "los_enu": [
        0.333179,
        -0.233295,
        0.913545
      ],
      "passed_health": true
    },
    "GPS_028": {
      "elev_deg": 32.0,
      "azim_deg": 47.0,
      "los_enu": [
        0.620223,
        0.578367,
        0.529919
      ],
      "passed_health": false
    },
    "GPS_029": {
      "elev_deg": 0.0,
      "azim_deg": 63.0,
      "los_enu": [
        0.891007,
        0.45399,
        0.0
      ],
      "passed_health": false
    },
    "GPS_031": {
      "elev_deg": 59.0,
      "azim_deg": 27.0,
      "los_enu": [
        0.233822,
        0.458902,
        0.857167
      ],
      "passed_health": false
    },
    "GPS_032": {
      "elev_deg": 22.0,
      "azim_deg": 99.0,
      "los_enu": [
        0.915769,
        -0.145044,
        0.374607
      ],
      "passed_health": false
    }
  }
}