{
  "label": "push_W2",
  "capture_start_utc": "2026-07-15T22:43:50.087393+00:00",
  "rtcm_file": "push_W2-260715-224350Z.rtcm",
  "rate_hz": 10,
  "duration_sec": 12,
  "ref_sat": "GPS_028",
  "satellites": {
    "BDS_013": {
      "elev_deg": 13.0,
      "azim_deg": 278.0,
      "los_enu": [
        -0.964888,
        0.135606,
        0.224951
      ],
      "passed_health": false
    },
    "BDS_014": {
      "elev_deg": 61.0,
      "azim_deg": 60.0,
      "los_enu": [
        0.419857,
        0.242405,
        0.87462
      ],
      "passed_health": false
    },
    "BDS_021": {
      "elev_deg": 41.0,
      "azim_deg": 87.0,
      "los_enu": [
        0.753675,
        0.039498,
        0.656059
      ],
      "passed_health": false
    },
    "BDS_024": {
      "elev_deg": 36.0,
      "azim_deg": 186.0,
      "los_enu": [
        -0.084565,
        -0.804585,
        0.587785
      ],
      "passed_health": false
    },
    "BDS_026": {
      "elev_deg": 64.0,
      "azim_deg": 116.0,
      "los_enu": [
        0.394005,
        -0.192169,
        0.898794
      ],
      "passed_health": true
    },
    "BDS_028": {
      "elev_deg": 5.0,
      "azim_deg": 305.0,
      "los_enu": [
        -0.816035,
        0.571394,
        0.087156
      ],
      "passed_health": false
    },
    "BDS_033": {
      "elev_deg": 21.0,
      "azim_deg": 306.0,
      "los_enu": [
        -0.755282,
        0.548745,
        0.358368
      ],
      "passed_health": false
    },
    "BDS_034": {
      "elev_deg": 3.0,
      "azim_deg": 201.0,
      "los_enu": [
        -0.357877,
        -0.932301,
        0.052336
      ],
      "passed_health": false
    },
    "BDS_038": {
      "elev_deg": 13.0,
      "azim_deg": 254.0,
      "los_enu": [
        -0.936625,
        -0.268573,
        0.224951
      ],
      "passed_health": false
    },
    "BDS_039": {
      "elev_deg": 25.0,
      "azim_deg": 46.0,
      "los_enu": [
        0.651943,
        0.629574,
        0.422618
      ],
      "passed_health": false
    },
    "BDS_042": {
      "elev_deg": 64.0,
      "azim_deg": 1.0,
      "los_enu": [
        0.007651,
        0.438304,
        0.898794
      ],
      "passed_health": true
    },
    "GPS_001": {
      "elev_deg": 34.0,
      "azim_deg": 289.0,
      "los_enu": [
        -0.78387,
        0.269908,
        0.559193
      ],
      "passed_health": true
    },
    "GPS_002": {
      "elev_deg": 35.0,
      "azim_deg": 257.0,
      "los_enu": [
        -0.798157,
        -0.184269,
        0.573576
      ],
      "passed_health": true
    },
    "GPS_003": {
      "elev_deg": 18.0,
      "azim_deg": 318.0,
      "los_enu": [
        -0.636381,
        0.706773,
        0.309017
      ],
      "passed_health": false
    },
    "GPS_010": {
      "elev_deg": 35.0,
      "azim_deg": 131.0,
      "los_enu": [
        0.618222,
        -0.537412,
        0.573576
      ],
      "passed_health": false
    },
    "GPS_012": {
      "elev_deg": 3.0,
      "azim_deg": 37.0,
      "los_enu": [
        0.60099,
        0.797541,
        0.052336
      ],
      "passed_health": false
    },
    "GPS_013": {
      "elev_deg": 3.0,
      "azim_deg": 35.0,
      "los_enu": [
        0.57279,
        0.818029,
        0.052336
      ],
      "passed_health": false
    },
    "GPS_016": {
      "elev_deg": 0.0,
      "azim_deg": 184.0,
      "los_enu": [
        -0.069756,
        -0.997564,
        0.0
      ],
      "passed_health": false
    },
    "GPS_023": {
      "elev_deg": 2.0,
      "azim_deg": 135.0,
      "los_enu": [
        0.706676,
        -0.706676,
        0.034899
      ],
      "passed_health": false
    },
    "GPS_025": {
      "elev_deg": 25.0,
      "azim_deg": 64.0,
      "los_enu": [
        0.814584,
        0.397299,
        0.422618
      ],
      "passed_health": true
    },
    "GPS_026": {
      "elev_deg": 23.0,
      "azim_deg": 170.0,
      "los_enu": [
        0.159844,
        -0.90652,
        0.390731
      ],
      "passed_health": false
    },
    "GPS_028": {
      "elev_deg": 77.0,
      "azim_deg": 33.0,
      "los_enu": [
        0.122517,
        0.18866,
        0.97437
      ],
      "passed_health": true
    },
    "GPS_031": {
      "elev_deg": 69.0,
      "azim_deg": 224.0,
      "los_enu": [
        -0.248943,
        -0.257788,
        0.93358
      ],
      "passed_health": false
    },
    "GPS_032": {
      "elev_deg": 49.0,
      "azim_deg": 48.0,
      "los_enu": [
        0.487547,
        0.438989,
        0.75471
      ],
      "passed_health": false
    }
  }
}