{
  "label": "push_W3",
  "capture_start_utc": "2026-07-14T23:02:45.989811+00:00",
  "rtcm_file": "push_W3-260714-230245Z.rtcm",
  "rate_hz": 10,
  "duration_sec": 12,
  "ref_sat": "GPS_031",
  "satellites": {
    "BDS_013": {
      "elev_deg": 7.0,
      "azim_deg": 218.0,
      "los_enu": [
        -0.611072,
        -0.782137,
        0.121869
      ],
      "passed_health": false
    },
    "BDS_014": {
      "elev_deg": 8.0,
      "azim_deg": 109.0,
      "los_enu": [
        0.936317,
        -0.3224,
        0.139173
      ],
      "passed_health": false
    },
    "BDS_023": {
      "elev_deg": 1.0,
      "azim_deg": 206.0,
      "los_enu": [
        -0.438304,
        -0.898657,
        0.017452
      ],
      "passed_health": false
    },
    "BDS_024": {
      "elev_deg": 58.0,
      "azim_deg": 77.0,
      "los_enu": [
        0.516337,
        0.119206,
        0.848048
      ],
      "passed_health": true
    },
    "BDS_025": {
      "elev_deg": 44.0,
      "azim_deg": 187.0,
      "los_enu": [
        -0.087665,
        -0.713978,
        0.694658
      ],
      "passed_health": false
    },
    "BDS_026": {
      "elev_deg": 18.0,
      "azim_deg": 43.0,
      "los_enu": [
        0.648619,
        0.695559,
        0.309017
      ],
      "passed_health": false
    },
    "BDS_027": {
      "elev_deg": 9.0,
      "azim_deg": 285.0,
      "los_enu": [
        -0.954034,
        0.255633,
        0.156434
      ],
      "passed_health": false
    },
    "BDS_028": {
      "elev_deg": 12.0,
      "azim_deg": 245.0,
      "los_enu": [
        -0.886503,
        -0.413383,
        0.207912
      ],
      "passed_health": false
    },
    "BDS_033": {
      "elev_deg": 67.0,
      "azim_deg": 27.0,
      "los_enu": [
        0.177388,
        0.348144,
        0.920505
      ],
      "passed_health": true
    },
    "BDS_041": {
      "elev_deg": 34.0,
      "azim_deg": 315.0,
      "los_enu": [
        -0.586218,
        0.586218,
        0.559193
      ],
      "passed_health": false
    },
    "BDS_042": {
      "elev_deg": 28.0,
      "azim_deg": 100.0,
      "los_enu": [
        0.869534,
        -0.153322,
        0.469472
      ],
      "passed_health": false
    },
    "GPS_001": {
      "elev_deg": 35.0,
      "azim_deg": 280.0,
      "los_enu": [
        -0.806707,
        0.142244,
        0.573576
      ],
      "passed_health": true
    },
    "GPS_002": {
      "elev_deg": 31.0,
      "azim_deg": 249.0,
      "los_enu": [
        -0.800235,
        -0.307181,
        0.515038
      ],
      "passed_health": false
    },
    "GPS_003": {
      "elev_deg": 25.0,
      "azim_deg": 319.0,
      "los_enu": [
        -0.594591,
        0.683999,
        0.422618
      ],
      "passed_health": false
    },
    "GPS_004": {
      "elev_deg": 1.0,
      "azim_deg": 277.0,
      "los_enu": [
        -0.992395,
        0.121851,
        0.017452
      ],
      "passed_health": false
    },
    "GPS_010": {
      "elev_deg": 29.0,
      "azim_deg": 136.0,
      "los_enu": [
        0.607562,
        -0.629149,
        0.48481
      ],
      "passed_health": false
    },
    "GPS_012": {
      "elev_deg": 0.0,
      "azim_deg": 32.0,
      "los_enu": [
        0.529919,
        0.848048,
        0.0
      ],
      "passed_health": false
    },
    "GPS_016": {
      "elev_deg": 5.0,
      "azim_deg": 181.0,
      "los_enu": [
        -0.017386,
        -0.996043,
        0.087156
      ],
      "passed_health": false
    },
    "GPS_025": {
      "elev_deg": 23.0,
      "azim_deg": 57.0,
      "los_enu": [
        0.772,
        0.501343,
        0.390731
      ],
      "passed_health": false
    },
    "GPS_026": {
      "elev_deg": 30.0,
      "azim_deg": 166.0,
      "los_enu": [
        0.209511,
        -0.840301,
        0.5
      ],
      "passed_health": false
    },
    "GPS_028": {
      "elev_deg": 70.0,
      "azim_deg": 31.0,
      "los_enu": [
        0.176153,
        0.293168,
        0.939693
      ],
      "passed_health": true
    },
    "GPS_031": {
      "elev_deg": 76.0,
      "azim_deg": 239.0,
      "los_enu": [
        -0.207368,
        -0.124599,
        0.970296
      ],
      "passed_health": true
    },
    "GPS_032": {
      "elev_deg": 45.0,
      "azim_deg": 57.0,
      "los_enu": [
        0.59303,
        0.385118,
        0.707107
      ],
      "passed_health": true
    }
  }
}