{
  "label": "push_W2",
  "capture_start_utc": "2026-07-21T23:42:15.419486+00:00",
  "rtcm_file": "push_W2-260721-234215Z.rtcm",
  "rate_hz": 10,
  "duration_sec": 12,
  "ref_sat": "BDS_025",
  "satellites": {
    "BDS_023": {
      "elev_deg": 26.0,
      "azim_deg": 213.0,
      "los_enu": [
        -0.489518,
        -0.753792,
        0.438371
      ],
      "passed_health": false
    },
    "BDS_024": {
      "elev_deg": 39.0,
      "azim_deg": 47.0,
      "los_enu": [
        0.568369,
        0.530012,
        0.62932
      ],
      "passed_health": true
    },
    "BDS_025": {
      "elev_deg": 75.0,
      "azim_deg": 189.0,
      "los_enu": [
        -0.040488,
        -0.255633,
        0.965926
      ],
      "passed_health": true
    },
    "BDS_032": {
      "elev_deg": 6.0,
      "azim_deg": 312.0,
      "los_enu": [
        -0.739074,
        0.665465,
        0.104528
      ],
      "passed_health": false
    },
    "BDS_033": {
      "elev_deg": 62.0,
      "azim_deg": 102.0,
      "los_enu": [
        0.459212,
        -0.097609,
        0.882948
      ],
      "passed_health": true
    },
    "BDS_041": {
      "elev_deg": 58.0,
      "azim_deg": 331.0,
      "los_enu": [
        -0.25691,
        0.463478,
        0.848048
      ],
      "passed_health": true
    },
    "BDS_042": {
      "elev_deg": 10.0,
      "azim_deg": 124.0,
      "los_enu": [
        0.816443,
        -0.550698,
        0.173648
      ],
      "passed_health": false
    },
    "GPS_001": {
      "elev_deg": 23.0,
      "azim_deg": 245.0,
      "los_enu": [
        -0.834261,
        -0.389022,
        0.390731
      ],
      "passed_health": true
    },
    "GPS_002": {
      "elev_deg": 11.0,
      "azim_deg": 224.0,
      "los_enu": [
        -0.681896,
        -0.706124,
        0.190809
      ],
      "passed_health": true
    },
    "GPS_003": {
      "elev_deg": 54.0,
      "azim_deg": 308.0,
      "los_enu": [
        -0.463181,
        0.361877,
        0.809017
      ],
      "passed_health": true
    },
    "GPS_004": {
      "elev_deg": 20.0,
      "azim_deg": 299.0,
      "los_enu": [
        -0.821874,
        0.455572,
        0.34202
      ],
      "passed_health": true
    },
    "GPS_016": {
      "elev_deg": 33.0,
      "azim_deg": 171.0,
      "los_enu": [
        0.131197,
        -0.828345,
        0.544639
      ],
      "passed_health": false
    },
    "GPS_025": {
      "elev_deg": 5.0,
      "azim_deg": 37.0,
      "los_enu": [
        0.599525,
        0.795596,
        0.087156
      ],
      "passed_health": false
    },
    "GPS_026": {
      "elev_deg": 59.0,
      "azim_deg": 142.0,
      "los_enu": [
        0.317089,
        -0.405856,
        0.857167
      ],
      "passed_health": true
    },
    "GPS_028": {
      "elev_deg": 40.0,
      "azim_deg": 42.0,
      "los_enu": [
        0.512584,
        0.569282,
        0.642788
      ],
      "passed_health": true
    },
    "GPS_031": {
      "elev_deg": 67.0,
      "azim_deg": 16.0,
      "los_enu": [
        0.1077,
        0.375595,
        0.920505
      ],
      "passed_health": true
    },
    "GPS_032": {
      "elev_deg": 28.0,
      "azim_deg": 90.917,
      "los_enu": [
        0.882835,
        -0.014126,
        0.469472
      ],
      "passed_health": true
    }
  }
}