{
  "label": "pushpull_W1",
  "capture_start_utc": "2026-06-29T16:58:16.624361+00:00",
  "rtcm_file": "pushpull_W1-260629-165816Z.rtcm",
  "rate_hz": 10,
  "duration_sec": 12,
  "ref_sat": "GPS_029",
  "satellites": {
    "BDS_013": {
      "elev_deg": 17.0,
      "azim_deg": 311.0,
      "los_enu": [
        -0.721732,
        0.627392,
        0.292372
      ],
      "passed_health": false
    },
    "BDS_014": {
      "elev_deg": 78.0,
      "azim_deg": 103.0,
      "los_enu": [
        0.202583,
        -0.04677,
        0.978148
      ],
      "passed_health": true
    },
    "BDS_021": {
      "elev_deg": 56.333,
      "azim_deg": 51.333,
      "los_enu": [
        0.432841,
        0.346358,
        0.832277
      ],
      "passed_health": true
    },
    "BDS_022": {
      "elev_deg": 7.0,
      "azim_deg": 38.0,
      "los_enu": [
        0.611072,
        0.782137,
        0.121869
      ],
      "passed_health": false
    },
    "BDS_023": {
      "elev_deg": 0.0,
      "azim_deg": 274.0,
      "los_enu": [
        -0.997564,
        0.069756,
        0.0
      ],
      "passed_health": false
    },
    "BDS_031": {
      "elev_deg": 21.0,
      "azim_deg": 120.0,
      "los_enu": [
        0.808504,
        -0.46679,
        0.358368
      ],
      "passed_health": true
    },
    "BDS_033": {
      "elev_deg": 12.0,
      "azim_deg": 211.0,
      "los_enu": [
        -0.503783,
        -0.838436,
        0.207912
      ],
      "passed_health": false
    },
    "BDS_034": {
      "elev_deg": 71.0,
      "azim_deg": 91.0,
      "los_enu": [
        0.325519,
        -0.005682,
        0.945519
      ],
      "passed_health": true
    },
    "BDS_038": {
      "elev_deg": 42.0,
      "azim_deg": 317.0,
      "los_enu": [
        -0.506824,
        0.543502,
        0.669131
      ],
      "passed_health": true
    },
    "BDS_042": {
      "elev_deg": 65.0,
      "azim_deg": 190.0,
      "los_enu": [
        -0.073387,
        -0.416198,
        0.906308
      ],
      "passed_health": true
    },
    "GPS_005": {
      "elev_deg": 48.0,
      "azim_deg": 36.0,
      "los_enu": [
        0.393305,
        0.541338,
        0.743145
      ],
      "passed_health": true
    },
    "GPS_011": {
      "elev_deg": 9.0,
      "azim_deg": 93.0,
      "los_enu": [
        0.986335,
        -0.051692,
        0.156434
      ],
      "passed_health": false
    },
    "GPS_012": {
      "elev_deg": 1.0,
      "azim_deg": 183.0,
      "los_enu": [
        -0.052328,
        -0.998477,
        0.017452
      ],
      "passed_health": false
    },
    "GPS_015": {
      "elev_deg": 57.0,
      "azim_deg": 153.0,
      "los_enu": [
        0.247261,
        -0.485277,
        0.838671
      ],
      "passed_health": true
    },
    "GPS_016": {
      "elev_deg": 0.0,
      "azim_deg": 326.0,
      "los_enu": [
        -0.559193,
        0.829038,
        0.0
      ],
      "passed_health": false
    },
    "GPS_018": {
      "elev_deg": 38.0,
      "azim_deg": 309.0,
      "los_enu": [
        -0.612399,
        0.495911,
        0.615661
      ],
      "passed_health": true
    },
    "GPS_020": {
      "elev_deg": 52.0,
      "azim_deg": 95.0,
      "los_enu": [
        0.613319,
        -0.053658,
        0.788011
      ],
      "passed_health": true
    },
    "GPS_021": {
      "elev_deg": 17.0,
      "azim_deg": 48.0,
      "los_enu": [
        0.710673,
        0.639893,
        0.292372
      ],
      "passed_health": false
    },
    "GPS_023": {
      "elev_deg": 28.0,
      "azim_deg": 245.0,
      "los_enu": [
        -0.800222,
        -0.37315,
        0.469472
      ],
      "passed_health": true
    },
    "GPS_025": {
      "elev_deg": 15.0,
      "azim_deg": 214.0,
      "los_enu": [
        -0.540139,
        -0.800789,
        0.258819
      ],
      "passed_health": false
    },
    "GPS_026": {
      "elev_deg": 8.0,
      "azim_deg": 300.0,
      "los_enu": [
        -0.857597,
        0.495134,
        0.139173
      ],
      "passed_health": false
    },
    "GPS_029": {
      "elev_deg": 81.0,
      "azim_deg": 261.0,
      "los_enu": [
        -0.154508,
        -0.024472,
        0.987688
      ],
      "passed_health": true
    }
  }
}