{
  "label": "push_W3",
  "capture_start_utc": "2026-07-21T23:56:33.910417+00:00",
  "rtcm_file": "push_W3-260721-235633Z.rtcm",
  "rate_hz": 10,
  "duration_sec": 12,
  "ref_sat": "BDS_025",
  "satellites": {
    "BDS_023": {
      "elev_deg": 32.0,
      "azim_deg": 216.0,
      "los_enu": [
        -0.49847,
        -0.686085,
        0.529919
      ],
      "passed_health": false
    },
    "BDS_024": {
      "elev_deg": 34.0,
      "azim_deg": 45.0,
      "los_enu": [
        0.586218,
        0.586218,
        0.559193
      ],
      "passed_health": false
    },
    "BDS_025": {
      "elev_deg": 82.0,
      "azim_deg": 186.0,
      "los_enu": [
        -0.014548,
        -0.138411,
        0.990268
      ],
      "passed_health": true
    },
    "BDS_032": {
      "elev_deg": 11.0,
      "azim_deg": 314.0,
      "los_enu": [
        -0.706124,
        0.681896,
        0.190809
      ],
      "passed_health": false
    },
    "BDS_033": {
      "elev_deg": 58.0,
      "azim_deg": 113.0,
      "los_enu": [
        0.487793,
        -0.207056,
        0.848048
      ],
      "passed_health": true
    },
    "BDS_041": {
      "elev_deg": 64.0,
      "azim_deg": 334.0,
      "los_enu": [
        -0.192169,
        0.394005,
        0.898794
      ],
      "passed_health": false
    },
    "BDS_042": {
      "elev_deg": 6.0,
      "azim_deg": 128.0,
      "los_enu": [
        0.783694,
        -0.612289,
        0.104528
      ],
      "passed_health": false
    },
    "GPS_001": {
      "elev_deg": 20.0,
      "azim_deg": 240.0,
      "los_enu": [
        -0.813798,
        -0.469846,
        0.34202
      ],
      "passed_health": false
    },
    "GPS_002": {
      "elev_deg": 8.0,
      "azim_deg": 220.0,
      "los_enu": [
        -0.636532,
        -0.758589,
        0.139173
      ],
      "passed_health": false
    },
    "GPS_003": {
      "elev_deg": 58.0,
      "azim_deg": 301.0,
      "los_enu": [
        -0.454229,
        0.272929,
        0.848048
      ],
      "passed_health": true
    },
    "GPS_004": {
      "elev_deg": 23.0,
      "azim_deg": 303.0,
      "los_enu": [
        -0.772,
        0.501343,
        0.390731
      ],
      "passed_health": false
    },
    "GPS_016": {
      "elev_deg": 39.0,
      "azim_deg": 169.0,
      "los_enu": [
        0.148286,
        -0.762868,
        0.62932
      ],
      "passed_health": false
    },
    "GPS_025": {
      "elev_deg": 0.0,
      "azim_deg": 35.0,
      "los_enu": [
        0.573576,
        0.819152,
        0.0
      ],
      "passed_health": false
    },
    "GPS_026": {
      "elev_deg": 64.0,
      "azim_deg": 132.0,
      "los_enu": [
        0.325773,
        -0.293328,
        0.898794
      ],
      "passed_health": true
    },
    "GPS_028": {
      "elev_deg": 35.0,
      "azim_deg": 45.0,
      "los_enu": [
        0.579228,
        0.579228,
        0.573576
      ],
      "passed_health": false
    },
    "GPS_031": {
      "elev_deg": 62.0,
      "azim_deg": 24.0,
      "los_enu": [
        0.190951,
        0.428884,
        0.882948
      ],
      "passed_health": false
    },
    "GPS_032": {
      "elev_deg": 24.0,
      "azim_deg": 96.0,
      "los_enu": [
        0.908541,
        -0.095492,
        0.406737
      ],
      "passed_health": false
    }
  }
}