{
  "label": "push_W1",
  "capture_start_utc": "2026-06-29T16:55:49.809884+00:00",
  "rtcm_file": "push_W1-260629-165549Z.rtcm",
  "rate_hz": 10,
  "duration_sec": 12,
  "ref_sat": "GPS_029",
  "satellites": {
    "BDS_013": {
      "elev_deg": 17.0,
      "azim_deg": 310.0,
      "los_enu": [
        -0.732572,
        0.614701,
        0.292372
      ],
      "passed_health": false
    },
    "BDS_014": {
      "elev_deg": 78.0,
      "azim_deg": 108.0,
      "los_enu": [
        0.197736,
        -0.064248,
        0.978148
      ],
      "passed_health": true
    },
    "BDS_021": {
      "elev_deg": 57.0,
      "azim_deg": 53.0,
      "los_enu": [
        0.434968,
        0.327772,
        0.838671
      ],
      "passed_health": false
    },
    "BDS_022": {
      "elev_deg": 8.0,
      "azim_deg": 38.0,
      "los_enu": [
        0.60967,
        0.780342,
        0.139173
      ],
      "passed_health": false
    },
    "BDS_023": {
      "elev_deg": 0.0,
      "azim_deg": 275.0,
      "los_enu": [
        -0.996195,
        0.087156,
        0.0
      ],
      "passed_health": false
    },
    "BDS_031": {
      "elev_deg": 22.0,
      "azim_deg": 120.0,
      "los_enu": [
        0.802965,
        -0.463592,
        0.374607
      ],
      "passed_health": false
    },
    "BDS_033": {
      "elev_deg": 11.0,
      "azim_deg": 211.0,
      "los_enu": [
        -0.505575,
        -0.841419,
        0.190809
      ],
      "passed_health": false
    },
    "BDS_034": {
      "elev_deg": 71.0,
      "azim_deg": 88.0,
      "los_enu": [
        0.32537,
        0.011362,
        0.945519
      ],
      "passed_health": true
    },
    "BDS_038": {
      "elev_deg": 41.0,
      "azim_deg": 317.0,
      "los_enu": [
        -0.514711,
        0.55196,
        0.656059
      ],
      "passed_health": false
    },
    "BDS_042": {
      "elev_deg": 64.0,
      "azim_deg": 190.0,
      "los_enu": [
        -0.076122,
        -0.431711,
        0.898794
      ],
      "passed_health": false
    },
    "GPS_005": {
      "elev_deg": 49.0,
      "azim_deg": 35.0,
      "los_enu": [
        0.3763,
        0.537412,
        0.75471
      ],
      "passed_health": false
    },
    "GPS_011": {
      "elev_deg": 9.0,
      "azim_deg": 92.0,
      "los_enu": [
        0.987087,
        -0.03447,
        0.156434
      ],
      "passed_health": false
    },
    "GPS_012": {
      "elev_deg": 2.0,
      "azim_deg": 183.0,
      "los_enu": [
        -0.052304,
        -0.998021,
        0.034899
      ],
      "passed_health": false
    },
    "GPS_015": {
      "elev_deg": 56.0,
      "azim_deg": 154.0,
      "los_enu": [
        0.245134,
        -0.502599,
        0.829038
      ],
      "passed_health": false
    },
    "GPS_016": {
      "elev_deg": 0.0,
      "azim_deg": 326.0,
      "los_enu": [
        -0.559193,
        0.829038,
        0.0
      ],
      "passed_health": false
    },
    "GPS_018": {
      "elev_deg": 37.0,
      "azim_deg": 308.0,
      "los_enu": [
        -0.629333,
        0.491689,
        0.601815
      ],
      "passed_health": false
    },
    "GPS_020": {
      "elev_deg": 52.0,
      "azim_deg": 96.0,
      "los_enu": [
        0.612289,
        -0.064354,
        0.788011
      ],
      "passed_health": true
    },
    "GPS_021": {
      "elev_deg": 18.0,
      "azim_deg": 48.0,
      "los_enu": [
        0.706773,
        0.636381,
        0.309017
      ],
      "passed_health": false
    },
    "GPS_023": {
      "elev_deg": 26.833,
      "azim_deg": 243.833,
      "los_enu": [
        -0.800874,
        -0.3935,
        0.451397
      ],
      "passed_health": false
    },
    "GPS_025": {
      "elev_deg": 15.333,
      "azim_deg": 214.333,
      "los_enu": [
        -0.54393,
        -0.796376,
        0.264434
      ],
      "passed_health": false
    },
    "GPS_026": {
      "elev_deg": 8.0,
      "azim_deg": 301.417,
      "los_enu": [
        -0.845094,
        0.516185,
        0.139173
      ],
      "passed_health": false
    },
    "GPS_029": {
      "elev_deg": 81.0,
      "azim_deg": 272.668,
      "los_enu": [
        -0.156265,
        0.007282,
        0.987688
      ],
      "passed_health": true
    }
  }
}