{
  "label": "pushpull_W1",
  "capture_start_utc": "2026-07-01T00:43:41.463637+00:00",
  "rtcm_file": "pushpull_W1-260701-004341Z.rtcm",
  "rate_hz": 10,
  "duration_sec": 12,
  "ref_sat": "GPS_031",
  "satellites": {
    "BDS_023": {
      "elev_deg": 18.0,
      "azim_deg": 210.0,
      "los_enu": [
        -0.475528,
        -0.823639,
        0.309017
      ],
      "passed_health": false
    },
    "BDS_024": {
      "elev_deg": 47.0,
      "azim_deg": 53.0,
      "los_enu": [
        0.544668,
        0.410437,
        0.731354
      ],
      "passed_health": false
    },
    "BDS_025": {
      "elev_deg": 64.0,
      "azim_deg": 188.0,
      "los_enu": [
        -0.061009,
        -0.434105,
        0.898794
      ],
      "passed_health": false
    },
    "BDS_026": {
      "elev_deg": 3.0,
      "azim_deg": 40.0,
      "los_enu": [
        0.641907,
        0.764995,
        0.052336
      ],
      "passed_health": false
    },
    "BDS_027": {
      "elev_deg": 2.0,
      "azim_deg": 269.0,
      "los_enu": [
        -0.999239,
        -0.017442,
        0.034899
      ],
      "passed_health": false
    },
    "BDS_028": {
      "elev_deg": 1.0,
      "azim_deg": 231.0,
      "los_enu": [
        -0.777028,
        -0.629225,
        0.017452
      ],
      "passed_health": false
    },
    "BDS_033": {
      "elev_deg": 67.0,
      "azim_deg": 79.0,
      "los_enu": [
        0.383552,
        0.074555,
        0.920505
      ],
      "passed_health": true
    },
    "BDS_041": {
      "elev_deg": 49.0,
      "azim_deg": 326.0,
      "los_enu": [
        -0.366864,
        0.543898,
        0.75471
      ],
      "passed_health": false
    },
    "BDS_042": {
      "elev_deg": 17.0,
      "azim_deg": 116.0,
      "los_enu": [
        0.859521,
        -0.419216,
        0.292372
      ],
      "passed_health": false
    },
    "GPS_001": {
      "elev_deg": 29.0,
      "azim_deg": 257.0,
      "los_enu": [
        -0.852203,
        -0.196747,
        0.48481
      ],
      "passed_health": false
    },
    "GPS_002": {
      "elev_deg": 18.0,
      "azim_deg": 232.0,
      "los_enu": [
        -0.749443,
        -0.585529,
        0.309017
      ],
      "passed_health": false
    },
    "GPS_003": {
      "elev_deg": 44.0,
      "azim_deg": 316.0,
      "los_enu": [
        -0.499695,
        0.51745,
        0.694658
      ],
      "passed_health": false
    },
    "GPS_004": {
      "elev_deg": 13.0,
      "azim_deg": 291.0,
      "los_enu": [
        -0.909653,
        0.349183,
        0.224951
      ],
      "passed_health": false
    },
    "GPS_010": {
      "elev_deg": 11.0,
      "azim_deg": 146.0,
      "los_enu": [
        0.548919,
        -0.813806,
        0.190809
      ],
      "passed_health": false
    },
    "GPS_016": {
      "elev_deg": 22.0,
      "azim_deg": 174.0,
      "los_enu": [
        0.096917,
        -0.922105,
        0.374607
      ],
      "passed_health": false
    },
    "GPS_025": {
      "elev_deg": 13.0,
      "azim_deg": 42.0,
      "los_enu": [
        0.651981,
        0.724098,
        0.224951
      ],
      "passed_health": false
    },
    "GPS_026": {
      "elev_deg": 49.0,
      "azim_deg": 154.0,
      "los_enu": [
        0.287597,
        -0.589662,
        0.75471
      ],
      "passed_health": false
    },
    "GPS_028": {
      "elev_deg": 51.0,
      "azim_deg": 37.0,
      "los_enu": [
        0.378734,
        0.502598,
        0.777146
      ],
      "passed_health": false
    },
    "GPS_031": {
      "elev_deg": 78.0,
      "azim_deg": 350.0,
      "los_enu": [
        -0.036103,
        0.204753,
        0.978148
      ],
      "passed_health": true
    },
    "GPS_032": {
      "elev_deg": 35.0,
      "azim_deg": 79.0,
      "los_enu": [
        0.804102,
        0.156302,
        0.573576
      ],
      "passed_health": false
    }
  }
}