{
  "label": "push_W3",
  "capture_start_utc": "2026-07-15T22:59:57.682793+00:00",
  "rtcm_file": "push_W3-260715-225957Z.rtcm",
  "rate_hz": 10,
  "duration_sec": 12,
  "ref_sat": "GPS_031",
  "satellites": {
    "BDS_013": {
      "elev_deg": 10.0,
      "azim_deg": 272.0,
      "los_enu": [
        -0.984208,
        0.034369,
        0.173648
      ],
      "passed_health": false
    },
    "BDS_014": {
      "elev_deg": 59.0,
      "azim_deg": 73.182,
      "los_enu": [
        0.493009,
        0.149019,
        0.857167
      ],
      "passed_health": true
    },
    "BDS_021": {
      "elev_deg": 37.0,
      "azim_deg": 95.0,
      "los_enu": [
        0.795596,
        -0.069606,
        0.601815
      ],
      "passed_health": false
    },
    "BDS_024": {
      "elev_deg": 43.0,
      "azim_deg": 186.0,
      "los_enu": [
        -0.076447,
        -0.727347,
        0.681998
      ],
      "passed_health": false
    },
    "BDS_026": {
      "elev_deg": 66.0,
      "azim_deg": 98.818,
      "los_enu": [
        0.401929,
        -0.062353,
        0.913545
      ],
      "passed_health": true
    },
    "BDS_028": {
      "elev_deg": 5.0,
      "azim_deg": 299.0,
      "los_enu": [
        -0.871292,
        0.482965,
        0.087156
      ],
      "passed_health": false
    },
    "BDS_033": {
      "elev_deg": 25.182,
      "azim_deg": 310.182,
      "los_enu": [
        -0.691392,
        0.583895,
        0.425492
      ],
      "passed_health": false
    },
    "BDS_038": {
      "elev_deg": 9.0,
      "azim_deg": 248.0,
      "los_enu": [
        -0.915769,
        -0.369995,
        0.156434
      ],
      "passed_health": false
    },
    "BDS_039": {
      "elev_deg": 20.0,
      "azim_deg": 43.0,
      "los_enu": [
        0.640869,
        0.687248,
        0.34202
      ],
      "passed_health": false
    },
    "BDS_042": {
      "elev_deg": 67.0,
      "azim_deg": 15.182,
      "los_enu": [
        0.102326,
        0.377094,
        0.920505
      ],
      "passed_health": true
    },
    "GPS_001": {
      "elev_deg": 35.0,
      "azim_deg": 279.0,
      "los_enu": [
        -0.809067,
        0.128144,
        0.573576
      ],
      "passed_health": true
    },
    "GPS_002": {
      "elev_deg": 31.0,
      "azim_deg": 248.091,
      "los_enu": [
        -0.79526,
        -0.319839,
        0.515038
      ],
      "passed_health": false
    },
    "GPS_003": {
      "elev_deg": 25.818,
      "azim_deg": 319.0,
      "los_enu": [
        -0.590572,
        0.679375,
        0.435517
      ],
      "passed_health": false
    },
    "GPS_004": {
      "elev_deg": 1.818,
      "azim_deg": 277.818,
      "los_enu": [
        -0.990206,
        0.135962,
        0.031728
      ],
      "passed_health": false
    },
    "GPS_010": {
      "elev_deg": 28.727,
      "azim_deg": 136.273,
      "los_enu": [
        0.606149,
        -0.633694,
        0.480641
      ],
      "passed_health": false
    },
    "GPS_012": {
      "elev_deg": 0.0,
      "azim_deg": 32.0,
      "los_enu": [
        0.529919,
        0.848048,
        0.0
      ],
      "passed_health": false
    },
    "GPS_016": {
      "elev_deg": 5.0,
      "azim_deg": 181.0,
      "los_enu": [
        -0.017386,
        -0.996043,
        0.087156
      ],
      "passed_health": false
    },
    "GPS_025": {
      "elev_deg": 23.0,
      "azim_deg": 57.0,
      "los_enu": [
        0.772,
        0.501343,
        0.390731
      ],
      "passed_health": false
    },
    "GPS_026": {
      "elev_deg": 30.0,
      "azim_deg": 166.0,
      "los_enu": [
        0.209511,
        -0.840301,
        0.5
      ],
      "passed_health": false
    },
    "GPS_028": {
      "elev_deg": 70.0,
      "azim_deg": 31.0,
      "los_enu": [
        0.176153,
        0.293168,
        0.939693
      ],
      "passed_health": false
    },
    "GPS_031": {
      "elev_deg": 76.0,
      "azim_deg": 239.0,
      "los_enu": [
        -0.207368,
        -0.124599,
        0.970296
      ],
      "passed_health": true
    },
    "GPS_032": {
      "elev_deg": 45.0,
      "azim_deg": 57.0,
      "los_enu": [
        0.59303,
        0.385118,
        0.707107
      ],
      "passed_health": true
    }
  }
}