{
  "label": "pushpull_W3",
  "capture_start_utc": "2026-07-15T00:19:36.875047+00:00",
  "rtcm_file": "pushpull_W3-260715-001936Z.rtcm",
  "rate_hz": 10,
  "duration_sec": 12,
  "ref_sat": "BDS_025",
  "satellites": {
    "BDS_023": {
      "elev_deg": 30.0,
      "azim_deg": 215.0,
      "los_enu": [
        -0.496732,
        -0.709406,
        0.5
      ],
      "passed_health": false
    },
    "BDS_024": {
      "elev_deg": 36.0,
      "azim_deg": 46.0,
      "los_enu": [
        0.581958,
        0.56199,
        0.587785
      ],
      "passed_health": false
    },
    "BDS_025": {
      "elev_deg": 79.0,
      "azim_deg": 187.0,
      "los_enu": [
        -0.023254,
        -0.189387,
        0.981627
      ],
      "passed_health": true
    },
    "BDS_032": {
      "elev_deg": 9.0,
      "azim_deg": 313.0,
      "los_enu": [
        -0.72235,
        0.673602,
        0.156434
      ],
      "passed_health": false
    },
    "BDS_033": {
      "elev_deg": 59.0,
      "azim_deg": 109.0,
      "los_enu": [
        0.486978,
        -0.16768,
        0.857167
      ],
      "passed_health": true
    },
    "BDS_041": {
      "elev_deg": 62.0,
      "azim_deg": 333.0,
      "los_enu": [
        -0.213136,
        0.418302,
        0.882948
      ],
      "passed_health": false
    },
    "BDS_042": {
      "elev_deg": 7.0,
      "azim_deg": 126.0,
      "los_enu": [
        0.802987,
        -0.583404,
        0.121869
      ],
      "passed_health": false
    },
    "GPS_001": {
      "elev_deg": 21.0,
      "azim_deg": 242.0,
      "los_enu": [
        -0.824303,
        -0.438289,
        0.358368
      ],
      "passed_health": false
    },
    "GPS_002": {
      "elev_deg": 9.0,
      "azim_deg": 221.0,
      "los_enu": [
        -0.647982,
        -0.745418,
        0.156434
      ],
      "passed_health": false
    },
    "GPS_003": {
      "elev_deg": 57.0,
      "azim_deg": 303.0,
      "los_enu": [
        -0.456773,
        0.296632,
        0.838671
      ],
      "passed_health": false
    },
    "GPS_004": {
      "elev_deg": 22.0,
      "azim_deg": 302.0,
      "los_enu": [
        -0.786297,
        0.491333,
        0.374607
      ],
      "passed_health": false
    },
    "GPS_016": {
      "elev_deg": 36.583,
      "azim_deg": 170.0,
      "los_enu": [
        0.139438,
        -0.790792,
        0.595991
      ],
      "passed_health": false
    },
    "GPS_025": {
      "elev_deg": 2.0,
      "azim_deg": 36.0,
      "los_enu": [
        0.587427,
        0.808524,
        0.034899
      ],
      "passed_health": false
    },
    "GPS_026": {
      "elev_deg": 62.0,
      "azim_deg": 137.0,
      "los_enu": [
        0.320179,
        -0.34335,
        0.882948
      ],
      "passed_health": true
    },
    "GPS_028": {
      "elev_deg": 37.0,
      "azim_deg": 44.0,
      "los_enu": [
        0.554779,
        0.57449,
        0.601815
      ],
      "passed_health": false
    },
    "GPS_031": {
      "elev_deg": 65.0,
      "azim_deg": 20.0,
      "los_enu": [
        0.144544,
        0.397131,
        0.906308
      ],
      "passed_health": false
    },
    "GPS_032": {
      "elev_deg": 26.0,
      "azim_deg": 93.0,
      "los_enu": [
        0.897562,
        -0.047039,
        0.438371
      ],
      "passed_health": false
    }
  }
}