{
  "label": "pushpull_W3",
  "capture_start_utc": "2026-07-21T23:59:43.782743+00:00",
  "rtcm_file": "pushpull_W3-260721-235943Z.rtcm",
  "rate_hz": 10,
  "duration_sec": 12,
  "ref_sat": "BDS_025",
  "satellites": {
    "BDS_023": {
      "elev_deg": 34.0,
      "azim_deg": 217.0,
      "los_enu": [
        -0.498927,
        -0.662099,
        0.559193
      ],
      "passed_health": false
    },
    "BDS_024": {
      "elev_deg": 32.636,
      "azim_deg": 45.0,
      "los_enu": [
        0.595462,
        0.595462,
        0.539305
      ],
      "passed_health": false
    },
    "BDS_025": {
      "elev_deg": 83.0,
      "azim_deg": 184.0,
      "los_enu": [
        -0.008501,
        -0.121572,
        0.992546
      ],
      "passed_health": true
    },
    "BDS_032": {
      "elev_deg": 11.0,
      "azim_deg": 315.0,
      "los_enu": [
        -0.694115,
        0.694115,
        0.190809
      ],
      "passed_health": false
    },
    "BDS_033": {
      "elev_deg": 57.0,
      "azim_deg": 115.0,
      "los_enu": [
        0.493611,
        -0.230174,
        0.838671
      ],
      "passed_health": false
    },
    "BDS_041": {
      "elev_deg": 65.0,
      "azim_deg": 334.0,
      "los_enu": [
        -0.185264,
        0.379847,
        0.906308
      ],
      "passed_health": false
    },
    "BDS_042": {
      "elev_deg": 5.0,
      "azim_deg": 128.0,
      "los_enu": [
        0.785012,
        -0.613319,
        0.087156
      ],
      "passed_health": false
    },
    "GPS_001": {
      "elev_deg": 18.0,
      "azim_deg": 238.0,
      "los_enu": [
        -0.806542,
        -0.503983,
        0.309017
      ],
      "passed_health": false
    },
    "GPS_002": {
      "elev_deg": 6.0,
      "azim_deg": 219.0,
      "los_enu": [
        -0.625873,
        -0.772889,
        0.104528
      ],
      "passed_health": false
    },
    "GPS_003": {
      "elev_deg": 60.0,
      "azim_deg": 298.0,
      "los_enu": [
        -0.441474,
        0.234736,
        0.866025
      ],
      "passed_health": true
    },
    "GPS_004": {
      "elev_deg": 25.0,
      "azim_deg": 305.0,
      "los_enu": [
        -0.742404,
        0.519837,
        0.422618
      ],
      "passed_health": false
    },
    "GPS_016": {
      "elev_deg": 41.0,
      "azim_deg": 168.0,
      "los_enu": [
        0.156913,
        -0.738217,
        0.656059
      ],
      "passed_health": false
    },
    "GPS_026": {
      "elev_deg": 65.0,
      "azim_deg": 128.0,
      "los_enu": [
        0.333028,
        -0.26019,
        0.906308
      ],
      "passed_health": true
    },
    "GPS_028": {
      "elev_deg": 33.0,
      "azim_deg": 46.0,
      "los_enu": [
        0.603289,
        0.58259,
        0.544639
      ],
      "passed_health": false
    },
    "GPS_029": {
      "elev_deg": 0.0,
      "azim_deg": 64.0,
      "los_enu": [
        0.898794,
        0.438371,
        0.0
      ],
      "passed_health": false
    },
    "GPS_031": {
      "elev_deg": 60.0,
      "azim_deg": 26.0,
      "los_enu": [
        0.219186,
        0.449397,
        0.866025
      ],
      "passed_health": false
    },
    "GPS_032": {
      "elev_deg": 23.0,
      "azim_deg": 98.0,
      "los_enu": [
        0.911547,
        -0.12811,
        0.390731
      ],
      "passed_health": false
    }
  }
}