{
  "label": "push_W0",
  "capture_start_utc": "2026-07-01T00:19:49.290632+00:00",
  "rtcm_file": "push_W0-260701-001949Z.rtcm",
  "rate_hz": 10,
  "duration_sec": 12,
  "ref_sat": "GPS_031",
  "satellites": {
    "BDS_013": {
      "elev_deg": 1.0,
      "azim_deg": 211.0,
      "los_enu": [
        -0.51496,
        -0.857037,
        0.017452
      ],
      "passed_health": false
    },
    "BDS_014": {
      "elev_deg": 2.0,
      "azim_deg": 116.0,
      "los_enu": [
        0.898247,
        -0.438104,
        0.034899
      ],
      "passed_health": false
    },
    "BDS_023": {
      "elev_deg": 9.0,
      "azim_deg": 207.0,
      "los_enu": [
        -0.448401,
        -0.880037,
        0.156434
      ],
      "passed_health": false
    },
    "BDS_024": {
      "elev_deg": 54.0,
      "azim_deg": 63.0,
      "los_enu": [
        0.52372,
        0.266849,
        0.809017
      ],
      "passed_health": true
    },
    "BDS_025": {
      "elev_deg": 53.0,
      "azim_deg": 187.0,
      "los_enu": [
        -0.073343,
        -0.597329,
        0.798636
      ],
      "passed_health": true
    },
    "BDS_026": {
      "elev_deg": 11.0,
      "azim_deg": 40.0,
      "los_enu": [
        0.630978,
        0.75197,
        0.190809
      ],
      "passed_health": false
    },
    "BDS_027": {
      "elev_deg": 6.0,
      "azim_deg": 277.0,
      "los_enu": [
        -0.987109,
        0.121202,
        0.104528
      ],
      "passed_health": false
    },
    "BDS_028": {
      "elev_deg": 6.0,
      "azim_deg": 238.0,
      "los_enu": [
        -0.843402,
        -0.527016,
        0.104528
      ],
      "passed_health": false
    },
    "BDS_033": {
      "elev_deg": 68.0,
      "azim_deg": 52.417,
      "los_enu": [
        0.296863,
        0.228478,
        0.927184
      ],
      "passed_health": true
    },
    "BDS_041": {
      "elev_deg": 41.0,
      "azim_deg": 320.0,
      "los_enu": [
        -0.485118,
        0.578141,
        0.656059
      ],
      "passed_health": true
    },
    "BDS_042": {
      "elev_deg": 23.0,
      "azim_deg": 108.0,
      "los_enu": [
        0.875452,
        -0.284452,
        0.390731
      ],
      "passed_health": true
    },
    "GPS_001": {
      "elev_deg": 33.0,
      "azim_deg": 269.0,
      "los_enu": [
        -0.838543,
        -0.014637,
        0.544639
      ],
      "passed_health": true
    },
    "GPS_002": {
      "elev_deg": 25.5,
      "azim_deg": 240.5,
      "los_enu": [
        -0.78557,
        -0.444454,
        0.430511
      ],
      "passed_health": true
    },
    "GPS_003": {
      "elev_deg": 33.417,
      "azim_deg": 319.0,
      "los_enu": [
        -0.547604,
        0.629947,
        0.550724
      ],
      "passed_health": false
    },
    "GPS_004": {
      "elev_deg": 6.0,
      "azim_deg": 284.0,
      "los_enu": [
        -0.96498,
        0.240597,
        0.104528
      ],
      "passed_health": false
    },
    "GPS_010": {
      "elev_deg": 20.833,
      "azim_deg": 141.167,
      "los_enu": [
        0.586059,
        -0.728043,
        0.355651
      ],
      "passed_health": false
    },
    "GPS_016": {
      "elev_deg": 12.083,
      "azim_deg": 178.0,
      "los_enu": [
        0.034126,
        -0.977248,
        0.209334
      ],
      "passed_health": false
    },
    "GPS_025": {
      "elev_deg": 20.0,
      "azim_deg": 50.0,
      "los_enu": [
        0.719846,
        0.604023,
        0.34202
      ],
      "passed_health": true
    },
    "GPS_026": {
      "elev_deg": 38.0,
      "azim_deg": 162.0,
      "los_enu": [
        0.243509,
        -0.749443,
        0.615661
      ],
      "passed_health": false
    },
    "GPS_028": {
      "elev_deg": 61.0,
      "azim_deg": 33.0,
      "los_enu": [
        0.264046,
        0.406596,
        0.87462
      ],
      "passed_health": true
    },
    "GPS_031": {
      "elev_deg": 81.0,
      "azim_deg": 277.0,
      "los_enu": [
        -0.155268,
        0.019065,
        0.987688
      ],
      "passed_health": true
    },
    "GPS_032": {
      "elev_deg": 41.0,
      "azim_deg": 67.0,
      "los_enu": [
        0.694714,
        0.294889,
        0.656059
      ],
      "passed_health": true
    }
  }
}