{
  "label": "push_W3",
  "capture_start_utc": "2026-06-29T17:26:52.989565+00:00",
  "rtcm_file": "push_W3-260629-172652Z.rtcm",
  "rate_hz": 10,
  "duration_sec": 12,
  "ref_sat": "BDS_042",
  "satellites": {
    "BDS_013": {
      "elev_deg": 27.0,
      "azim_deg": 315.0,
      "los_enu": [
        -0.630037,
        0.630037,
        0.45399
      ],
      "passed_health": false
    },
    "BDS_014": {
      "elev_deg": 72.0,
      "azim_deg": 54.0,
      "los_enu": [
        0.25,
        0.181636,
        0.951057
      ],
      "passed_health": true
    },
    "BDS_021": {
      "elev_deg": 46.0,
      "azim_deg": 43.0,
      "los_enu": [
        0.473756,
        0.508041,
        0.71934
      ],
      "passed_health": false
    },
    "BDS_028": {
      "elev_deg": 1.0,
      "azim_deg": 311.0,
      "los_enu": [
        -0.754595,
        0.655959,
        0.017452
      ],
      "passed_health": false
    },
    "BDS_031": {
      "elev_deg": 12.0,
      "azim_deg": 128.0,
      "los_enu": [
        0.770791,
        -0.602208,
        0.207912
      ],
      "passed_health": false
    },
    "BDS_033": {
      "elev_deg": 23.0,
      "azim_deg": 216.0,
      "los_enu": [
        -0.541059,
        -0.744704,
        0.390731
      ],
      "passed_health": false
    },
    "BDS_034": {
      "elev_deg": 63.0,
      "azim_deg": 118.0,
      "los_enu": [
        0.40085,
        -0.213136,
        0.891007
      ],
      "passed_health": true
    },
    "BDS_038": {
      "elev_deg": 53.0,
      "azim_deg": 319.0,
      "los_enu": [
        -0.394826,
        0.454196,
        0.798636
      ],
      "passed_health": false
    },
    "BDS_042": {
      "elev_deg": 79.0,
      "azim_deg": 194.0,
      "los_enu": [
        -0.046161,
        -0.185141,
        0.981627
      ],
      "passed_health": true
    },
    "GPS_005": {
      "elev_deg": 36.833,
      "azim_deg": 43.0,
      "los_enu": [
        0.54586,
        0.585363,
        0.599489
      ],
      "passed_health": false
    },
    "GPS_010": {
      "elev_deg": 6.0,
      "azim_deg": 243.0,
      "los_enu": [
        -0.886125,
        -0.451503,
        0.104528
      ],
      "passed_health": false
    },
    "GPS_011": {
      "elev_deg": 1.0,
      "azim_deg": 102.0,
      "los_enu": [
        0.977999,
        -0.20788,
        0.017452
      ],
      "passed_health": false
    },
    "GPS_015": {
      "elev_deg": 68.0,
      "azim_deg": 133.0,
      "los_enu": [
        0.27397,
        -0.255481,
        0.927184
      ],
      "passed_health": true
    },
    "GPS_016": {
      "elev_deg": 4.0,
      "azim_deg": 316.0,
      "los_enu": [
        -0.692966,
        0.717588,
        0.069756
      ],
      "passed_health": false
    },
    "GPS_018": {
      "elev_deg": 46.0,
      "azim_deg": 320.0,
      "los_enu": [
        -0.446518,
        0.532139,
        0.71934
      ],
      "passed_health": false
    },
    "GPS_020": {
      "elev_deg": 51.0,
      "azim_deg": 73.0,
      "los_enu": [
        0.601822,
        0.183995,
        0.777146
      ],
      "passed_health": true
    },
    "GPS_021": {
      "elev_deg": 8.0,
      "azim_deg": 53.0,
      "los_enu": [
        0.790863,
        0.595958,
        0.139173
      ],
      "passed_health": false
    },
    "GPS_023": {
      "elev_deg": 36.0,
      "azim_deg": 257.0,
      "los_enu": [
        -0.788282,
        -0.181989,
        0.587785
      ],
      "passed_health": false
    },
    "GPS_024": {
      "elev_deg": 5.0,
      "azim_deg": 149.0,
      "los_enu": [
        0.513078,
        -0.853906,
        0.087156
      ],
      "passed_health": false
    },
    "GPS_025": {
      "elev_deg": 7.0,
      "azim_deg": 206.0,
      "los_enu": [
        -0.435104,
        -0.892095,
        0.121869
      ],
      "passed_health": false
    },
    "GPS_026": {
      "elev_deg": 7.0,
      "azim_deg": 289.0,
      "los_enu": [
        -0.938471,
        0.323141,
        0.121869
      ],
      "passed_health": false
    },
    "GPS_029": {
      "elev_deg": 74.0,
      "azim_deg": 201.0,
      "los_enu": [
        -0.09878,
        -0.25733,
        0.961262
      ],
      "passed_health": true
    }
  }
}