{
  "label": "push_W3",
  "capture_start_utc": "2026-07-01T01:11:15.241899+00:00",
  "rtcm_file": "push_W3-260701-011115Z.rtcm",
  "rate_hz": 10,
  "duration_sec": 12,
  "ref_sat": "BDS_025",
  "satellites": {
    "BDS_023": {
      "elev_deg": 28.917,
      "azim_deg": 214.0,
      "los_enu": [
        -0.489475,
        -0.725676,
        0.483537
      ],
      "passed_health": false
    },
    "BDS_024": {
      "elev_deg": 37.167,
      "azim_deg": 46.0,
      "los_enu": [
        0.573229,
        0.55356,
        0.604136
      ],
      "passed_health": false
    },
    "BDS_025": {
      "elev_deg": 77.75,
      "azim_deg": 187.0,
      "los_enu": [
        -0.025858,
        -0.210596,
        0.977231
      ],
      "passed_health": true
    },
    "BDS_032": {
      "elev_deg": 7.167,
      "azim_deg": 312.167,
      "los_enu": [
        -0.735405,
        0.666045,
        0.124756
      ],
      "passed_health": false
    },
    "BDS_033": {
      "elev_deg": 60.917,
      "azim_deg": 105.083,
      "los_enu": [
        0.469335,
        -0.12649,
        0.873914
      ],
      "passed_health": true
    },
    "BDS_041": {
      "elev_deg": 60.0,
      "azim_deg": 332.0,
      "los_enu": [
        -0.234736,
        0.441474,
        0.866025
      ],
      "passed_health": false
    },
    "BDS_042": {
      "elev_deg": 9.0,
      "azim_deg": 125.0,
      "los_enu": [
        0.809067,
        -0.566515,
        0.156434
      ],
      "passed_health": false
    },
    "GPS_001": {
      "elev_deg": 23.0,
      "azim_deg": 245.0,
      "los_enu": [
        -0.834261,
        -0.389022,
        0.390731
      ],
      "passed_health": false
    },
    "GPS_002": {
      "elev_deg": 10.0,
      "azim_deg": 223.0,
      "los_enu": [
        -0.671637,
        -0.720243,
        0.173648
      ],
      "passed_health": false
    },
    "GPS_003": {
      "elev_deg": 55.0,
      "azim_deg": 307.0,
      "los_enu": [
        -0.458079,
        0.345187,
        0.819152
      ],
      "passed_health": false
    },
    "GPS_004": {
      "elev_deg": 20.0,
      "azim_deg": 300.0,
      "los_enu": [
        -0.813798,
        0.469846,
        0.34202
      ],
      "passed_health": false
    },
    "GPS_010": {
      "elev_deg": 0.0,
      "azim_deg": 149.0,
      "los_enu": [
        0.515038,
        -0.857167,
        0.0
      ],
      "passed_health": false
    },
    "GPS_016": {
      "elev_deg": 34.0,
      "azim_deg": 171.0,
      "los_enu": [
        0.12969,
        -0.818831,
        0.559193
      ],
      "passed_health": false
    },
    "GPS_025": {
      "elev_deg": 4.0,
      "azim_deg": 36.0,
      "los_enu": [
        0.586353,
        0.807046,
        0.069756
      ],
      "passed_health": false
    },
    "GPS_026": {
      "elev_deg": 60.0,
      "azim_deg": 140.0,
      "los_enu": [
        0.321394,
        -0.383022,
        0.866025
      ],
      "passed_health": false
    },
    "GPS_028": {
      "elev_deg": 40.0,
      "azim_deg": 42.0,
      "los_enu": [
        0.512584,
        0.569282,
        0.642788
      ],
      "passed_health": false
    },
    "GPS_031": {
      "elev_deg": 67.0,
      "azim_deg": 17.0,
      "los_enu": [
        0.114239,
        0.373658,
        0.920505
      ],
      "passed_health": false
    },
    "GPS_032": {
      "elev_deg": 28.0,
      "azim_deg": 91.0,
      "los_enu": [
        0.882813,
        -0.01541,
        0.469472
      ],
      "passed_health": false
    }
  }
}