{
  "label": "push_W3",
  "capture_start_utc": "2026-06-29T17:25:49.900449+00:00",
  "rtcm_file": "push_W3-260629-172549Z.rtcm",
  "rate_hz": 10,
  "duration_sec": 12,
  "ref_sat": "BDS_042",
  "satellites": {
    "BDS_013": {
      "elev_deg": 26.0,
      "azim_deg": 314.0,
      "los_enu": [
        -0.646538,
        0.624355,
        0.438371
      ],
      "passed_health": false
    },
    "BDS_014": {
      "elev_deg": 73.0,
      "azim_deg": 56.0,
      "los_enu": [
        0.242387,
        0.163492,
        0.956305
      ],
      "passed_health": true
    },
    "BDS_021": {
      "elev_deg": 46.0,
      "azim_deg": 43.0,
      "los_enu": [
        0.473756,
        0.508041,
        0.71934
      ],
      "passed_health": true
    },
    "BDS_028": {
      "elev_deg": 0.0,
      "azim_deg": 311.0,
      "los_enu": [
        -0.75471,
        0.656059,
        0.0
      ],
      "passed_health": false
    },
    "BDS_031": {
      "elev_deg": 13.0,
      "azim_deg": 128.0,
      "los_enu": [
        0.767814,
        -0.599882,
        0.224951
      ],
      "passed_health": false
    },
    "BDS_033": {
      "elev_deg": 22.0,
      "azim_deg": 216.0,
      "los_enu": [
        -0.544985,
        -0.750107,
        0.374607
      ],
      "passed_health": false
    },
    "BDS_034": {
      "elev_deg": 64.0,
      "azim_deg": 117.0,
      "los_enu": [
        0.390592,
        -0.199016,
        0.898794
      ],
      "passed_health": true
    },
    "BDS_038": {
      "elev_deg": 52.0,
      "azim_deg": 319.0,
      "los_enu": [
        -0.40391,
        0.464646,
        0.788011
      ],
      "passed_health": true
    },
    "BDS_042": {
      "elev_deg": 78.0,
      "azim_deg": 194.0,
      "los_enu": [
        -0.050298,
        -0.201736,
        0.978148
      ],
      "passed_health": true
    },
    "GPS_005": {
      "elev_deg": 37.0,
      "azim_deg": 43.0,
      "los_enu": [
        0.544668,
        0.584085,
        0.601815
      ],
      "passed_health": true
    },
    "GPS_010": {
      "elev_deg": 6.0,
      "azim_deg": 243.0,
      "los_enu": [
        -0.886125,
        -0.451503,
        0.104528
      ],
      "passed_health": false
    },
    "GPS_011": {
      "elev_deg": 1.0,
      "azim_deg": 102.0,
      "los_enu": [
        0.977999,
        -0.20788,
        0.017452
      ],
      "passed_health": false
    },
    "GPS_015": {
      "elev_deg": 68.0,
      "azim_deg": 133.0,
      "los_enu": [
        0.27397,
        -0.255481,
        0.927184
      ],
      "passed_health": true
    },
    "GPS_016": {
      "elev_deg": 4.0,
      "azim_deg": 316.0,
      "los_enu": [
        -0.692966,
        0.717588,
        0.069756
      ],
      "passed_health": false
    },
    "GPS_018": {
      "elev_deg": 46.0,
      "azim_deg": 320.0,
      "los_enu": [
        -0.446518,
        0.532139,
        0.71934
      ],
      "passed_health": true
    },
    "GPS_020": {
      "elev_deg": 51.0,
      "azim_deg": 73.0,
      "los_enu": [
        0.601822,
        0.183995,
        0.777146
      ],
      "passed_health": true
    },
    "GPS_021": {
      "elev_deg": 8.0,
      "azim_deg": 53.0,
      "los_enu": [
        0.790863,
        0.595958,
        0.139173
      ],
      "passed_health": false
    },
    "GPS_023": {
      "elev_deg": 36.0,
      "azim_deg": 257.0,
      "los_enu": [
        -0.788282,
        -0.181989,
        0.587785
      ],
      "passed_health": true
    },
    "GPS_024": {
      "elev_deg": 4.0,
      "azim_deg": 149.0,
      "los_enu": [
        0.513783,
        -0.855079,
        0.069756
      ],
      "passed_health": false
    },
    "GPS_025": {
      "elev_deg": 7.0,
      "azim_deg": 206.0,
      "los_enu": [
        -0.435104,
        -0.892095,
        0.121869
      ],
      "passed_health": false
    },
    "GPS_026": {
      "elev_deg": 7.0,
      "azim_deg": 289.0,
      "los_enu": [
        -0.938471,
        0.323141,
        0.121869
      ],
      "passed_health": false
    },
    "GPS_029": {
      "elev_deg": 74.0,
      "azim_deg": 201.0,
      "los_enu": [
        -0.09878,
        -0.25733,
        0.961262
      ],
      "passed_health": true
    }
  }
}