{
  "label": "star_W0",
  "capture_start_utc": "2026-06-29T16:48:52.389967+00:00",
  "rtcm_file": "star_W0-260629-164852Z.rtcm",
  "rate_hz": 10,
  "duration_sec": 12,
  "ref_sat": "GPS_029",
  "satellites": {
    "BDS_013": {
      "elev_deg": 15.0,
      "azim_deg": 309.0,
      "los_enu": [
        -0.750665,
        0.607877,
        0.258819
      ],
      "passed_health": false
    },
    "BDS_014": {
      "elev_deg": 77.0,
      "azim_deg": 123.0,
      "los_enu": [
        0.18866,
        -0.122517,
        0.97437
      ],
      "passed_health": true
    },
    "BDS_021": {
      "elev_deg": 59.0,
      "azim_deg": 57.0,
      "los_enu": [
        0.431947,
        0.28051,
        0.857167
      ],
      "passed_health": true
    },
    "BDS_022": {
      "elev_deg": 10.0,
      "azim_deg": 38.0,
      "los_enu": [
        0.606308,
        0.776039,
        0.173648
      ],
      "passed_health": false
    },
    "BDS_023": {
      "elev_deg": 1.0,
      "azim_deg": 277.0,
      "los_enu": [
        -0.992395,
        0.121851,
        0.017452
      ],
      "passed_health": false
    },
    "BDS_025": {
      "elev_deg": 0.0,
      "azim_deg": 234.0,
      "los_enu": [
        -0.809017,
        -0.587785,
        0.0
      ],
      "passed_health": false
    },
    "BDS_031": {
      "elev_deg": 24.0,
      "azim_deg": 118.0,
      "los_enu": [
        0.806613,
        -0.428884,
        0.406737
      ],
      "passed_health": false
    },
    "BDS_033": {
      "elev_deg": 9.0,
      "azim_deg": 210.0,
      "los_enu": [
        -0.493844,
        -0.855363,
        0.156434
      ],
      "passed_health": false
    },
    "BDS_034": {
      "elev_deg": 73.0,
      "azim_deg": 79.0,
      "los_enu": [
        0.287,
        0.055787,
        0.956305
      ],
      "passed_health": true
    },
    "BDS_038": {
      "elev_deg": 39.0,
      "azim_deg": 316.0,
      "los_enu": [
        -0.539851,
        0.559032,
        0.62932
      ],
      "passed_health": false
    },
    "BDS_042": {
      "elev_deg": 61.0,
      "azim_deg": 189.0,
      "los_enu": [
        -0.075841,
        -0.478841,
        0.87462
      ],
      "passed_health": false
    },
    "GPS_005": {
      "elev_deg": 52.0,
      "azim_deg": 33.0,
      "los_enu": [
        0.335313,
        0.516337,
        0.788011
      ],
      "passed_health": false
    },
    "GPS_011": {
      "elev_deg": 11.167,
      "azim_deg": 89.833,
      "los_enu": [
        0.981064,
        0.002854,
        0.193664
      ],
      "passed_health": false
    },
    "GPS_012": {
      "elev_deg": 4.25,
      "azim_deg": 185.0,
      "los_enu": [
        -0.086916,
        -0.993455,
        0.074108
      ],
      "passed_health": false
    },
    "GPS_013": {
      "elev_deg": 1.333,
      "azim_deg": 186.333,
      "los_enu": [
        -0.110283,
        -0.993628,
        0.023269
      ],
      "passed_health": false
    },
    "GPS_015": {
      "elev_deg": 52.5,
      "azim_deg": 157.5,
      "los_enu": [
        0.232963,
        -0.562422,
        0.793353
      ],
      "passed_health": false
    },
    "GPS_018": {
      "elev_deg": 35.0,
      "azim_deg": 305.25,
      "los_enu": [
        -0.668954,
        0.47277,
        0.573576
      ],
      "passed_health": false
    },
    "GPS_020": {
      "elev_deg": 51.083,
      "azim_deg": 102.917,
      "los_enu": [
        0.612294,
        -0.140422,
        0.77806
      ],
      "passed_health": true
    },
    "GPS_021": {
      "elev_deg": 21.0,
      "azim_deg": 46.0,
      "los_enu": [
        0.671562,
        0.648519,
        0.358368
      ],
      "passed_health": false
    },
    "GPS_023": {
      "elev_deg": 25.0,
      "azim_deg": 241.0,
      "los_enu": [
        -0.792675,
        -0.439387,
        0.422618
      ],
      "passed_health": false
    },
    "GPS_025": {
      "elev_deg": 18.0,
      "azim_deg": 217.0,
      "los_enu": [
        -0.57236,
        -0.759548,
        0.309017
      ],
      "passed_health": false
    },
    "GPS_026": {
      "elev_deg": 8.0,
      "azim_deg": 305.0,
      "los_enu": [
        -0.81118,
        0.567994,
        0.139173
      ],
      "passed_health": false
    },
    "GPS_029": {
      "elev_deg": 79.0,
      "azim_deg": 292.0,
      "los_enu": [
        -0.176915,
        0.071478,
        0.981627
      ],
      "passed_health": true
    }
  }
}