{
  "label": "star_W2",
  "capture_start_utc": "2026-07-15T00:10:30.169366+00:00",
  "rtcm_file": "star_W2-260715-001030Z.rtcm",
  "rate_hz": 10,
  "duration_sec": 12,
  "ref_sat": "BDS_025",
  "satellites": {
    "BDS_023": {
      "elev_deg": 27.0,
      "azim_deg": 213.0,
      "los_enu": [
        -0.485277,
        -0.747261,
        0.45399
      ],
      "passed_health": false
    },
    "BDS_024": {
      "elev_deg": 39.0,
      "azim_deg": 47.0,
      "los_enu": [
        0.568369,
        0.530012,
        0.62932
      ],
      "passed_health": false
    },
    "BDS_025": {
      "elev_deg": 75.0,
      "azim_deg": 188.0,
      "los_enu": [
        -0.036021,
        -0.2563,
        0.965926
      ],
      "passed_health": true
    },
    "BDS_032": {
      "elev_deg": 6.0,
      "azim_deg": 312.0,
      "los_enu": [
        -0.739074,
        0.665465,
        0.104528
      ],
      "passed_health": false
    },
    "BDS_033": {
      "elev_deg": 62.0,
      "azim_deg": 102.0,
      "los_enu": [
        0.459212,
        -0.097609,
        0.882948
      ],
      "passed_health": true
    },
    "BDS_041": {
      "elev_deg": 59.0,
      "azim_deg": 331.0,
      "los_enu": [
        -0.249695,
        0.450462,
        0.857167
      ],
      "passed_health": false
    },
    "BDS_042": {
      "elev_deg": 10.0,
      "azim_deg": 124.0,
      "los_enu": [
        0.816443,
        -0.550698,
        0.173648
      ],
      "passed_health": false
    },
    "GPS_001": {
      "elev_deg": 23.083,
      "azim_deg": 245.083,
      "los_enu": [
        -0.834309,
        -0.387569,
        0.39207
      ],
      "passed_health": false
    },
    "GPS_002": {
      "elev_deg": 11.167,
      "azim_deg": 224.0,
      "los_enu": [
        -0.681507,
        -0.705721,
        0.193664
      ],
      "passed_health": false
    },
    "GPS_003": {
      "elev_deg": 53.75,
      "azim_deg": 308.25,
      "los_enu": [
        -0.464366,
        0.366076,
        0.806445
      ],
      "passed_health": false
    },
    "GPS_004": {
      "elev_deg": 19.667,
      "azim_deg": 299.0,
      "los_enu": [
        -0.8236,
        0.456529,
        0.336547
      ],
      "passed_health": false
    },
    "GPS_010": {
      "elev_deg": 0.833,
      "azim_deg": 149.0,
      "los_enu": [
        0.514984,
        -0.857077,
        0.014544
      ],
      "passed_health": false
    },
    "GPS_016": {
      "elev_deg": 32.0,
      "azim_deg": 171.0,
      "los_enu": [
        0.132664,
        -0.837607,
        0.529919
      ],
      "passed_health": false
    },
    "GPS_025": {
      "elev_deg": 5.0,
      "azim_deg": 37.0,
      "los_enu": [
        0.599525,
        0.795596,
        0.087156
      ],
      "passed_health": false
    },
    "GPS_026": {
      "elev_deg": 58.0,
      "azim_deg": 144.0,
      "los_enu": [
        0.311479,
        -0.428714,
        0.848048
      ],
      "passed_health": false
    },
    "GPS_028": {
      "elev_deg": 41.0,
      "azim_deg": 42.0,
      "los_enu": [
        0.504999,
        0.560859,
        0.656059
      ],
      "passed_health": false
    },
    "GPS_031": {
      "elev_deg": 68.0,
      "azim_deg": 15.0,
      "los_enu": [
        0.096955,
        0.361842,
        0.927184
      ],
      "passed_health": true
    },
    "GPS_032": {
      "elev_deg": 29.0,
      "azim_deg": 90.0,
      "los_enu": [
        0.87462,
        0.0,
        0.48481
      ],
      "passed_health": false
    }
  }
}