{
  "label": "star_W2",
  "capture_start_utc": "2026-07-15T22:46:55.731415+00:00",
  "rtcm_file": "star_W2-260715-224655Z.rtcm",
  "rate_hz": 10,
  "duration_sec": 12,
  "ref_sat": "GPS_028",
  "satellites": {
    "BDS_013": {
      "elev_deg": 12.0,
      "azim_deg": 278.0,
      "los_enu": [
        -0.968628,
        0.136132,
        0.207912
      ],
      "passed_health": false
    },
    "BDS_014": {
      "elev_deg": 61.0,
      "azim_deg": 62.0,
      "los_enu": [
        0.428061,
        0.227604,
        0.87462
      ],
      "passed_health": false
    },
    "BDS_021": {
      "elev_deg": 40.0,
      "azim_deg": 89.0,
      "los_enu": [
        0.765928,
        0.013369,
        0.642788
      ],
      "passed_health": false
    },
    "BDS_024": {
      "elev_deg": 37.0,
      "azim_deg": 186.0,
      "los_enu": [
        -0.08348,
        -0.794261,
        0.601815
      ],
      "passed_health": false
    },
    "BDS_026": {
      "elev_deg": 65.0,
      "azim_deg": 114.0,
      "los_enu": [
        0.386081,
        -0.171894,
        0.906308
      ],
      "passed_health": false
    },
    "BDS_028": {
      "elev_deg": 5.0,
      "azim_deg": 304.0,
      "los_enu": [
        -0.825883,
        0.557065,
        0.087156
      ],
      "passed_health": false
    },
    "BDS_033": {
      "elev_deg": 21.0,
      "azim_deg": 307.0,
      "los_enu": [
        -0.74559,
        0.561843,
        0.358368
      ],
      "passed_health": false
    },
    "BDS_034": {
      "elev_deg": 2.0,
      "azim_deg": 201.0,
      "los_enu": [
        -0.35815,
        -0.933012,
        0.034899
      ],
      "passed_health": false
    },
    "BDS_038": {
      "elev_deg": 12.0,
      "azim_deg": 253.0,
      "los_enu": [
        -0.935407,
        -0.285983,
        0.207912
      ],
      "passed_health": false
    },
    "BDS_039": {
      "elev_deg": 24.0,
      "azim_deg": 46.0,
      "los_enu": [
        0.65715,
        0.634602,
        0.406737
      ],
      "passed_health": false
    },
    "BDS_042": {
      "elev_deg": 64.0,
      "azim_deg": 3.0,
      "los_enu": [
        0.022943,
        0.43777,
        0.898794
      ],
      "passed_health": true
    },
    "GPS_001": {
      "elev_deg": 34.0,
      "azim_deg": 286.0,
      "los_enu": [
        -0.796922,
        0.228514,
        0.559193
      ],
      "passed_health": true
    },
    "GPS_002": {
      "elev_deg": 34.0,
      "azim_deg": 255.0,
      "los_enu": [
        -0.800789,
        -0.214571,
        0.559193
      ],
      "passed_health": false
    },
    "GPS_003": {
      "elev_deg": 20.0,
      "azim_deg": 319.0,
      "los_enu": [
        -0.616494,
        0.709195,
        0.34202
      ],
      "passed_health": false
    },
    "GPS_010": {
      "elev_deg": 34.0,
      "azim_deg": 132.0,
      "los_enu": [
        0.616095,
        -0.554734,
        0.559193
      ],
      "passed_health": false
    },
    "GPS_012": {
      "elev_deg": 2.0,
      "azim_deg": 35.0,
      "los_enu": [
        0.573227,
        0.818653,
        0.034899
      ],
      "passed_health": false
    },
    "GPS_013": {
      "elev_deg": 2.0,
      "azim_deg": 34.0,
      "los_enu": [
        0.558852,
        0.828533,
        0.034899
      ],
      "passed_health": false
    },
    "GPS_016": {
      "elev_deg": 1.0,
      "azim_deg": 183.0,
      "los_enu": [
        -0.052328,
        -0.998477,
        0.017452
      ],
      "passed_health": false
    },
    "GPS_023": {
      "elev_deg": 0.0,
      "azim_deg": 136.0,
      "los_enu": [
        0.694658,
        -0.71934,
        0.0
      ],
      "passed_health": false
    },
    "GPS_025": {
      "elev_deg": 25.0,
      "azim_deg": 62.0,
      "los_enu": [
        0.800222,
        0.425486,
        0.422618
      ],
      "passed_health": false
    },
    "GPS_026": {
      "elev_deg": 25.0,
      "azim_deg": 169.0,
      "los_enu": [
        0.172932,
        -0.889656,
        0.422618
      ],
      "passed_health": false
    },
    "GPS_028": {
      "elev_deg": 75.0,
      "azim_deg": 32.0,
      "los_enu": [
        0.137153,
        0.219491,
        0.965926
      ],
      "passed_health": true
    },
    "GPS_031": {
      "elev_deg": 70.909,
      "azim_deg": 226.909,
      "los_enu": [
        -0.238848,
        -0.223439,
        0.945001
      ],
      "passed_health": true
    },
    "GPS_032": {
      "elev_deg": 48.0,
      "azim_deg": 50.636,
      "los_enu": [
        0.517329,
        0.424389,
        0.743145
      ],
      "passed_health": true
    }
  }
}