{
  "label": "star_W2",
  "capture_start_utc": "2026-07-14T22:49:44.329416+00:00",
  "rtcm_file": "star_W2-260714-224944Z.rtcm",
  "rate_hz": 10,
  "duration_sec": 12,
  "ref_sat": "GPS_028",
  "satellites": {
    "BDS_013": {
      "elev_deg": 10.0,
      "azim_deg": 221.0,
      "los_enu": [
        -0.646092,
        -0.743244,
        0.173648
      ],
      "passed_health": false
    },
    "BDS_014": {
      "elev_deg": 10.0,
      "azim_deg": 105.0,
      "los_enu": [
        0.951251,
        -0.254887,
        0.173648
      ],
      "passed_health": false
    },
    "BDS_024": {
      "elev_deg": 59.0,
      "azim_deg": 87.0,
      "los_enu": [
        0.514332,
        0.026955,
        0.857167
      ],
      "passed_health": true
    },
    "BDS_025": {
      "elev_deg": 39.0,
      "azim_deg": 186.0,
      "los_enu": [
        -0.081234,
        -0.772889,
        0.62932
      ],
      "passed_health": false
    },
    "BDS_026": {
      "elev_deg": 21.091,
      "azim_deg": 44.091,
      "los_enu": [
        0.649188,
        0.670123,
        0.359849
      ],
      "passed_health": false
    },
    "BDS_027": {
      "elev_deg": 10.0,
      "azim_deg": 289.0,
      "los_enu": [
        -0.931154,
        0.320622,
        0.173648
      ],
      "passed_health": false
    },
    "BDS_028": {
      "elev_deg": 14.273,
      "azim_deg": 249.0,
      "los_enu": [
        -0.904764,
        -0.347306,
        0.246538
      ],
      "passed_health": false
    },
    "BDS_033": {
      "elev_deg": 65.0,
      "azim_deg": 13.545,
      "los_enu": [
        0.098984,
        0.410863,
        0.906308
      ],
      "passed_health": true
    },
    "BDS_038": {
      "elev_deg": 2.0,
      "azim_deg": 200.0,
      "los_enu": [
        -0.341812,
        -0.93912,
        0.034899
      ],
      "passed_health": false
    },
    "BDS_041": {
      "elev_deg": 30.0,
      "azim_deg": 311.0,
      "los_enu": [
        -0.653598,
        0.568164,
        0.5
      ],
      "passed_health": false
    },
    "BDS_042": {
      "elev_deg": 32.0,
      "azim_deg": 94.0,
      "los_enu": [
        0.845982,
        -0.059157,
        0.529919
      ],
      "passed_health": false
    },
    "GPS_001": {
      "elev_deg": 34.0,
      "azim_deg": 287.0,
      "los_enu": [
        -0.792813,
        0.242387,
        0.559193
      ],
      "passed_health": true
    },
    "GPS_002": {
      "elev_deg": 34.0,
      "azim_deg": 256.0,
      "los_enu": [
        -0.804412,
        -0.200562,
        0.559193
      ],
      "passed_health": true
    },
    "GPS_003": {
      "elev_deg": 19.0,
      "azim_deg": 318.0,
      "los_enu": [
        -0.632675,
        0.702657,
        0.325568
      ],
      "passed_health": false
    },
    "GPS_010": {
      "elev_deg": 35.0,
      "azim_deg": 131.0,
      "los_enu": [
        0.618222,
        -0.537412,
        0.573576
      ],
      "passed_health": false
    },
    "GPS_012": {
      "elev_deg": 3.0,
      "azim_deg": 36.0,
      "los_enu": [
        0.58698,
        0.807908,
        0.052336
      ],
      "passed_health": false
    },
    "GPS_013": {
      "elev_deg": 2.0,
      "azim_deg": 34.0,
      "los_enu": [
        0.558852,
        0.828533,
        0.034899
      ],
      "passed_health": false
    },
    "GPS_016": {
      "elev_deg": 1.0,
      "azim_deg": 183.0,
      "los_enu": [
        -0.052328,
        -0.998477,
        0.017452
      ],
      "passed_health": false
    },
    "GPS_023": {
      "elev_deg": 1.0,
      "azim_deg": 136.0,
      "los_enu": [
        0.694553,
        -0.71923,
        0.017452
      ],
      "passed_health": false
    },
    "GPS_025": {
      "elev_deg": 25.0,
      "azim_deg": 63.0,
      "los_enu": [
        0.807526,
        0.411455,
        0.422618
      ],
      "passed_health": true
    },
    "GPS_026": {
      "elev_deg": 24.0,
      "azim_deg": 169.0,
      "los_enu": [
        0.174313,
        -0.896761,
        0.406737
      ],
      "passed_health": false
    },
    "GPS_028": {
      "elev_deg": 76.0,
      "azim_deg": 32.0,
      "los_enu": [
        0.128199,
        0.205161,
        0.970296
      ],
      "passed_health": true
    },
    "GPS_031": {
      "elev_deg": 70.0,
      "azim_deg": 225.0,
      "los_enu": [
        -0.241845,
        -0.241845,
        0.939693
      ],
      "passed_health": true
    },
    "GPS_032": {
      "elev_deg": 48.0,
      "azim_deg": 49.0,
      "los_enu": [
        0.504999,
        0.438989,
        0.743145
      ],
      "passed_health": false
    }
  }
}