{
  "label": "star_W0",
  "capture_start_utc": "2026-07-01T00:35:39.933728+00:00",
  "rtcm_file": "star_W0-260701-003539Z.rtcm",
  "rate_hz": 10,
  "duration_sec": 12,
  "ref_sat": "GPS_031",
  "satellites": {
    "BDS_023": {
      "elev_deg": 15.0,
      "azim_deg": 209.0,
      "los_enu": [
        -0.46829,
        -0.844818,
        0.258819
      ],
      "passed_health": false
    },
    "BDS_024": {
      "elev_deg": 49.0,
      "azim_deg": 55.0,
      "los_enu": [
        0.537412,
        0.3763,
        0.75471
      ],
      "passed_health": false
    },
    "BDS_025": {
      "elev_deg": 61.0,
      "azim_deg": 188.0,
      "los_enu": [
        -0.067472,
        -0.480091,
        0.87462
      ],
      "passed_health": false
    },
    "BDS_026": {
      "elev_deg": 6.0,
      "azim_deg": 40.0,
      "los_enu": [
        0.639266,
        0.761848,
        0.104528
      ],
      "passed_health": false
    },
    "BDS_027": {
      "elev_deg": 3.0,
      "azim_deg": 271.0,
      "los_enu": [
        -0.998477,
        0.017428,
        0.052336
      ],
      "passed_health": false
    },
    "BDS_028": {
      "elev_deg": 2.0,
      "azim_deg": 233.0,
      "los_enu": [
        -0.798149,
        -0.601448,
        0.034899
      ],
      "passed_health": false
    },
    "BDS_033": {
      "elev_deg": 67.0,
      "azim_deg": 72.0,
      "los_enu": [
        0.371607,
        0.120743,
        0.920505
      ],
      "passed_health": true
    },
    "BDS_041": {
      "elev_deg": 47.0,
      "azim_deg": 324.0,
      "los_enu": [
        -0.400869,
        0.551748,
        0.731354
      ],
      "passed_health": false
    },
    "BDS_042": {
      "elev_deg": 19.0,
      "azim_deg": 114.0,
      "los_enu": [
        0.863774,
        -0.384577,
        0.325568
      ],
      "passed_health": false
    },
    "GPS_001": {
      "elev_deg": 31.0,
      "azim_deg": 261.0,
      "los_enu": [
        -0.846614,
        -0.134091,
        0.515038
      ],
      "passed_health": false
    },
    "GPS_002": {
      "elev_deg": 21.0,
      "azim_deg": 235.0,
      "los_enu": [
        -0.764744,
        -0.53548,
        0.358368
      ],
      "passed_health": false
    },
    "GPS_003": {
      "elev_deg": 40.0,
      "azim_deg": 318.0,
      "los_enu": [
        -0.512584,
        0.569282,
        0.642788
      ],
      "passed_health": false
    },
    "GPS_004": {
      "elev_deg": 10.0,
      "azim_deg": 289.0,
      "los_enu": [
        -0.931154,
        0.320622,
        0.173648
      ],
      "passed_health": false
    },
    "GPS_010": {
      "elev_deg": 14.0,
      "azim_deg": 144.0,
      "los_enu": [
        0.570326,
        -0.784986,
        0.241922
      ],
      "passed_health": false
    },
    "GPS_016": {
      "elev_deg": 18.0,
      "azim_deg": 176.0,
      "los_enu": [
        0.066342,
        -0.94874,
        0.309017
      ],
      "passed_health": false
    },
    "GPS_025": {
      "elev_deg": 15.0,
      "azim_deg": 44.0,
      "los_enu": [
        0.670988,
        0.694829,
        0.258819
      ],
      "passed_health": false
    },
    "GPS_026": {
      "elev_deg": 45.0,
      "azim_deg": 157.0,
      "los_enu": [
        0.276289,
        -0.650895,
        0.707107
      ],
      "passed_health": false
    },
    "GPS_028": {
      "elev_deg": 54.0,
      "azim_deg": 35.0,
      "los_enu": [
        0.33714,
        0.481485,
        0.809017
      ],
      "passed_health": false
    },
    "GPS_031": {
      "elev_deg": 80.0,
      "azim_deg": 331.0,
      "los_enu": [
        -0.084186,
        0.151876,
        0.984808
      ],
      "passed_health": true
    },
    "GPS_032": {
      "elev_deg": 37.0,
      "azim_deg": 75.0,
      "los_enu": [
        0.771423,
        0.206702,
        0.601815
      ],
      "passed_health": false
    }
  }
}