{
  "label": "star_W1",
  "capture_start_utc": "2026-07-01T00:48:55.742721+00:00",
  "rtcm_file": "star_W1-260701-004855Z.rtcm",
  "rate_hz": 10,
  "duration_sec": 12,
  "ref_sat": "GPS_031",
  "satellites": {
    "BDS_023": {
      "elev_deg": 20.0,
      "azim_deg": 210.0,
      "los_enu": [
        -0.469846,
        -0.813798,
        0.34202
      ],
      "passed_health": false
    },
    "BDS_024": {
      "elev_deg": 45.0,
      "azim_deg": 51.0,
      "los_enu": [
        0.549525,
        0.444997,
        0.707107
      ],
      "passed_health": false
    },
    "BDS_025": {
      "elev_deg": 67.0,
      "azim_deg": 188.0,
      "los_enu": [
        -0.054379,
        -0.386929,
        0.920505
      ],
      "passed_health": false
    },
    "BDS_026": {
      "elev_deg": 1.0,
      "azim_deg": 40.0,
      "los_enu": [
        0.64269,
        0.765928,
        0.017452
      ],
      "passed_health": false
    },
    "BDS_027": {
      "elev_deg": 1.0,
      "azim_deg": 267.0,
      "los_enu": [
        -0.998477,
        -0.052328,
        0.017452
      ],
      "passed_health": false
    },
    "BDS_028": {
      "elev_deg": 0.0,
      "azim_deg": 229.0,
      "los_enu": [
        -0.75471,
        -0.656059,
        0.0
      ],
      "passed_health": false
    },
    "BDS_032": {
      "elev_deg": 1.0,
      "azim_deg": 308.0,
      "los_enu": [
        -0.787891,
        0.615568,
        0.017452
      ],
      "passed_health": false
    },
    "BDS_033": {
      "elev_deg": 65.083,
      "azim_deg": 85.833,
      "los_enu": [
        0.420186,
        0.030611,
        0.906922
      ],
      "passed_health": true
    },
    "BDS_041": {
      "elev_deg": 51.25,
      "azim_deg": 327.0,
      "los_enu": [
        -0.340902,
        0.524944,
        0.779884
      ],
      "passed_health": false
    },
    "BDS_042": {
      "elev_deg": 15.0,
      "azim_deg": 118.167,
      "los_enu": [
        0.851539,
        -0.455954,
        0.258819
      ],
      "passed_health": false
    },
    "GPS_001": {
      "elev_deg": 28.0,
      "azim_deg": 255.0,
      "los_enu": [
        -0.852862,
        -0.228524,
        0.469472
      ],
      "passed_health": false
    },
    "GPS_002": {
      "elev_deg": 17.0,
      "azim_deg": 230.0,
      "los_enu": [
        -0.732572,
        -0.614701,
        0.292372
      ],
      "passed_health": false
    },
    "GPS_003": {
      "elev_deg": 45.0,
      "azim_deg": 315.0,
      "los_enu": [
        -0.5,
        0.5,
        0.707107
      ],
      "passed_health": false
    },
    "GPS_004": {
      "elev_deg": 14.0,
      "azim_deg": 293.0,
      "los_enu": [
        -0.893162,
        0.379125,
        0.241922
      ],
      "passed_health": false
    },
    "GPS_010": {
      "elev_deg": 9.0,
      "azim_deg": 147.0,
      "los_enu": [
        0.537934,
        -0.828345,
        0.156434
      ],
      "passed_health": false
    },
    "GPS_016": {
      "elev_deg": 24.0,
      "azim_deg": 174.0,
      "los_enu": [
        0.095492,
        -0.908541,
        0.406737
      ],
      "passed_health": false
    },
    "GPS_025": {
      "elev_deg": 11.0,
      "azim_deg": 41.0,
      "los_enu": [
        0.644005,
        0.740843,
        0.190809
      ],
      "passed_health": false
    },
    "GPS_026": {
      "elev_deg": 51.0,
      "azim_deg": 153.0,
      "los_enu": [
        0.285705,
        -0.560729,
        0.777146
      ],
      "passed_health": false
    },
    "GPS_028": {
      "elev_deg": 49.0,
      "azim_deg": 38.0,
      "los_enu": [
        0.40391,
        0.516982,
        0.75471
      ],
      "passed_health": false
    },
    "GPS_031": {
      "elev_deg": 76.0,
      "azim_deg": 357.0,
      "los_enu": [
        -0.012661,
        0.24159,
        0.970296
      ],
      "passed_health": true
    },
    "GPS_032": {
      "elev_deg": 34.0,
      "azim_deg": 81.0,
      "los_enu": [
        0.818831,
        0.12969,
        0.559193
      ],
      "passed_health": false
    }
  }
}