{
  "label": "star_W0",
  "capture_start_utc": "2026-07-15T22:16:55.977395+00:00",
  "rtcm_file": "star_W0-260715-221655Z.rtcm",
  "rate_hz": 10,
  "duration_sec": 12,
  "ref_sat": "BDS_014",
  "satellites": {
    "BDS_013": {
      "elev_deg": 15.0,
      "azim_deg": 289.0,
      "los_enu": [
        -0.913301,
        0.314475,
        0.258819
      ],
      "passed_health": false
    },
    "BDS_014": {
      "elev_deg": 63.0,
      "azim_deg": 35.0,
      "los_enu": [
        0.260398,
        0.371887,
        0.891007
      ],
      "passed_health": true
    },
    "BDS_021": {
      "elev_deg": 46.0,
      "azim_deg": 73.0,
      "los_enu": [
        0.664305,
        0.203098,
        0.71934
      ],
      "passed_health": true
    },
    "BDS_022": {
      "elev_deg": 3.0,
      "azim_deg": 101.0,
      "los_enu": [
        0.980282,
        -0.190547,
        0.052336
      ],
      "passed_health": false
    },
    "BDS_024": {
      "elev_deg": 24.0,
      "azim_deg": 186.0,
      "los_enu": [
        -0.095492,
        -0.908541,
        0.406737
      ],
      "passed_health": false
    },
    "BDS_026": {
      "elev_deg": 57.0,
      "azim_deg": 136.0,
      "los_enu": [
        0.378338,
        -0.391781,
        0.838671
      ],
      "passed_health": false
    },
    "BDS_028": {
      "elev_deg": 5.0,
      "azim_deg": 314.0,
      "los_enu": [
        -0.716602,
        0.692015,
        0.087156
      ],
      "passed_health": false
    },
    "BDS_033": {
      "elev_deg": 14.0,
      "azim_deg": 299.0,
      "los_enu": [
        -0.84864,
        0.470409,
        0.241922
      ],
      "passed_health": false
    },
    "BDS_034": {
      "elev_deg": 10.0,
      "azim_deg": 208.091,
      "los_enu": [
        -0.463718,
        -0.868799,
        0.173648
      ],
      "passed_health": false
    },
    "BDS_038": {
      "elev_deg": 18.0,
      "azim_deg": 264.455,
      "los_enu": [
        -0.946605,
        -0.091906,
        0.309017
      ],
      "passed_health": false
    },
    "BDS_039": {
      "elev_deg": 32.0,
      "azim_deg": 54.455,
      "los_enu": [
        0.690018,
        0.493012,
        0.529919
      ],
      "passed_health": false
    },
    "BDS_042": {
      "elev_deg": 57.273,
      "azim_deg": 341.273,
      "los_enu": [
        -0.17358,
        0.512018,
        0.841254
      ],
      "passed_health": false
    },
    "GPS_001": {
      "elev_deg": 30.0,
      "azim_deg": 302.0,
      "los_enu": [
        -0.734431,
        0.458924,
        0.5
      ],
      "passed_health": false
    },
    "GPS_002": {
      "elev_deg": 38.0,
      "azim_deg": 272.0,
      "los_enu": [
        -0.787531,
        0.027501,
        0.615661
      ],
      "passed_health": true
    },
    "GPS_003": {
      "elev_deg": 8.0,
      "azim_deg": 315.0,
      "los_enu": [
        -0.700225,
        0.700225,
        0.139173
      ],
      "passed_health": false
    },
    "GPS_010": {
      "elev_deg": 46.0,
      "azim_deg": 119.0,
      "los_enu": [
        0.607562,
        -0.336777,
        0.71934
      ],
      "passed_health": false
    },
    "GPS_012": {
      "elev_deg": 8.0,
      "azim_deg": 46.0,
      "los_enu": [
        0.712339,
        0.687898,
        0.139173
      ],
      "passed_health": false
    },
    "GPS_013": {
      "elev_deg": 8.0,
      "azim_deg": 43.0,
      "los_enu": [
        0.675361,
        0.724236,
        0.139173
      ],
      "passed_health": false
    },
    "GPS_023": {
      "elev_deg": 12.0,
      "azim_deg": 129.0,
      "los_enu": [
        0.760163,
        -0.615568,
        0.207912
      ],
      "passed_health": false
    },
    "GPS_025": {
      "elev_deg": 27.0,
      "azim_deg": 77.0,
      "los_enu": [
        0.86817,
        0.200433,
        0.45399
      ],
      "passed_health": true
    },
    "GPS_026": {
      "elev_deg": 13.0,
      "azim_deg": 174.0,
      "los_enu": [
        0.101849,
        -0.969032,
        0.224951
      ],
      "passed_health": false
    },
    "GPS_028": {
      "elev_deg": 87.0,
      "azim_deg": 131.0,
      "los_enu": [
        0.039498,
        -0.034335,
        0.99863
      ],
      "passed_health": false
    },
    "GPS_031": {
      "elev_deg": 56.0,
      "azim_deg": 212.0,
      "los_enu": [
        -0.296327,
        -0.474222,
        0.829038
      ],
      "passed_health": false
    },
    "GPS_032": {
      "elev_deg": 55.0,
      "azim_deg": 31.0,
      "los_enu": [
        0.295414,
        0.491651,
        0.819152
      ],
      "passed_health": true
    }
  }
}