{
  "label": "star_W1",
  "capture_start_utc": "2026-07-01T00:49:58.822064+00:00",
  "rtcm_file": "star_W1-260701-004958Z.rtcm",
  "rate_hz": 10,
  "duration_sec": 12,
  "ref_sat": "GPS_031",
  "satellites": {
    "BDS_023": {
      "elev_deg": 20.0,
      "azim_deg": 210.0,
      "los_enu": [
        -0.469846,
        -0.813798,
        0.34202
      ],
      "passed_health": false
    },
    "BDS_024": {
      "elev_deg": 45.0,
      "azim_deg": 51.0,
      "los_enu": [
        0.549525,
        0.444997,
        0.707107
      ],
      "passed_health": true
    },
    "BDS_025": {
      "elev_deg": 67.0,
      "azim_deg": 188.0,
      "los_enu": [
        -0.054379,
        -0.386929,
        0.920505
      ],
      "passed_health": true
    },
    "BDS_026": {
      "elev_deg": 1.0,
      "azim_deg": 40.0,
      "los_enu": [
        0.64269,
        0.765928,
        0.017452
      ],
      "passed_health": false
    },
    "BDS_027": {
      "elev_deg": 1.0,
      "azim_deg": 266.0,
      "los_enu": [
        -0.997412,
        -0.069746,
        0.017452
      ],
      "passed_health": false
    },
    "BDS_032": {
      "elev_deg": 1.0,
      "azim_deg": 308.0,
      "los_enu": [
        -0.787891,
        0.615568,
        0.017452
      ],
      "passed_health": false
    },
    "BDS_033": {
      "elev_deg": 65.0,
      "azim_deg": 86.0,
      "los_enu": [
        0.421589,
        0.02948,
        0.906308
      ],
      "passed_health": true
    },
    "BDS_041": {
      "elev_deg": 52.0,
      "azim_deg": 327.0,
      "los_enu": [
        -0.335313,
        0.516337,
        0.788011
      ],
      "passed_health": true
    },
    "BDS_042": {
      "elev_deg": 15.0,
      "azim_deg": 119.0,
      "los_enu": [
        0.844818,
        -0.46829,
        0.258819
      ],
      "passed_health": true
    },
    "GPS_001": {
      "elev_deg": 28.0,
      "azim_deg": 254.0,
      "los_enu": [
        -0.848744,
        -0.243373,
        0.469472
      ],
      "passed_health": true
    },
    "GPS_002": {
      "elev_deg": 16.0,
      "azim_deg": 229.0,
      "los_enu": [
        -0.725473,
        -0.630644,
        0.275637
      ],
      "passed_health": true
    },
    "GPS_003": {
      "elev_deg": 46.0,
      "azim_deg": 315.0,
      "los_enu": [
        -0.491198,
        0.491198,
        0.71934
      ],
      "passed_health": true
    },
    "GPS_004": {
      "elev_deg": 14.0,
      "azim_deg": 294.0,
      "los_enu": [
        -0.886409,
        0.394655,
        0.241922
      ],
      "passed_health": true
    },
    "GPS_010": {
      "elev_deg": 8.0,
      "azim_deg": 147.0,
      "los_enu": [
        0.539339,
        -0.830509,
        0.139173
      ],
      "passed_health": false
    },
    "GPS_016": {
      "elev_deg": 25.0,
      "azim_deg": 174.0,
      "los_enu": [
        0.094735,
        -0.901343,
        0.422618
      ],
      "passed_health": false
    },
    "GPS_025": {
      "elev_deg": 11.0,
      "azim_deg": 40.0,
      "los_enu": [
        0.630978,
        0.75197,
        0.190809
      ],
      "passed_health": false
    },
    "GPS_026": {
      "elev_deg": 52.0,
      "azim_deg": 152.0,
      "los_enu": [
        0.289036,
        -0.543597,
        0.788011
      ],
      "passed_health": true
    },
    "GPS_028": {
      "elev_deg": 48.083,
      "azim_deg": 38.0,
      "los_enu": [
        0.411292,
        0.52643,
        0.744117
      ],
      "passed_health": true
    },
    "GPS_031": {
      "elev_deg": 75.333,
      "azim_deg": 359.0,
      "los_enu": [
        -0.004418,
        0.253157,
        0.967415
      ],
      "passed_health": true
    },
    "GPS_032": {
      "elev_deg": 33.417,
      "azim_deg": 81.583,
      "los_enu": [
        0.825698,
        0.122174,
        0.550724
      ],
      "passed_health": true
    }
  }
}