{
  "label": "star_W3",
  "capture_start_utc": "2026-07-22T00:05:00.524455+00:00",
  "rtcm_file": "star_W3-260722-000500Z.rtcm",
  "rate_hz": 10,
  "duration_sec": 12,
  "ref_sat": "BDS_025",
  "satellites": {
    "BDS_023": {
      "elev_deg": 35.455,
      "azim_deg": 218.455,
      "los_enu": [
        -0.50658,
        -0.637896,
        0.580057
      ],
      "passed_health": false
    },
    "BDS_024": {
      "elev_deg": 31.0,
      "azim_deg": 45.0,
      "los_enu": [
        0.606109,
        0.606109,
        0.515038
      ],
      "passed_health": false
    },
    "BDS_025": {
      "elev_deg": 85.273,
      "azim_deg": 178.909,
      "los_enu": [
        0.001569,
        -0.082398,
        0.996598
      ],
      "passed_health": true
    },
    "BDS_032": {
      "elev_deg": 13.0,
      "azim_deg": 315.0,
      "los_enu": [
        -0.688984,
        0.688984,
        0.224951
      ],
      "passed_health": false
    },
    "BDS_033": {
      "elev_deg": 55.0,
      "azim_deg": 118.0,
      "los_enu": [
        0.506438,
        -0.269278,
        0.819152
      ],
      "passed_health": false
    },
    "BDS_041": {
      "elev_deg": 67.0,
      "azim_deg": 335.0,
      "los_enu": [
        -0.16513,
        0.354123,
        0.920505
      ],
      "passed_health": true
    },
    "BDS_042": {
      "elev_deg": 3.0,
      "azim_deg": 130.0,
      "los_enu": [
        0.764995,
        -0.641907,
        0.052336
      ],
      "passed_health": false
    },
    "GPS_001": {
      "elev_deg": 17.0,
      "azim_deg": 236.0,
      "los_enu": [
        -0.792813,
        -0.534759,
        0.292372
      ],
      "passed_health": false
    },
    "GPS_002": {
      "elev_deg": 5.0,
      "azim_deg": 217.0,
      "los_enu": [
        -0.599525,
        -0.795596,
        0.087156
      ],
      "passed_health": false
    },
    "GPS_003": {
      "elev_deg": 61.0,
      "azim_deg": 294.0,
      "los_enu": [
        -0.442896,
        0.19719,
        0.87462
      ],
      "passed_health": true
    },
    "GPS_004": {
      "elev_deg": 26.0,
      "azim_deg": 306.0,
      "los_enu": [
        -0.72714,
        0.528298,
        0.438371
      ],
      "passed_health": false
    },
    "GPS_016": {
      "elev_deg": 43.0,
      "azim_deg": 167.0,
      "los_enu": [
        0.164519,
        -0.712609,
        0.681998
      ],
      "passed_health": false
    },
    "GPS_026": {
      "elev_deg": 66.0,
      "azim_deg": 123.0,
      "los_enu": [
        0.341118,
        -0.221525,
        0.913545
      ],
      "passed_health": true
    },
    "GPS_028": {
      "elev_deg": 32.0,
      "azim_deg": 48.0,
      "los_enu": [
        0.630223,
        0.567455,
        0.529919
      ],
      "passed_health": false
    },
    "GPS_029": {
      "elev_deg": 0.0,
      "azim_deg": 63.0,
      "los_enu": [
        0.891007,
        0.45399,
        0.0
      ],
      "passed_health": false
    },
    "GPS_031": {
      "elev_deg": 58.0,
      "azim_deg": 28.0,
      "los_enu": [
        0.248782,
        0.467891,
        0.848048
      ],
      "passed_health": false
    },
    "GPS_032": {
      "elev_deg": 22.0,
      "azim_deg": 99.0,
      "los_enu": [
        0.915769,
        -0.145044,
        0.374607
      ],
      "passed_health": false
    }
  }
}