{
  "label": "star_W3",
  "capture_start_utc": "2026-07-15T00:26:13.121899+00:00",
  "rtcm_file": "star_W3-260715-002613Z.rtcm",
  "rate_hz": 10,
  "duration_sec": 12,
  "ref_sat": "BDS_025",
  "satellites": {
    "BDS_023": {
      "elev_deg": 33.0,
      "azim_deg": 217.0,
      "los_enu": [
        -0.504725,
        -0.669792,
        0.544639
      ],
      "passed_health": false
    },
    "BDS_024": {
      "elev_deg": 33.0,
      "azim_deg": 45.0,
      "los_enu": [
        0.59303,
        0.59303,
        0.544639
      ],
      "passed_health": true
    },
    "BDS_025": {
      "elev_deg": 83.0,
      "azim_deg": 184.0,
      "los_enu": [
        -0.008501,
        -0.121572,
        0.992546
      ],
      "passed_health": true
    },
    "BDS_032": {
      "elev_deg": 11.0,
      "azim_deg": 314.0,
      "los_enu": [
        -0.706124,
        0.681896,
        0.190809
      ],
      "passed_health": false
    },
    "BDS_033": {
      "elev_deg": 57.0,
      "azim_deg": 114.0,
      "los_enu": [
        0.497553,
        -0.221525,
        0.838671
      ],
      "passed_health": true
    },
    "BDS_041": {
      "elev_deg": 65.0,
      "azim_deg": 334.0,
      "los_enu": [
        -0.185264,
        0.379847,
        0.906308
      ],
      "passed_health": true
    },
    "BDS_042": {
      "elev_deg": 5.0,
      "azim_deg": 128.0,
      "los_enu": [
        0.785012,
        -0.613319,
        0.087156
      ],
      "passed_health": false
    },
    "GPS_001": {
      "elev_deg": 19.0,
      "azim_deg": 239.0,
      "los_enu": [
        -0.810468,
        -0.486978,
        0.325568
      ],
      "passed_health": true
    },
    "GPS_002": {
      "elev_deg": 7.0,
      "azim_deg": 219.0,
      "los_enu": [
        -0.62463,
        -0.771353,
        0.121869
      ],
      "passed_health": true
    },
    "GPS_003": {
      "elev_deg": 59.917,
      "azim_deg": 298.167,
      "los_enu": [
        -0.441899,
        0.236613,
        0.865297
      ],
      "passed_health": true
    },
    "GPS_004": {
      "elev_deg": 24.0,
      "azim_deg": 304.0,
      "los_enu": [
        -0.757364,
        0.510848,
        0.406737
      ],
      "passed_health": true
    },
    "GPS_016": {
      "elev_deg": 40.0,
      "azim_deg": 169.0,
      "los_enu": [
        0.146168,
        -0.75197,
        0.642788
      ],
      "passed_health": false
    },
    "GPS_025": {
      "elev_deg": 0.0,
      "azim_deg": 35.0,
      "los_enu": [
        0.573576,
        0.819152,
        0.0
      ],
      "passed_health": false
    },
    "GPS_026": {
      "elev_deg": 64.0,
      "azim_deg": 132.0,
      "los_enu": [
        0.325773,
        -0.293328,
        0.898794
      ],
      "passed_health": true
    },
    "GPS_028": {
      "elev_deg": 35.0,
      "azim_deg": 45.0,
      "los_enu": [
        0.579228,
        0.579228,
        0.573576
      ],
      "passed_health": true
    },
    "GPS_031": {
      "elev_deg": 62.0,
      "azim_deg": 24.0,
      "los_enu": [
        0.190951,
        0.428884,
        0.882948
      ],
      "passed_health": true
    },
    "GPS_032": {
      "elev_deg": 24.0,
      "azim_deg": 96.0,
      "los_enu": [
        0.908541,
        -0.095492,
        0.406737
      ],
      "passed_health": true
    }
  }
}