{
  "label": "star_W3",
  "capture_start_utc": "2026-07-15T00:26:34.126032+00:00",
  "rtcm_file": "star_W3-260715-002634Z.rtcm",
  "rate_hz": 10,
  "duration_sec": 12,
  "ref_sat": "BDS_025",
  "satellites": {
    "BDS_023": {
      "elev_deg": 33.0,
      "azim_deg": 217.0,
      "los_enu": [
        -0.504725,
        -0.669792,
        0.544639
      ],
      "passed_health": false
    },
    "BDS_024": {
      "elev_deg": 33.0,
      "azim_deg": 45.0,
      "los_enu": [
        0.59303,
        0.59303,
        0.544639
      ],
      "passed_health": true
    },
    "BDS_025": {
      "elev_deg": 83.0,
      "azim_deg": 184.0,
      "los_enu": [
        -0.008501,
        -0.121572,
        0.992546
      ],
      "passed_health": true
    },
    "BDS_032": {
      "elev_deg": 11.0,
      "azim_deg": 314.0,
      "los_enu": [
        -0.706124,
        0.681896,
        0.190809
      ],
      "passed_health": false
    },
    "BDS_033": {
      "elev_deg": 57.0,
      "azim_deg": 114.0,
      "los_enu": [
        0.497553,
        -0.221525,
        0.838671
      ],
      "passed_health": true
    },
    "BDS_041": {
      "elev_deg": 65.0,
      "azim_deg": 334.0,
      "los_enu": [
        -0.185264,
        0.379847,
        0.906308
      ],
      "passed_health": true
    },
    "BDS_042": {
      "elev_deg": 5.0,
      "azim_deg": 128.0,
      "los_enu": [
        0.785012,
        -0.613319,
        0.087156
      ],
      "passed_health": false
    },
    "GPS_001": {
      "elev_deg": 19.0,
      "azim_deg": 239.0,
      "los_enu": [
        -0.810468,
        -0.486978,
        0.325568
      ],
      "passed_health": true
    },
    "GPS_002": {
      "elev_deg": 7.0,
      "azim_deg": 219.0,
      "los_enu": [
        -0.62463,
        -0.771353,
        0.121869
      ],
      "passed_health": true
    },
    "GPS_003": {
      "elev_deg": 60.0,
      "azim_deg": 298.0,
      "los_enu": [
        -0.441474,
        0.234736,
        0.866025
      ],
      "passed_health": true
    },
    "GPS_004": {
      "elev_deg": 24.0,
      "azim_deg": 304.0,
      "los_enu": [
        -0.757364,
        0.510848,
        0.406737
      ],
      "passed_health": true
    },
    "GPS_016": {
      "elev_deg": 40.0,
      "azim_deg": 169.0,
      "los_enu": [
        0.146168,
        -0.75197,
        0.642788
      ],
      "passed_health": false
    },
    "GPS_025": {
      "elev_deg": 0.0,
      "azim_deg": 35.0,
      "los_enu": [
        0.573576,
        0.819152,
        0.0
      ],
      "passed_health": false
    },
    "GPS_026": {
      "elev_deg": 64.75,
      "azim_deg": 130.5,
      "los_enu": [
        0.324366,
        -0.277034,
        0.904455
      ],
      "passed_health": true
    },
    "GPS_028": {
      "elev_deg": 34.417,
      "azim_deg": 45.583,
      "los_enu": [
        0.589236,
        0.577358,
        0.565207
      ],
      "passed_health": true
    },
    "GPS_029": {
      "elev_deg": 0.0,
      "azim_deg": 65.0,
      "los_enu": [
        0.906308,
        0.422618,
        0.0
      ],
      "passed_health": false
    },
    "GPS_031": {
      "elev_deg": 61.667,
      "azim_deg": 24.333,
      "los_enu": [
        0.195556,
        0.432439,
        0.880201
      ],
      "passed_health": true
    },
    "GPS_032": {
      "elev_deg": 24.0,
      "azim_deg": 96.25,
      "los_enu": [
        0.908116,
        -0.099455,
        0.406737
      ],
      "passed_health": true
    }
  }
}