{
  "label": "traingle_W0",
  "capture_start_utc": "2026-07-01T00:30:05.461649+00:00",
  "rtcm_file": "traingle_W0-260701-003005Z.rtcm",
  "rate_hz": 10,
  "duration_sec": 12,
  "ref_sat": "GPS_031",
  "satellites": {
    "BDS_023": {
      "elev_deg": 13.0,
      "azim_deg": 208.0,
      "los_enu": [
        -0.457439,
        -0.860318,
        0.224951
      ],
      "passed_health": false
    },
    "BDS_024": {
      "elev_deg": 51.0,
      "azim_deg": 58.0,
      "los_enu": [
        0.533694,
        0.333489,
        0.777146
      ],
      "passed_health": false
    },
    "BDS_025": {
      "elev_deg": 58.0,
      "azim_deg": 187.0,
      "los_enu": [
        -0.064581,
        -0.525969,
        0.848048
      ],
      "passed_health": false
    },
    "BDS_026": {
      "elev_deg": 8.0,
      "azim_deg": 40.0,
      "los_enu": [
        0.636532,
        0.758589,
        0.139173
      ],
      "passed_health": false
    },
    "BDS_027": {
      "elev_deg": 4.0,
      "azim_deg": 273.0,
      "los_enu": [
        -0.996197,
        0.052208,
        0.069756
      ],
      "passed_health": false
    },
    "BDS_028": {
      "elev_deg": 4.0,
      "azim_deg": 235.0,
      "los_enu": [
        -0.817157,
        -0.572179,
        0.069756
      ],
      "passed_health": false
    },
    "BDS_033": {
      "elev_deg": 68.0,
      "azim_deg": 64.0,
      "los_enu": [
        0.336694,
        0.164217,
        0.927184
      ],
      "passed_health": true
    },
    "BDS_041": {
      "elev_deg": 45.0,
      "azim_deg": 323.0,
      "los_enu": [
        -0.425547,
        0.564721,
        0.707107
      ],
      "passed_health": false
    },
    "BDS_042": {
      "elev_deg": 20.0,
      "azim_deg": 112.0,
      "los_enu": [
        0.871268,
        -0.352015,
        0.34202
      ],
      "passed_health": false
    },
    "GPS_001": {
      "elev_deg": 32.0,
      "azim_deg": 263.0,
      "los_enu": [
        -0.841727,
        -0.103351,
        0.529919
      ],
      "passed_health": false
    },
    "GPS_002": {
      "elev_deg": 22.0,
      "azim_deg": 236.0,
      "los_enu": [
        -0.76867,
        -0.518475,
        0.374607
      ],
      "passed_health": false
    },
    "GPS_003": {
      "elev_deg": 38.0,
      "azim_deg": 318.0,
      "los_enu": [
        -0.527282,
        0.585606,
        0.615661
      ],
      "passed_health": false
    },
    "GPS_004": {
      "elev_deg": 9.0,
      "azim_deg": 287.0,
      "los_enu": [
        -0.944531,
        0.288772,
        0.156434
      ],
      "passed_health": false
    },
    "GPS_010": {
      "elev_deg": 16.0,
      "azim_deg": 144.0,
      "los_enu": [
        0.565015,
        -0.777677,
        0.275637
      ],
      "passed_health": false
    },
    "GPS_016": {
      "elev_deg": 16.0,
      "azim_deg": 176.0,
      "los_enu": [
        0.067054,
        -0.95892,
        0.275637
      ],
      "passed_health": false
    },
    "GPS_025": {
      "elev_deg": 17.0,
      "azim_deg": 46.0,
      "los_enu": [
        0.687908,
        0.664305,
        0.292372
      ],
      "passed_health": false
    },
    "GPS_026": {
      "elev_deg": 43.0,
      "azim_deg": 159.0,
      "los_enu": [
        0.262094,
        -0.682778,
        0.681998
      ],
      "passed_health": false
    },
    "GPS_028": {
      "elev_deg": 56.0,
      "azim_deg": 34.0,
      "los_enu": [
        0.312697,
        0.463592,
        0.829038
      ],
      "passed_health": false
    },
    "GPS_031": {
      "elev_deg": 81.083,
      "azim_deg": 317.335,
      "los_enu": [
        -0.105044,
        0.113974,
        0.987915
      ],
      "passed_health": true
    },
    "GPS_032": {
      "elev_deg": 38.167,
      "azim_deg": 72.667,
      "los_enu": [
        0.750513,
        0.234237,
        0.617951
      ],
      "passed_health": false
    }
  }
}