{
  "label": "triangle_W1",
  "capture_start_utc": "2026-06-29T17:00:22.482851+00:00",
  "rtcm_file": "triangle_W1-260629-170022Z.rtcm",
  "rate_hz": 10,
  "duration_sec": 12,
  "ref_sat": "GPS_029",
  "satellites": {
    "BDS_013": {
      "elev_deg": 18.0,
      "azim_deg": 311.0,
      "los_enu": [
        -0.717771,
        0.623949,
        0.309017
      ],
      "passed_health": false
    },
    "BDS_014": {
      "elev_deg": 78.0,
      "azim_deg": 96.0,
      "los_enu": [
        0.206773,
        -0.021733,
        0.978148
      ],
      "passed_health": true
    },
    "BDS_021": {
      "elev_deg": 55.0,
      "azim_deg": 51.0,
      "los_enu": [
        0.445753,
        0.360963,
        0.819152
      ],
      "passed_health": false
    },
    "BDS_022": {
      "elev_deg": 6.0,
      "azim_deg": 38.0,
      "los_enu": [
        0.612289,
        0.783694,
        0.104528
      ],
      "passed_health": false
    },
    "BDS_031": {
      "elev_deg": 20.0,
      "azim_deg": 121.0,
      "los_enu": [
        0.805474,
        -0.483977,
        0.34202
      ],
      "passed_health": false
    },
    "BDS_033": {
      "elev_deg": 13.0,
      "azim_deg": 211.0,
      "los_enu": [
        -0.501838,
        -0.835198,
        0.224951
      ],
      "passed_health": false
    },
    "BDS_034": {
      "elev_deg": 70.0,
      "azim_deg": 94.0,
      "los_enu": [
        0.341187,
        -0.023858,
        0.939693
      ],
      "passed_health": true
    },
    "BDS_038": {
      "elev_deg": 43.0,
      "azim_deg": 317.0,
      "los_enu": [
        -0.498782,
        0.534878,
        0.681998
      ],
      "passed_health": false
    },
    "BDS_042": {
      "elev_deg": 67.0,
      "azim_deg": 191.0,
      "los_enu": [
        -0.074555,
        -0.383552,
        0.920505
      ],
      "passed_health": false
    },
    "GPS_005": {
      "elev_deg": 47.0,
      "azim_deg": 36.0,
      "los_enu": [
        0.400869,
        0.551748,
        0.731354
      ],
      "passed_health": false
    },
    "GPS_011": {
      "elev_deg": 8.0,
      "azim_deg": 94.0,
      "los_enu": [
        0.987856,
        -0.069078,
        0.139173
      ],
      "passed_health": false
    },
    "GPS_012": {
      "elev_deg": 1.0,
      "azim_deg": 182.0,
      "los_enu": [
        -0.034894,
        -0.999239,
        0.017452
      ],
      "passed_health": false
    },
    "GPS_015": {
      "elev_deg": 58.0,
      "azim_deg": 152.0,
      "los_enu": [
        0.248782,
        -0.467891,
        0.848048
      ],
      "passed_health": false
    },
    "GPS_016": {
      "elev_deg": 1.0,
      "azim_deg": 325.0,
      "los_enu": [
        -0.573489,
        0.819027,
        0.017452
      ],
      "passed_health": false
    },
    "GPS_018": {
      "elev_deg": 39.0,
      "azim_deg": 310.0,
      "los_enu": [
        -0.595328,
        0.49954,
        0.62932
      ],
      "passed_health": false
    },
    "GPS_020": {
      "elev_deg": 53.0,
      "azim_deg": 93.0,
      "los_enu": [
        0.60099,
        -0.031497,
        0.798636
      ],
      "passed_health": true
    },
    "GPS_021": {
      "elev_deg": 16.0,
      "azim_deg": 48.0,
      "los_enu": [
        0.714357,
        0.64321,
        0.275637
      ],
      "passed_health": false
    },
    "GPS_023": {
      "elev_deg": 29.0,
      "azim_deg": 246.0,
      "los_enu": [
        -0.799005,
        -0.35574,
        0.48481
      ],
      "passed_health": false
    },
    "GPS_025": {
      "elev_deg": 14.083,
      "azim_deg": 213.083,
      "los_enu": [
        -0.529451,
        -0.812693,
        0.243333
      ],
      "passed_health": false
    },
    "GPS_026": {
      "elev_deg": 8.0,
      "azim_deg": 300.0,
      "los_enu": [
        -0.857597,
        0.495134,
        0.139173
      ],
      "passed_health": false
    },
    "GPS_029": {
      "elev_deg": 81.0,
      "azim_deg": 256.332,
      "los_enu": [
        -0.152005,
        -0.036964,
        0.987688
      ],
      "passed_health": true
    }
  }
}