{
  "label": "traingle_W2",
  "capture_start_utc": "2026-06-29T17:16:05.217810+00:00",
  "rtcm_file": "traingle_W2-260629-171605Z.rtcm",
  "rate_hz": 10,
  "duration_sec": 12,
  "ref_sat": "GPS_029",
  "satellites": {
    "BDS_013": {
      "elev_deg": 23.0,
      "azim_deg": 313.0,
      "los_enu": [
        -0.673215,
        0.627783,
        0.390731
      ],
      "passed_health": false
    },
    "BDS_014": {
      "elev_deg": 76.0,
      "azim_deg": 67.0,
      "los_enu": [
        0.22269,
        0.094526,
        0.970296
      ],
      "passed_health": true
    },
    "BDS_021": {
      "elev_deg": 50.0,
      "azim_deg": 46.0,
      "los_enu": [
        0.462383,
        0.446518,
        0.766044
      ],
      "passed_health": true
    },
    "BDS_022": {
      "elev_deg": 1.0,
      "azim_deg": 38.0,
      "los_enu": [
        0.615568,
        0.787891,
        0.017452
      ],
      "passed_health": false
    },
    "BDS_031": {
      "elev_deg": 15.0,
      "azim_deg": 126.0,
      "los_enu": [
        0.78145,
        -0.567757,
        0.258819
      ],
      "passed_health": false
    },
    "BDS_033": {
      "elev_deg": 19.0,
      "azim_deg": 214.0,
      "los_enu": [
        -0.528727,
        -0.78387,
        0.325568
      ],
      "passed_health": false
    },
    "BDS_034": {
      "elev_deg": 66.0,
      "azim_deg": 109.0,
      "los_enu": [
        0.384577,
        -0.13242,
        0.913545
      ],
      "passed_health": true
    },
    "BDS_038": {
      "elev_deg": 49.0,
      "azim_deg": 318.0,
      "los_enu": [
        -0.438989,
        0.487547,
        0.75471
      ],
      "passed_health": true
    },
    "BDS_042": {
      "elev_deg": 74.0,
      "azim_deg": 193.0,
      "los_enu": [
        -0.062005,
        -0.268573,
        0.961262
      ],
      "passed_health": true
    },
    "GPS_005": {
      "elev_deg": 41.0,
      "azim_deg": 40.0,
      "los_enu": [
        0.485118,
        0.578141,
        0.656059
      ],
      "passed_health": true
    },
    "GPS_010": {
      "elev_deg": 4.0,
      "azim_deg": 241.0,
      "los_enu": [
        -0.872489,
        -0.483629,
        0.069756
      ],
      "passed_health": false
    },
    "GPS_011": {
      "elev_deg": 4.0,
      "azim_deg": 99.0,
      "los_enu": [
        0.985282,
        -0.156053,
        0.069756
      ],
      "passed_health": false
    },
    "GPS_015": {
      "elev_deg": 65.0,
      "azim_deg": 142.0,
      "los_enu": [
        0.26019,
        -0.333028,
        0.906308
      ],
      "passed_health": true
    },
    "GPS_016": {
      "elev_deg": 3.0,
      "azim_deg": 319.0,
      "los_enu": [
        -0.65516,
        0.753675,
        0.052336
      ],
      "passed_health": false
    },
    "GPS_018": {
      "elev_deg": 43.0,
      "azim_deg": 316.0,
      "los_enu": [
        -0.508041,
        0.526092,
        0.681998
      ],
      "passed_health": true
    },
    "GPS_020": {
      "elev_deg": 52.0,
      "azim_deg": 80.0,
      "los_enu": [
        0.606308,
        0.106908,
        0.788011
      ],
      "passed_health": true
    },
    "GPS_021": {
      "elev_deg": 11.0,
      "azim_deg": 51.0,
      "los_enu": [
        0.762868,
        0.617758,
        0.190809
      ],
      "passed_health": false
    },
    "GPS_023": {
      "elev_deg": 33.917,
      "azim_deg": 252.917,
      "los_enu": [
        -0.793236,
        -0.243779,
        0.557987
      ],
      "passed_health": true
    },
    "GPS_024": {
      "elev_deg": 2.0,
      "azim_deg": 152.167,
      "los_enu": [
        0.466617,
        -0.883771,
        0.034899
      ],
      "passed_health": false
    },
    "GPS_025": {
      "elev_deg": 9.25,
      "azim_deg": 209.0,
      "los_enu": [
        -0.478505,
        -0.863246,
        0.160743
      ],
      "passed_health": false
    },
    "GPS_026": {
      "elev_deg": 8.0,
      "azim_deg": 293.333,
      "los_enu": [
        -0.90928,
        0.392225,
        0.139173
      ],
      "passed_health": false
    },
    "GPS_029": {
      "elev_deg": 77.583,
      "azim_deg": 214.333,
      "los_enu": [
        -0.121273,
        -0.177556,
        0.97661
      ],
      "passed_health": true
    }
  }
}