{
  "label": "traingle_W2",
  "capture_start_utc": "2026-07-01T01:01:08.550244+00:00",
  "rtcm_file": "traingle_W2-260701-010108Z.rtcm",
  "rate_hz": 10,
  "duration_sec": 12,
  "ref_sat": "BDS_025",
  "satellites": {
    "BDS_023": {
      "elev_deg": 24.083,
      "azim_deg": 212.0,
      "los_enu": [
        -0.483791,
        -0.774228,
        0.408065
      ],
      "passed_health": false
    },
    "BDS_024": {
      "elev_deg": 41.0,
      "azim_deg": 48.0,
      "los_enu": [
        0.560859,
        0.504999,
        0.656059
      ],
      "passed_health": true
    },
    "BDS_025": {
      "elev_deg": 73.0,
      "azim_deg": 188.0,
      "los_enu": [
        -0.04069,
        -0.289526,
        0.956305
      ],
      "passed_health": true
    },
    "BDS_032": {
      "elev_deg": 5.0,
      "azim_deg": 311.0,
      "los_enu": [
        -0.751838,
        0.653563,
        0.087156
      ],
      "passed_health": false
    },
    "BDS_033": {
      "elev_deg": 63.0,
      "azim_deg": 97.083,
      "los_enu": [
        0.450526,
        -0.055983,
        0.891007
      ],
      "passed_health": true
    },
    "BDS_041": {
      "elev_deg": 56.0,
      "azim_deg": 330.0,
      "los_enu": [
        -0.279596,
        0.484275,
        0.829038
      ],
      "passed_health": true
    },
    "BDS_042": {
      "elev_deg": 12.0,
      "azim_deg": 122.0,
      "los_enu": [
        0.829516,
        -0.518339,
        0.207912
      ],
      "passed_health": false
    },
    "GPS_001": {
      "elev_deg": 25.0,
      "azim_deg": 249.0,
      "los_enu": [
        -0.846111,
        -0.324792,
        0.422618
      ],
      "passed_health": true
    },
    "GPS_002": {
      "elev_deg": 13.0,
      "azim_deg": 226.0,
      "los_enu": [
        -0.700903,
        -0.676854,
        0.224951
      ],
      "passed_health": false
    },
    "GPS_003": {
      "elev_deg": 51.0,
      "azim_deg": 311.0,
      "los_enu": [
        -0.474954,
        0.412871,
        0.777146
      ],
      "passed_health": true
    },
    "GPS_004": {
      "elev_deg": 18.0,
      "azim_deg": 297.0,
      "los_enu": [
        -0.847398,
        0.431771,
        0.309017
      ],
      "passed_health": true
    },
    "GPS_010": {
      "elev_deg": 3.0,
      "azim_deg": 148.0,
      "los_enu": [
        0.529193,
        -0.846886,
        0.052336
      ],
      "passed_health": false
    },
    "GPS_016": {
      "elev_deg": 30.0,
      "azim_deg": 172.0,
      "los_enu": [
        0.120527,
        -0.857597,
        0.5
      ],
      "passed_health": false
    },
    "GPS_025": {
      "elev_deg": 7.25,
      "azim_deg": 38.0,
      "los_enu": [
        0.610739,
        0.781711,
        0.126199
      ],
      "passed_health": false
    },
    "GPS_026": {
      "elev_deg": 56.667,
      "azim_deg": 146.333,
      "los_enu": [
        0.304626,
        -0.457344,
        0.835488
      ],
      "passed_health": true
    },
    "GPS_028": {
      "elev_deg": 43.5,
      "azim_deg": 40.0,
      "los_enu": [
        0.466262,
        0.555669,
        0.688355
      ],
      "passed_health": true
    },
    "GPS_031": {
      "elev_deg": 71.75,
      "azim_deg": 9.5,
      "los_enu": [
        0.051687,
        0.308869,
        0.949699
      ],
      "passed_health": true
    },
    "GPS_032": {
      "elev_deg": 30.833,
      "azim_deg": 86.167,
      "los_enu": [
        0.856741,
        0.057405,
        0.512543
      ],
      "passed_health": true
    }
  }
}