{
  "label": "triangle_W1",
  "capture_start_utc": "2026-06-29T17:00:01.436815+00:00",
  "rtcm_file": "triangle_W1-260629-170001Z.rtcm",
  "rate_hz": 10,
  "duration_sec": 12,
  "ref_sat": "GPS_029",
  "satellites": {
    "BDS_013": {
      "elev_deg": 18.0,
      "azim_deg": 311.0,
      "los_enu": [
        -0.717771,
        0.623949,
        0.309017
      ],
      "passed_health": false
    },
    "BDS_014": {
      "elev_deg": 78.0,
      "azim_deg": 97.091,
      "los_enu": [
        0.206321,
        -0.025665,
        0.978148
      ],
      "passed_health": true
    },
    "BDS_021": {
      "elev_deg": 55.545,
      "azim_deg": 51.0,
      "los_enu": [
        0.439672,
        0.356039,
        0.824575
      ],
      "passed_health": false
    },
    "BDS_022": {
      "elev_deg": 6.0,
      "azim_deg": 38.0,
      "los_enu": [
        0.612289,
        0.783694,
        0.104528
      ],
      "passed_health": false
    },
    "BDS_031": {
      "elev_deg": 20.0,
      "azim_deg": 121.0,
      "los_enu": [
        0.805474,
        -0.483977,
        0.34202
      ],
      "passed_health": false
    },
    "BDS_033": {
      "elev_deg": 13.0,
      "azim_deg": 211.0,
      "los_enu": [
        -0.501838,
        -0.835198,
        0.224951
      ],
      "passed_health": false
    },
    "BDS_034": {
      "elev_deg": 70.545,
      "azim_deg": 93.455,
      "los_enu": [
        0.332454,
        -0.020069,
        0.942906
      ],
      "passed_health": true
    },
    "BDS_038": {
      "elev_deg": 43.0,
      "azim_deg": 317.0,
      "los_enu": [
        -0.498782,
        0.534878,
        0.681998
      ],
      "passed_health": false
    },
    "BDS_042": {
      "elev_deg": 66.455,
      "azim_deg": 190.0,
      "los_enu": [
        -0.069368,
        -0.393408,
        0.916743
      ],
      "passed_health": false
    },
    "GPS_005": {
      "elev_deg": 47.091,
      "azim_deg": 36.0,
      "los_enu": [
        0.400186,
        0.550809,
        0.732435
      ],
      "passed_health": false
    },
    "GPS_011": {
      "elev_deg": 8.636,
      "azim_deg": 93.364,
      "los_enu": [
        0.986958,
        -0.058007,
        0.150163
      ],
      "passed_health": false
    },
    "GPS_012": {
      "elev_deg": 1.0,
      "azim_deg": 182.727,
      "los_enu": [
        -0.047575,
        -0.998715,
        0.017452
      ],
      "passed_health": false
    },
    "GPS_015": {
      "elev_deg": 57.0,
      "azim_deg": 153.0,
      "los_enu": [
        0.247261,
        -0.485277,
        0.838671
      ],
      "passed_health": false
    },
    "GPS_016": {
      "elev_deg": 0.0,
      "azim_deg": 326.0,
      "los_enu": [
        -0.559193,
        0.829038,
        0.0
      ],
      "passed_health": false
    },
    "GPS_018": {
      "elev_deg": 38.0,
      "azim_deg": 309.0,
      "los_enu": [
        -0.612399,
        0.495911,
        0.615661
      ],
      "passed_health": false
    },
    "GPS_020": {
      "elev_deg": 52.0,
      "azim_deg": 95.0,
      "los_enu": [
        0.613319,
        -0.053658,
        0.788011
      ],
      "passed_health": true
    },
    "GPS_021": {
      "elev_deg": 17.0,
      "azim_deg": 48.0,
      "los_enu": [
        0.710673,
        0.639893,
        0.292372
      ],
      "passed_health": false
    },
    "GPS_023": {
      "elev_deg": 28.0,
      "azim_deg": 245.0,
      "los_enu": [
        -0.800222,
        -0.37315,
        0.469472
      ],
      "passed_health": false
    },
    "GPS_025": {
      "elev_deg": 15.0,
      "azim_deg": 214.0,
      "los_enu": [
        -0.540139,
        -0.800789,
        0.258819
      ],
      "passed_health": false
    },
    "GPS_026": {
      "elev_deg": 8.0,
      "azim_deg": 300.0,
      "los_enu": [
        -0.857597,
        0.495134,
        0.139173
      ],
      "passed_health": false
    },
    "GPS_029": {
      "elev_deg": 81.0,
      "azim_deg": 261.0,
      "los_enu": [
        -0.154508,
        -0.024472,
        0.987688
      ],
      "passed_health": true
    }
  }
}