{
  "label": "triangle_W3",
  "capture_start_utc": "2026-07-01T01:16:28.808960+00:00",
  "rtcm_file": "triangle_W3-260701-011628Z.rtcm",
  "rate_hz": 10,
  "duration_sec": 12,
  "ref_sat": "BDS_025",
  "satellites": {
    "BDS_023": {
      "elev_deg": 30.0,
      "azim_deg": 215.0,
      "los_enu": [
        -0.496732,
        -0.709406,
        0.5
      ],
      "passed_health": false
    },
    "BDS_024": {
      "elev_deg": 35.0,
      "azim_deg": 46.0,
      "los_enu": [
        0.589249,
        0.569031,
        0.573576
      ],
      "passed_health": true
    },
    "BDS_025": {
      "elev_deg": 80.0,
      "azim_deg": 185.0,
      "los_enu": [
        -0.015134,
        -0.172987,
        0.984808
      ],
      "passed_health": true
    },
    "BDS_032": {
      "elev_deg": 9.0,
      "azim_deg": 314.0,
      "los_enu": [
        -0.710484,
        0.686106,
        0.156434
      ],
      "passed_health": false
    },
    "BDS_033": {
      "elev_deg": 59.0,
      "azim_deg": 110.0,
      "los_enu": [
        0.483977,
        -0.176153,
        0.857167
      ],
      "passed_health": true
    },
    "BDS_041": {
      "elev_deg": 62.0,
      "azim_deg": 333.0,
      "los_enu": [
        -0.213136,
        0.418302,
        0.882948
      ],
      "passed_health": true
    },
    "BDS_042": {
      "elev_deg": 7.0,
      "azim_deg": 126.0,
      "los_enu": [
        0.802987,
        -0.583404,
        0.121869
      ],
      "passed_health": false
    },
    "GPS_001": {
      "elev_deg": 21.417,
      "azim_deg": 242.417,
      "los_enu": [
        -0.825136,
        -0.431065,
        0.365148
      ],
      "passed_health": true
    },
    "GPS_002": {
      "elev_deg": 9.0,
      "azim_deg": 221.0,
      "los_enu": [
        -0.647982,
        -0.745418,
        0.156434
      ],
      "passed_health": true
    },
    "GPS_003": {
      "elev_deg": 56.417,
      "azim_deg": 304.167,
      "los_enu": [
        -0.45768,
        0.31065,
        0.833082
      ],
      "passed_health": true
    },
    "GPS_004": {
      "elev_deg": 22.0,
      "azim_deg": 302.0,
      "los_enu": [
        -0.786297,
        0.491333,
        0.374607
      ],
      "passed_health": true
    },
    "GPS_016": {
      "elev_deg": 36.0,
      "azim_deg": 170.0,
      "los_enu": [
        0.140484,
        -0.796726,
        0.587785
      ],
      "passed_health": false
    },
    "GPS_025": {
      "elev_deg": 2.0,
      "azim_deg": 36.0,
      "los_enu": [
        0.587427,
        0.808524,
        0.034899
      ],
      "passed_health": false
    },
    "GPS_026": {
      "elev_deg": 62.0,
      "azim_deg": 136.0,
      "los_enu": [
        0.326122,
        -0.33771,
        0.882948
      ],
      "passed_health": true
    },
    "GPS_028": {
      "elev_deg": 38.0,
      "azim_deg": 44.0,
      "los_enu": [
        0.547398,
        0.566847,
        0.615661
      ],
      "passed_health": true
    },
    "GPS_031": {
      "elev_deg": 65.0,
      "azim_deg": 20.0,
      "los_enu": [
        0.144544,
        0.397131,
        0.906308
      ],
      "passed_health": true
    },
    "GPS_032": {
      "elev_deg": 27.0,
      "azim_deg": 93.0,
      "los_enu": [
        0.889785,
        -0.046632,
        0.45399
      ],
      "passed_health": true
    }
  }
}