{
  "label": "traingle_W1",
  "capture_start_utc": "2026-06-29T16:59:19.217686+00:00",
  "rtcm_file": "traingle_W1-260629-165919Z.rtcm",
  "rate_hz": 10,
  "duration_sec": 12,
  "ref_sat": "GPS_029",
  "satellites": {
    "BDS_013": {
      "elev_deg": 18.0,
      "azim_deg": 311.0,
      "los_enu": [
        -0.717771,
        0.623949,
        0.309017
      ],
      "passed_health": false
    },
    "BDS_014": {
      "elev_deg": 78.0,
      "azim_deg": 98.0,
      "los_enu": [
        0.205888,
        -0.028936,
        0.978148
      ],
      "passed_health": true
    },
    "BDS_021": {
      "elev_deg": 56.0,
      "azim_deg": 51.0,
      "los_enu": [
        0.434575,
        0.351911,
        0.829038
      ],
      "passed_health": true
    },
    "BDS_022": {
      "elev_deg": 6.0,
      "azim_deg": 38.0,
      "los_enu": [
        0.612289,
        0.783694,
        0.104528
      ],
      "passed_health": false
    },
    "BDS_031": {
      "elev_deg": 20.083,
      "azim_deg": 120.917,
      "los_enu": [
        0.805749,
        -0.482549,
        0.343387
      ],
      "passed_health": true
    },
    "BDS_033": {
      "elev_deg": 12.75,
      "azim_deg": 211.0,
      "los_enu": [
        -0.502338,
        -0.836032,
        0.220697
      ],
      "passed_health": false
    },
    "BDS_034": {
      "elev_deg": 71.0,
      "azim_deg": 92.333,
      "los_enu": [
        0.325298,
        -0.013255,
        0.945519
      ],
      "passed_health": true
    },
    "BDS_038": {
      "elev_deg": 42.333,
      "azim_deg": 317.0,
      "los_enu": [
        -0.50416,
        0.540645,
        0.673443
      ],
      "passed_health": true
    },
    "BDS_042": {
      "elev_deg": 66.0,
      "azim_deg": 190.0,
      "los_enu": [
        -0.070629,
        -0.400557,
        0.913545
      ],
      "passed_health": true
    },
    "GPS_005": {
      "elev_deg": 48.0,
      "azim_deg": 36.0,
      "los_enu": [
        0.393305,
        0.541338,
        0.743145
      ],
      "passed_health": true
    },
    "GPS_011": {
      "elev_deg": 9.0,
      "azim_deg": 93.0,
      "los_enu": [
        0.986335,
        -0.051692,
        0.156434
      ],
      "passed_health": false
    },
    "GPS_012": {
      "elev_deg": 1.0,
      "azim_deg": 183.0,
      "los_enu": [
        -0.052328,
        -0.998477,
        0.017452
      ],
      "passed_health": false
    },
    "GPS_015": {
      "elev_deg": 57.0,
      "azim_deg": 153.0,
      "los_enu": [
        0.247261,
        -0.485277,
        0.838671
      ],
      "passed_health": true
    },
    "GPS_016": {
      "elev_deg": 0.0,
      "azim_deg": 326.0,
      "los_enu": [
        -0.559193,
        0.829038,
        0.0
      ],
      "passed_health": false
    },
    "GPS_018": {
      "elev_deg": 38.0,
      "azim_deg": 309.0,
      "los_enu": [
        -0.612399,
        0.495911,
        0.615661
      ],
      "passed_health": true
    },
    "GPS_020": {
      "elev_deg": 52.0,
      "azim_deg": 95.0,
      "los_enu": [
        0.613319,
        -0.053658,
        0.788011
      ],
      "passed_health": true
    },
    "GPS_021": {
      "elev_deg": 17.0,
      "azim_deg": 48.0,
      "los_enu": [
        0.710673,
        0.639893,
        0.292372
      ],
      "passed_health": false
    },
    "GPS_023": {
      "elev_deg": 28.0,
      "azim_deg": 245.0,
      "los_enu": [
        -0.800222,
        -0.37315,
        0.469472
      ],
      "passed_health": true
    },
    "GPS_025": {
      "elev_deg": 15.0,
      "azim_deg": 214.0,
      "los_enu": [
        -0.540139,
        -0.800789,
        0.258819
      ],
      "passed_health": false
    },
    "GPS_026": {
      "elev_deg": 8.0,
      "azim_deg": 300.0,
      "los_enu": [
        -0.857597,
        0.495134,
        0.139173
      ],
      "passed_health": false
    },
    "GPS_029": {
      "elev_deg": 81.0,
      "azim_deg": 261.0,
      "los_enu": [
        -0.154508,
        -0.024472,
        0.987688
      ],
      "passed_health": true
    }
  }
}