{
  "label": "triangle_W3",
  "capture_start_utc": "2026-07-15T00:22:44.708410+00:00",
  "rtcm_file": "triangle_W3-260715-002244Z.rtcm",
  "rate_hz": 10,
  "duration_sec": 12,
  "ref_sat": "BDS_025",
  "satellites": {
    "BDS_023": {
      "elev_deg": 31.0,
      "azim_deg": 216.0,
      "los_enu": [
        -0.50383,
        -0.693463,
        0.515038
      ],
      "passed_health": false
    },
    "BDS_024": {
      "elev_deg": 35.0,
      "azim_deg": 45.0,
      "los_enu": [
        0.579228,
        0.579228,
        0.573576
      ],
      "passed_health": true
    },
    "BDS_025": {
      "elev_deg": 80.0,
      "azim_deg": 186.0,
      "los_enu": [
        -0.018151,
        -0.172697,
        0.984808
      ],
      "passed_health": true
    },
    "BDS_032": {
      "elev_deg": 10.0,
      "azim_deg": 314.0,
      "los_enu": [
        -0.708411,
        0.684105,
        0.173648
      ],
      "passed_health": false
    },
    "BDS_033": {
      "elev_deg": 59.0,
      "azim_deg": 111.0,
      "los_enu": [
        0.480829,
        -0.184573,
        0.857167
      ],
      "passed_health": true
    },
    "BDS_041": {
      "elev_deg": 63.0,
      "azim_deg": 333.0,
      "los_enu": [
        -0.206107,
        0.404508,
        0.891007
      ],
      "passed_health": true
    },
    "BDS_042": {
      "elev_deg": 7.0,
      "azim_deg": 127.0,
      "los_enu": [
        0.792683,
        -0.597329,
        0.121869
      ],
      "passed_health": false
    },
    "GPS_001": {
      "elev_deg": 20.0,
      "azim_deg": 241.0,
      "los_enu": [
        -0.821874,
        -0.455572,
        0.34202
      ],
      "passed_health": false
    },
    "GPS_002": {
      "elev_deg": 8.0,
      "azim_deg": 220.0,
      "los_enu": [
        -0.636532,
        -0.758589,
        0.139173
      ],
      "passed_health": true
    },
    "GPS_003": {
      "elev_deg": 58.0,
      "azim_deg": 302.0,
      "los_enu": [
        -0.449397,
        0.280814,
        0.848048
      ],
      "passed_health": true
    },
    "GPS_004": {
      "elev_deg": 23.0,
      "azim_deg": 303.0,
      "los_enu": [
        -0.772,
        0.501343,
        0.390731
      ],
      "passed_health": true
    },
    "GPS_016": {
      "elev_deg": 38.0,
      "azim_deg": 169.0,
      "los_enu": [
        0.15036,
        -0.773533,
        0.615661
      ],
      "passed_health": false
    },
    "GPS_025": {
      "elev_deg": 1.0,
      "azim_deg": 35.0,
      "los_enu": [
        0.573489,
        0.819027,
        0.017452
      ],
      "passed_health": false
    },
    "GPS_026": {
      "elev_deg": 63.0,
      "azim_deg": 134.0,
      "los_enu": [
        0.326573,
        -0.315368,
        0.891007
      ],
      "passed_health": true
    },
    "GPS_028": {
      "elev_deg": 36.0,
      "azim_deg": 45.0,
      "los_enu": [
        0.572061,
        0.572061,
        0.587785
      ],
      "passed_health": true
    },
    "GPS_031": {
      "elev_deg": 63.0,
      "azim_deg": 23.0,
      "los_enu": [
        0.177388,
        0.4179,
        0.891007
      ],
      "passed_health": true
    },
    "GPS_032": {
      "elev_deg": 25.0,
      "azim_deg": 95.0,
      "los_enu": [
        0.902859,
        -0.07899,
        0.422618
      ],
      "passed_health": true
    }
  }
}