{
  "label": "traingle_W2",
  "capture_start_utc": "2026-07-01T01:00:47.553985+00:00",
  "rtcm_file": "traingle_W2-260701-010047Z.rtcm",
  "rate_hz": 10,
  "duration_sec": 12,
  "ref_sat": "BDS_025",
  "satellites": {
    "BDS_023": {
      "elev_deg": 24.0,
      "azim_deg": 212.0,
      "los_enu": [
        -0.484105,
        -0.77473,
        0.406737
      ],
      "passed_health": false
    },
    "BDS_024": {
      "elev_deg": 41.0,
      "azim_deg": 48.0,
      "los_enu": [
        0.560859,
        0.504999,
        0.656059
      ],
      "passed_health": false
    },
    "BDS_025": {
      "elev_deg": 73.0,
      "azim_deg": 188.0,
      "los_enu": [
        -0.04069,
        -0.289526,
        0.956305
      ],
      "passed_health": true
    },
    "BDS_032": {
      "elev_deg": 4.0,
      "azim_deg": 311.0,
      "los_enu": [
        -0.752871,
        0.654461,
        0.069756
      ],
      "passed_health": false
    },
    "BDS_033": {
      "elev_deg": 63.0,
      "azim_deg": 97.0,
      "los_enu": [
        0.450607,
        -0.055328,
        0.891007
      ],
      "passed_health": true
    },
    "BDS_041": {
      "elev_deg": 56.0,
      "azim_deg": 330.0,
      "los_enu": [
        -0.279596,
        0.484275,
        0.829038
      ],
      "passed_health": false
    },
    "BDS_042": {
      "elev_deg": 12.0,
      "azim_deg": 122.0,
      "los_enu": [
        0.829516,
        -0.518339,
        0.207912
      ],
      "passed_health": false
    },
    "GPS_001": {
      "elev_deg": 25.0,
      "azim_deg": 249.0,
      "los_enu": [
        -0.846111,
        -0.324792,
        0.422618
      ],
      "passed_health": false
    },
    "GPS_002": {
      "elev_deg": 13.083,
      "azim_deg": 226.0,
      "los_enu": [
        -0.700667,
        -0.676626,
        0.226368
      ],
      "passed_health": false
    },
    "GPS_003": {
      "elev_deg": 50.833,
      "azim_deg": 311.167,
      "los_enu": [
        -0.475451,
        0.415737,
        0.775312
      ],
      "passed_health": false
    },
    "GPS_004": {
      "elev_deg": 17.75,
      "azim_deg": 297.0,
      "los_enu": [
        -0.848591,
        0.432379,
        0.304864
      ],
      "passed_health": false
    },
    "GPS_010": {
      "elev_deg": 3.75,
      "azim_deg": 148.0,
      "los_enu": [
        0.528785,
        -0.846232,
        0.065403
      ],
      "passed_health": false
    },
    "GPS_016": {
      "elev_deg": 29.0,
      "azim_deg": 172.0,
      "los_enu": [
        0.121724,
        -0.866108,
        0.48481
      ],
      "passed_health": false
    },
    "GPS_025": {
      "elev_deg": 8.0,
      "azim_deg": 38.0,
      "los_enu": [
        0.60967,
        0.780342,
        0.139173
      ],
      "passed_health": false
    },
    "GPS_026": {
      "elev_deg": 56.0,
      "azim_deg": 147.0,
      "los_enu": [
        0.304558,
        -0.468979,
        0.829038
      ],
      "passed_health": false
    },
    "GPS_028": {
      "elev_deg": 44.0,
      "azim_deg": 40.0,
      "los_enu": [
        0.462383,
        0.551046,
        0.694658
      ],
      "passed_health": false
    },
    "GPS_031": {
      "elev_deg": 72.0,
      "azim_deg": 9.0,
      "los_enu": [
        0.048341,
        0.305212,
        0.951057
      ],
      "passed_health": true
    },
    "GPS_032": {
      "elev_deg": 31.0,
      "azim_deg": 86.0,
      "los_enu": [
        0.855079,
        0.059793,
        0.515038
      ],
      "passed_health": false
    }
  }
}