{
  "label": "triangle_W3",
  "capture_start_utc": "2026-06-29T17:29:19.381170+00:00",
  "rtcm_file": "triangle_W3-260629-172919Z.rtcm",
  "rate_hz": 10,
  "duration_sec": 12,
  "ref_sat": "BDS_042",
  "satellites": {
    "BDS_013": {
      "elev_deg": 28.0,
      "azim_deg": 315.0,
      "los_enu": [
        -0.624338,
        0.624338,
        0.469472
      ],
      "passed_health": false
    },
    "BDS_014": {
      "elev_deg": 71.0,
      "azim_deg": 52.0,
      "los_enu": [
        0.256551,
        0.20044,
        0.945519
      ],
      "passed_health": true
    },
    "BDS_021": {
      "elev_deg": 45.0,
      "azim_deg": 43.0,
      "los_enu": [
        0.482246,
        0.517145,
        0.707107
      ],
      "passed_health": true
    },
    "BDS_028": {
      "elev_deg": 1.0,
      "azim_deg": 311.0,
      "los_enu": [
        -0.754595,
        0.655959,
        0.017452
      ],
      "passed_health": false
    },
    "BDS_031": {
      "elev_deg": 11.0,
      "azim_deg": 129.0,
      "los_enu": [
        0.762868,
        -0.617758,
        0.190809
      ],
      "passed_health": false
    },
    "BDS_033": {
      "elev_deg": 24.0,
      "azim_deg": 217.0,
      "los_enu": [
        -0.549785,
        -0.72959,
        0.406737
      ],
      "passed_health": false
    },
    "BDS_034": {
      "elev_deg": 62.0,
      "azim_deg": 120.0,
      "los_enu": [
        0.406574,
        -0.234736,
        0.882948
      ],
      "passed_health": true
    },
    "BDS_038": {
      "elev_deg": 54.0,
      "azim_deg": 319.0,
      "los_enu": [
        -0.385622,
        0.443607,
        0.809017
      ],
      "passed_health": true
    },
    "BDS_042": {
      "elev_deg": 80.0,
      "azim_deg": 195.0,
      "los_enu": [
        -0.044943,
        -0.167731,
        0.984808
      ],
      "passed_health": true
    },
    "GPS_005": {
      "elev_deg": 36.0,
      "azim_deg": 44.0,
      "los_enu": [
        0.56199,
        0.581958,
        0.587785
      ],
      "passed_health": true
    },
    "GPS_010": {
      "elev_deg": 7.667,
      "azim_deg": 244.667,
      "los_enu": [
        -0.895754,
        -0.424059,
        0.13341
      ],
      "passed_health": false
    },
    "GPS_011": {
      "elev_deg": 0.417,
      "azim_deg": 103.583,
      "los_enu": [
        0.972004,
        -0.234853,
        0.007272
      ],
      "passed_health": false
    },
    "GPS_015": {
      "elev_deg": 68.25,
      "azim_deg": 130.25,
      "los_enu": [
        0.282821,
        -0.239427,
        0.92881
      ],
      "passed_health": true
    },
    "GPS_016": {
      "elev_deg": 5.0,
      "azim_deg": 314.833,
      "los_enu": [
        -0.706462,
        0.702364,
        0.087156
      ],
      "passed_health": false
    },
    "GPS_018": {
      "elev_deg": 47.0,
      "azim_deg": 321.0,
      "los_enu": [
        -0.429195,
        0.530012,
        0.731354
      ],
      "passed_health": true
    },
    "GPS_020": {
      "elev_deg": 51.0,
      "azim_deg": 72.0,
      "los_enu": [
        0.598519,
        0.194471,
        0.777146
      ],
      "passed_health": true
    },
    "GPS_021": {
      "elev_deg": 7.0,
      "azim_deg": 54.0,
      "los_enu": [
        0.802987,
        0.583404,
        0.121869
      ],
      "passed_health": false
    },
    "GPS_023": {
      "elev_deg": 37.0,
      "azim_deg": 258.0,
      "los_enu": [
        -0.781183,
        -0.166046,
        0.601815
      ],
      "passed_health": true
    },
    "GPS_024": {
      "elev_deg": 5.0,
      "azim_deg": 148.0,
      "los_enu": [
        0.527903,
        -0.844821,
        0.087156
      ],
      "passed_health": false
    },
    "GPS_025": {
      "elev_deg": 6.0,
      "azim_deg": 205.0,
      "los_enu": [
        -0.420303,
        -0.901343,
        0.104528
      ],
      "passed_health": false
    },
    "GPS_026": {
      "elev_deg": 7.0,
      "azim_deg": 288.0,
      "los_enu": [
        -0.943967,
        0.306714,
        0.121869
      ],
      "passed_health": false
    },
    "GPS_029": {
      "elev_deg": 73.0,
      "azim_deg": 199.0,
      "los_enu": [
        -0.095187,
        -0.276443,
        0.956305
      ],
      "passed_health": true
    }
  }
}