{
  "label": "triangle_W3",
  "capture_start_utc": "2026-07-01T01:15:46.799648+00:00",
  "rtcm_file": "triangle_W3-260701-011546Z.rtcm",
  "rate_hz": 10,
  "duration_sec": 12,
  "ref_sat": "BDS_025",
  "satellites": {
    "BDS_023": {
      "elev_deg": 30.0,
      "azim_deg": 215.0,
      "los_enu": [
        -0.496732,
        -0.709406,
        0.5
      ],
      "passed_health": false
    },
    "BDS_024": {
      "elev_deg": 35.083,
      "azim_deg": 46.0,
      "los_enu": [
        0.588648,
        0.568451,
        0.574767
      ],
      "passed_health": false
    },
    "BDS_025": {
      "elev_deg": 79.833,
      "azim_deg": 185.167,
      "los_enu": [
        -0.015895,
        -0.175795,
        0.984298
      ],
      "passed_health": true
    },
    "BDS_032": {
      "elev_deg": 8.25,
      "azim_deg": 313.25,
      "los_enu": [
        -0.720833,
        0.678092,
        0.143493
      ],
      "passed_health": false
    },
    "BDS_033": {
      "elev_deg": 59.833,
      "azim_deg": 108.333,
      "los_enu": [
        0.477011,
        -0.158064,
        0.864567
      ],
      "passed_health": true
    },
    "BDS_041": {
      "elev_deg": 61.0,
      "azim_deg": 333.0,
      "los_enu": [
        -0.220099,
        0.431969,
        0.87462
      ],
      "passed_health": false
    },
    "BDS_042": {
      "elev_deg": 8.0,
      "azim_deg": 126.0,
      "los_enu": [
        0.801144,
        -0.582065,
        0.139173
      ],
      "passed_health": false
    },
    "GPS_001": {
      "elev_deg": 22.0,
      "azim_deg": 243.0,
      "los_enu": [
        -0.826127,
        -0.420933,
        0.374607
      ],
      "passed_health": false
    },
    "GPS_002": {
      "elev_deg": 9.0,
      "azim_deg": 221.0,
      "los_enu": [
        -0.647982,
        -0.745418,
        0.156434
      ],
      "passed_health": false
    },
    "GPS_003": {
      "elev_deg": 56.0,
      "azim_deg": 305.0,
      "los_enu": [
        -0.458064,
        0.32074,
        0.829038
      ],
      "passed_health": false
    },
    "GPS_004": {
      "elev_deg": 22.0,
      "azim_deg": 302.0,
      "los_enu": [
        -0.786297,
        0.491333,
        0.374607
      ],
      "passed_health": false
    },
    "GPS_016": {
      "elev_deg": 36.0,
      "azim_deg": 170.0,
      "los_enu": [
        0.140484,
        -0.796726,
        0.587785
      ],
      "passed_health": false
    },
    "GPS_025": {
      "elev_deg": 2.0,
      "azim_deg": 36.0,
      "los_enu": [
        0.587427,
        0.808524,
        0.034899
      ],
      "passed_health": false
    },
    "GPS_026": {
      "elev_deg": 62.0,
      "azim_deg": 136.0,
      "los_enu": [
        0.326122,
        -0.33771,
        0.882948
      ],
      "passed_health": true
    },
    "GPS_028": {
      "elev_deg": 38.0,
      "azim_deg": 44.0,
      "los_enu": [
        0.547398,
        0.566847,
        0.615661
      ],
      "passed_health": false
    },
    "GPS_031": {
      "elev_deg": 65.0,
      "azim_deg": 20.0,
      "los_enu": [
        0.144544,
        0.397131,
        0.906308
      ],
      "passed_health": false
    },
    "GPS_032": {
      "elev_deg": 27.0,
      "azim_deg": 93.0,
      "los_enu": [
        0.889785,
        -0.046632,
        0.45399
      ],
      "passed_health": false
    }
  }
}