{
  "onset_help": [
    {
      "mode": "within-session",
      "sessions": [
        "c3.2_day1"
      ],
      "observable": "MSM7",
      "onset_help": {
        "SD": {
          "aligned": 0.05843795802738125,
          "zerolag": 0.04329045201537986
        },
        "CMR": {
          "aligned": 0.00433325574901258,
          "zerolag": 0.039843176062461794
        },
        "CN0ps": {
          "aligned": 0.1995770186112039,
          "zerolag": 0.2379959507500672
        },
        "CM": {
          "aligned": -0.014650584772267628,
          "zerolag": -0.027557173994142196
        },
        "CN0cm": {
          "aligned": 0.5000191872442243,
          "zerolag": 0.36948348257527286
        }
      }
    },
    {
      "mode": "across-day",
      "sessions": [
        "ref_day1",
        "repeat_day2"
      ],
      "observable": "RAWX",
      "onset_help": {
        "SD": {
          "aligned": 0.1064766724503226,
          "zerolag": 0.07380327663610034
        },
        "CMR": {
          "aligned": 0.005244599523765769,
          "zerolag": 0.006312130361503866
        },
        "CN0ps": {
          "aligned": 0.07515633106097605,
          "zerolag": 0.048029194240384335
        },
        "CM": {
          "aligned": 0.15066651804519812,
          "zerolag": 0.07101271243885328
        },
        "CN0cm": {
          "aligned": 0.26470245084855804,
          "zerolag": 0.16731672027680317
        }
      }
    }
  ],
  "rawx_vs_msm": {
    "SD": {
      "MSM7": 0.026219727064500736,
      "RAWX": 0.09534227929305868
    },
    "CMR": {
      "MSM7": 0.0020039499109965678,
      "RAWX": 0.1162625555112391
    },
    "CN0ps": {
      "MSM7": 0.13921049797924198,
      "RAWX": 0.10065121365911127
    },
    "CM": {
      "MSM7": 0.10993742601929093,
      "RAWX": 0.15922309059760326
    },
    "CN0cm": {
      "MSM7": 0.3337731606518571,
      "RAWX": 0.3514094492637546
    }
  }
}