{
  "c1.1_day1_W0": {
    "CN0-only": {
      "acc": 0.6366666666666666,
      "lo": 0.3333333333333333,
      "hi": 0.920833333333332,
      "p": 0.009900990099009901,
      "n_feat": 30,
      "chance": 0.2
    },
    "SD-only": {
      "acc": 0.24333333333333335,
      "lo": 0.0,
      "hi": 0.5,
      "p": 0.26732673267326734,
      "n_feat": 18,
      "chance": 0.2
    },
    "CN0+SD": {
      "acc": 0.5983333333333333,
      "lo": 0.3333333333333333,
      "hi": 0.920833333333332,
      "p": 0.009900990099009901,
      "n_feat": 48,
      "chance": 0.2
    }
  },
  "c1.1_day1_W1": {
    "CN0-only": {
      "acc": 0.6866666666666665,
      "lo": 0.3333333333333333,
      "hi": 1.0,
      "p": 0.009900990099009901,
      "n_feat": 27,
      "chance": 0.2
    },
    "SD-only": {
      "acc": 0.18,
      "lo": 0.0,
      "hi": 0.3333333333333333,
      "p": 0.43564356435643564,
      "n_feat": 15,
      "chance": 0.2
    },
    "CN0+SD": {
      "acc": 0.6249999999999999,
      "lo": 0.3333333333333333,
      "hi": 1.0,
      "p": 0.009900990099009901,
      "n_feat": 42,
      "chance": 0.2
    }
  }
}