{
  "label": "s1.3_W0_d16_h69_ch53.75_cw14.5_a0",
  "capture_start_utc": "2026-07-09T01:03:29.420585+00:00",
  "rtcm_file": "s1.3_W0_d16_h69_ch53.75_cw14.5_a0-260709-010329Z.rtcm",
  "rate_hz": 10,
  "duration_sec": 30,
  "ref_sat": "BDS_024",
  "satellites": {
    "BDS_014": {
      "elev_deg": 33.233,
      "azim_deg": 127.767,
      "los_enu": [
        0.66122,
        -0.512279,
        0.54805
      ],
      "passed_health": true
    },
    "BDS_021": {
      "elev_deg": 10.0,
      "azim_deg": 130.0,
      "los_enu": [
        0.754407,
        -0.633022,
        0.173648
      ],
      "passed_health": false
    },
    "BDS_024": {
      "elev_deg": 86.567,
      "azim_deg": 166.6,
      "los_enu": [
        0.013879,
        -0.058257,
        0.998205
      ],
      "passed_health": true
    },
    "BDS_025": {
      "elev_deg": 26.533,
      "azim_deg": 222.0,
      "los_enu": [
        -0.598654,
        -0.664873,
        0.446718
      ],
      "passed_health": false
    },
    "BDS_026": {
      "elev_deg": 41.0,
      "azim_deg": 45.0,
      "los_enu": [
        0.53366,
        0.53366,
        0.656059
      ],
      "passed_health": true
    },
    "BDS_033": {
      "elev_deg": 59.267,
      "azim_deg": 327.0,
      "los_enu": [
        -0.278334,
        0.428597,
        0.859555
      ],
      "passed_health": true
    },
    "BDS_041": {
      "elev_deg": 11.0,
      "azim_deg": 316.0,
      "los_enu": [
        -0.681896,
        0.706124,
        0.190809
      ],
      "passed_health": false
    },
    "BDS_042": {
      "elev_deg": 58.0,
      "azim_deg": 119.0,
      "los_enu": [
        0.463478,
        -0.25691,
        0.848048
      ],
      "passed_health": true
    },
    "GPS_001": {
      "elev_deg": 16.0,
      "azim_deg": 235.0,
      "los_enu": [
        -0.787419,
        -0.551357,
        0.275637
      ],
      "passed_health": true
    },
    "GPS_002": {
      "elev_deg": 3.0,
      "azim_deg": 215.0,
      "los_enu": [
        -0.57279,
        -0.818029,
        0.052336
      ],
      "passed_health": false
    },
    "GPS_003": {
      "elev_deg": 63.0,
      "azim_deg": 287.0,
      "los_enu": [
        -0.434153,
        0.132734,
        0.891007
      ],
      "passed_health": true
    },
    "GPS_004": {
      "elev_deg": 28.0,
      "azim_deg": 308.0,
      "los_enu": [
        -0.695772,
        0.543597,
        0.469472
      ],
      "passed_health": true
    },
    "GPS_016": {
      "elev_deg": 46.0,
      "azim_deg": 166.0,
      "los_enu": [
        0.168053,
        -0.674024,
        0.71934
      ],
      "passed_health": false
    },
    "GPS_026": {
      "elev_deg": 67.0,
      "azim_deg": 115.0,
      "los_enu": [
        0.354123,
        -0.16513,
        0.920505
      ],
      "passed_health": false
    },
    "GPS_028": {
      "elev_deg": 30.0,
      "azim_deg": 49.0,
      "los_enu": [
        0.653598,
        0.568164,
        0.5
      ],
      "passed_health": true
    },
    "GPS_031": {
      "elev_deg": 56.0,
      "azim_deg": 30.0,
      "los_enu": [
        0.279596,
        0.484275,
        0.829038
      ],
      "passed_health": true
    },
    "GPS_032": {
      "elev_deg": 21.0,
      "azim_deg": 101.0,
      "los_enu": [
        0.916428,
        -0.178136,
        0.358368
      ],
      "passed_health": true
    }
  }
}