{
  "label": "s1.3.4_W0_d16_h69_ch53.75_cw14.5_a0",
  "capture_start_utc": "2026-07-09T01:53:05.426109+00:00",
  "rtcm_file": "s1.3.4_W0_d16_h69_ch53.75_cw14.5_a0-260709-015305Z.rtcm",
  "rate_hz": 10,
  "duration_sec": 30,
  "ref_sat": "BDS_033",
  "satellites": {
    "BDS_014": {
      "elev_deg": 16.0,
      "azim_deg": 141.0,
      "los_enu": [
        0.604942,
        -0.747041,
        0.275637
      ],
      "passed_health": false
    },
    "BDS_024": {
      "elev_deg": 71.0,
      "azim_deg": 31.0,
      "los_enu": [
        0.16768,
        0.279066,
        0.945519
      ],
      "passed_health": true
    },
    "BDS_025": {
      "elev_deg": 44.0,
      "azim_deg": 238.0,
      "los_enu": [
        -0.610035,
        -0.381192,
        0.694658
      ],
      "passed_health": true
    },
    "BDS_026": {
      "elev_deg": 23.0,
      "azim_deg": 46.0,
      "los_enu": [
        0.662156,
        0.639436,
        0.390731
      ],
      "passed_health": false
    },
    "BDS_033": {
      "elev_deg": 81.0,
      "azim_deg": 309.0,
      "los_enu": [
        -0.121572,
        0.098447,
        0.987688
      ],
      "passed_health": true
    },
    "BDS_041": {
      "elev_deg": 29.0,
      "azim_deg": 319.0,
      "los_enu": [
        -0.573802,
        0.660084,
        0.48481
      ],
      "passed_health": false
    },
    "BDS_042": {
      "elev_deg": 40.0,
      "azim_deg": 142.0,
      "los_enu": [
        0.471624,
        -0.603651,
        0.642788
      ],
      "passed_health": true
    },
    "GPS_001": {
      "elev_deg": 2.233,
      "azim_deg": 218.233,
      "los_enu": [
        -0.618395,
        -0.7849,
        0.038969
      ],
      "passed_health": false
    },
    "GPS_003": {
      "elev_deg": 59.0,
      "azim_deg": 233.6,
      "los_enu": [
        -0.414551,
        -0.305634,
        0.857167
      ],
      "passed_health": true
    },
    "GPS_004": {
      "elev_deg": 45.667,
      "azim_deg": 322.0,
      "los_enu": [
        -0.430244,
        0.550687,
        0.715286
      ],
      "passed_health": true
    },
    "GPS_007": {
      "elev_deg": 7.0,
      "azim_deg": 259.567,
      "los_enu": [
        -0.976136,
        -0.179741,
        0.121869
      ],
      "passed_health": false
    },
    "GPS_009": {
      "elev_deg": 14.5,
      "azim_deg": 310.0,
      "los_enu": [
        -0.741644,
        0.622313,
        0.25038
      ],
      "passed_health": false
    },
    "GPS_016": {
      "elev_deg": 68.267,
      "azim_deg": 141.467,
      "los_enu": [
        0.230678,
        -0.289656,
        0.928917
      ],
      "passed_health": true
    },
    "GPS_026": {
      "elev_deg": 60.0,
      "azim_deg": 61.0,
      "los_enu": [
        0.43731,
        0.242405,
        0.866025
      ],
      "passed_health": true
    },
    "GPS_027": {
      "elev_deg": 11.0,
      "azim_deg": 150.0,
      "los_enu": [
        0.490814,
        -0.850114,
        0.190809
      ],
      "passed_health": false
    },
    "GPS_028": {
      "elev_deg": 14.0,
      "azim_deg": 62.0,
      "los_enu": [
        0.85672,
        0.455526,
        0.241922
      ],
      "passed_health": true
    },
    "GPS_029": {
      "elev_deg": 1.0,
      "azim_deg": 41.0,
      "los_enu": [
        0.655959,
        0.754595,
        0.017452
      ],
      "passed_health": false
    },
    "GPS_031": {
      "elev_deg": 39.0,
      "azim_deg": 48.0,
      "los_enu": [
        0.577532,
        0.520012,
        0.62932
      ],
      "passed_health": true
    },
    "GPS_032": {
      "elev_deg": 6.0,
      "azim_deg": 118.0,
      "los_enu": [
        0.878111,
        -0.4669,
        0.104528
      ],
      "passed_health": false
    }
  }
}