{
  "label": "s1.3.3_W0_d16_h69_ch53.75_cw14.5_a0",
  "capture_start_utc": "2026-07-09T01:41:06.845169+00:00",
  "rtcm_file": "s1.3.3_W0_d16_h69_ch53.75_cw14.5_a0-260709-014106Z.rtcm",
  "rate_hz": 10,
  "duration_sec": 30,
  "ref_sat": "BDS_024",
  "satellites": {
    "BDS_014": {
      "elev_deg": 20.0,
      "azim_deg": 138.0,
      "los_enu": [
        0.628777,
        -0.698328,
        0.34202
      ],
      "passed_health": false
    },
    "BDS_024": {
      "elev_deg": 76.2,
      "azim_deg": 30.2,
      "los_enu": [
        0.119987,
        0.206158,
        0.971134
      ],
      "passed_health": true
    },
    "BDS_025": {
      "elev_deg": 39.767,
      "azim_deg": 233.767,
      "los_enu": [
        -0.620011,
        -0.454333,
        0.639663
      ],
      "passed_health": true
    },
    "BDS_026": {
      "elev_deg": 27.267,
      "azim_deg": 45.0,
      "los_enu": [
        0.628536,
        0.628536,
        0.458133
      ],
      "passed_health": false
    },
    "BDS_033": {
      "elev_deg": 75.5,
      "azim_deg": 321.5,
      "los_enu": [
        -0.155865,
        0.195949,
        0.968148
      ],
      "passed_health": true
    },
    "BDS_041": {
      "elev_deg": 24.233,
      "azim_deg": 319.0,
      "los_enu": [
        -0.598248,
        0.688206,
        0.410454
      ],
      "passed_health": false
    },
    "BDS_042": {
      "elev_deg": 44.8,
      "azim_deg": 137.2,
      "los_enu": [
        0.482112,
        -0.520633,
        0.704634
      ],
      "passed_health": true
    },
    "GPS_001": {
      "elev_deg": 5.0,
      "azim_deg": 222.0,
      "los_enu": [
        -0.666584,
        -0.740317,
        0.087156
      ],
      "passed_health": false
    },
    "GPS_003": {
      "elev_deg": 62.0,
      "azim_deg": 245.0,
      "los_enu": [
        -0.425486,
        -0.198407,
        0.882948
      ],
      "passed_health": true
    },
    "GPS_004": {
      "elev_deg": 41.0,
      "azim_deg": 319.0,
      "los_enu": [
        -0.495134,
        0.569587,
        0.656059
      ],
      "passed_health": true
    },
    "GPS_007": {
      "elev_deg": 4.0,
      "azim_deg": 256.0,
      "los_enu": [
        -0.967932,
        -0.241333,
        0.069756
      ],
      "passed_health": false
    },
    "GPS_009": {
      "elev_deg": 10.0,
      "azim_deg": 307.0,
      "los_enu": [
        -0.786502,
        0.592672,
        0.173648
      ],
      "passed_health": false
    },
    "GPS_016": {
      "elev_deg": 64.0,
      "azim_deg": 152.0,
      "los_enu": [
        0.205803,
        -0.387059,
        0.898794
      ],
      "passed_health": true
    },
    "GPS_026": {
      "elev_deg": 64.0,
      "azim_deg": 69.0,
      "los_enu": [
        0.409255,
        0.157098,
        0.898794
      ],
      "passed_health": true
    },
    "GPS_027": {
      "elev_deg": 8.0,
      "azim_deg": 153.0,
      "los_enu": [
        0.449572,
        -0.882335,
        0.139173
      ],
      "passed_health": false
    },
    "GPS_028": {
      "elev_deg": 18.0,
      "azim_deg": 59.0,
      "los_enu": [
        0.815215,
        0.48983,
        0.309017
      ],
      "passed_health": false
    },
    "GPS_029": {
      "elev_deg": 1.0,
      "azim_deg": 46.0,
      "los_enu": [
        0.71923,
        0.694553,
        0.017452
      ],
      "passed_health": false
    },
    "GPS_031": {
      "elev_deg": 42.0,
      "azim_deg": 44.0,
      "los_enu": [
        0.516232,
        0.534574,
        0.669131
      ],
      "passed_health": true
    },
    "GPS_032": {
      "elev_deg": 9.0,
      "azim_deg": 115.0,
      "los_enu": [
        0.89515,
        -0.417415,
        0.156434
      ],
      "passed_health": false
    }
  }
}