{
  "label": "s1.3.2_W0_d16_h69_ch53.75_cw14.5_a0",
  "capture_start_utc": "2026-07-09T01:21:54.589239+00:00",
  "rtcm_file": "s1.3.2_W0_d16_h69_ch53.75_cw14.5_a0-260709-012154Z.rtcm",
  "rate_hz": 10,
  "duration_sec": 30,
  "ref_sat": "BDS_024",
  "satellites": {
    "BDS_014": {
      "elev_deg": 27.0,
      "azim_deg": 133.0,
      "los_enu": [
        0.651641,
        -0.607665,
        0.45399
      ],
      "passed_health": false
    },
    "BDS_021": {
      "elev_deg": 4.0,
      "azim_deg": 134.0,
      "los_enu": [
        0.717588,
        -0.692966,
        0.069756
      ],
      "passed_health": false
    },
    "BDS_024": {
      "elev_deg": 85.0,
      "azim_deg": 39.0,
      "los_enu": [
        0.054849,
        0.067733,
        0.996195
      ],
      "passed_health": true
    },
    "BDS_025": {
      "elev_deg": 33.0,
      "azim_deg": 227.0,
      "los_enu": [
        -0.613365,
        -0.571972,
        0.544639
      ],
      "passed_health": true
    },
    "BDS_026": {
      "elev_deg": 34.0,
      "azim_deg": 44.0,
      "los_enu": [
        0.575898,
        0.59636,
        0.559193
      ],
      "passed_health": true
    },
    "BDS_033": {
      "elev_deg": 68.0,
      "azim_deg": 327.0,
      "los_enu": [
        -0.204025,
        0.314172,
        0.927184
      ],
      "passed_health": true
    },
    "BDS_041": {
      "elev_deg": 18.0,
      "azim_deg": 318.0,
      "los_enu": [
        -0.636381,
        0.706773,
        0.309017
      ],
      "passed_health": false
    },
    "BDS_042": {
      "elev_deg": 52.0,
      "azim_deg": 129.0,
      "los_enu": [
        0.478459,
        -0.387448,
        0.788011
      ],
      "passed_health": true
    },
    "GPS_001": {
      "elev_deg": 10.0,
      "azim_deg": 228.0,
      "los_enu": [
        -0.731855,
        -0.658965,
        0.173648
      ],
      "passed_health": true
    },
    "GPS_003": {
      "elev_deg": 65.0,
      "azim_deg": 266.0,
      "los_enu": [
        -0.421589,
        -0.02948,
        0.906308
      ],
      "passed_health": true
    },
    "GPS_004": {
      "elev_deg": 35.0,
      "azim_deg": 314.0,
      "los_enu": [
        -0.589249,
        0.569031,
        0.573576
      ],
      "passed_health": true
    },
    "GPS_009": {
      "elev_deg": 4.0,
      "azim_deg": 303.0,
      "los_enu": [
        -0.836628,
        0.543312,
        0.069756
      ],
      "passed_health": false
    },
    "GPS_016": {
      "elev_deg": 54.867,
      "azim_deg": 161.0,
      "los_enu": [
        0.187358,
        -0.544128,
        0.817815
      ],
      "passed_health": false
    },
    "GPS_026": {
      "elev_deg": 68.0,
      "azim_deg": 90.4,
      "los_enu": [
        0.374597,
        -0.002615,
        0.927184
      ],
      "passed_health": true
    },
    "GPS_027": {
      "elev_deg": 2.5,
      "azim_deg": 158.5,
      "los_enu": [
        0.366152,
        -0.929532,
        0.043619
      ],
      "passed_health": false
    },
    "GPS_028": {
      "elev_deg": 23.533,
      "azim_deg": 53.467,
      "los_enu": [
        0.736681,
        0.545779,
        0.399283
      ],
      "passed_health": false
    },
    "GPS_029": {
      "elev_deg": 2.0,
      "azim_deg": 53.0,
      "los_enu": [
        0.798149,
        0.601448,
        0.034899
      ],
      "passed_health": false
    },
    "GPS_031": {
      "elev_deg": 49.0,
      "azim_deg": 37.367,
      "los_enu": [
        0.398171,
        0.521415,
        0.75471
      ],
      "passed_health": true
    },
    "GPS_032": {
      "elev_deg": 15.0,
      "azim_deg": 108.333,
      "los_enu": [
        0.916898,
        -0.303827,
        0.258819
      ],
      "passed_health": true
    }
  }
}