{
  "label": "s1.3_W0_d16_h69_ch53.75_cw14.5_a0",
  "capture_start_utc": "2026-07-09T01:11:18.888263+00:00",
  "rtcm_file": "s1.3_W0_d16_h69_ch53.75_cw14.5_a0-260709-011118Z.rtcm",
  "rate_hz": 10,
  "duration_sec": 30,
  "ref_sat": "BDS_024",
  "satellites": {
    "BDS_014": {
      "elev_deg": 31.0,
      "azim_deg": 130.0,
      "los_enu": [
        0.656628,
        -0.550977,
        0.515038
      ],
      "passed_health": false
    },
    "BDS_021": {
      "elev_deg": 7.0,
      "azim_deg": 132.0,
      "los_enu": [
        0.737606,
        -0.664143,
        0.121869
      ],
      "passed_health": false
    },
    "BDS_024": {
      "elev_deg": 88.0,
      "azim_deg": 107.0,
      "los_enu": [
        0.033375,
        -0.010204,
        0.999391
      ],
      "passed_health": true
    },
    "BDS_025": {
      "elev_deg": 29.0,
      "azim_deg": 224.0,
      "los_enu": [
        -0.607562,
        -0.629149,
        0.48481
      ],
      "passed_health": false
    },
    "BDS_026": {
      "elev_deg": 38.0,
      "azim_deg": 45.0,
      "los_enu": [
        0.557208,
        0.557208,
        0.615661
      ],
      "passed_health": false
    },
    "BDS_033": {
      "elev_deg": 63.0,
      "azim_deg": 327.0,
      "los_enu": [
        -0.247261,
        0.380748,
        0.891007
      ],
      "passed_health": false
    },
    "BDS_041": {
      "elev_deg": 14.0,
      "azim_deg": 317.0,
      "los_enu": [
        -0.66174,
        0.709629,
        0.241922
      ],
      "passed_health": false
    },
    "BDS_042": {
      "elev_deg": 56.0,
      "azim_deg": 124.0,
      "los_enu": [
        0.463592,
        -0.312697,
        0.829038
      ],
      "passed_health": false
    },
    "GPS_001": {
      "elev_deg": 13.0,
      "azim_deg": 232.0,
      "los_enu": [
        -0.767814,
        -0.599882,
        0.224951
      ],
      "passed_health": false
    },
    "GPS_002": {
      "elev_deg": 1.0,
      "azim_deg": 213.0,
      "los_enu": [
        -0.544556,
        -0.838543,
        0.017452
      ],
      "passed_health": false
    },
    "GPS_003": {
      "elev_deg": 64.0,
      "azim_deg": 279.0,
      "los_enu": [
        -0.432974,
        0.068576,
        0.898794
      ],
      "passed_health": true
    },
    "GPS_004": {
      "elev_deg": 31.0,
      "azim_deg": 310.0,
      "los_enu": [
        -0.656628,
        0.550977,
        0.515038
      ],
      "passed_health": false
    },
    "GPS_009": {
      "elev_deg": 1.0,
      "azim_deg": 300.0,
      "los_enu": [
        -0.865894,
        0.499924,
        0.017452
      ],
      "passed_health": false
    },
    "GPS_016": {
      "elev_deg": 50.0,
      "azim_deg": 164.0,
      "los_enu": [
        0.177176,
        -0.617887,
        0.766044
      ],
      "passed_health": false
    },
    "GPS_026": {
      "elev_deg": 68.0,
      "azim_deg": 105.0,
      "los_enu": [
        0.361842,
        -0.096955,
        0.927184
      ],
      "passed_health": true
    },
    "GPS_027": {
      "elev_deg": 0.0,
      "azim_deg": 162.0,
      "los_enu": [
        0.309017,
        -0.951057,
        0.0
      ],
      "passed_health": false
    },
    "GPS_028": {
      "elev_deg": 27.0,
      "azim_deg": 51.0,
      "los_enu": [
        0.692442,
        0.560729,
        0.45399
      ],
      "passed_health": false
    },
    "GPS_029": {
      "elev_deg": 1.0,
      "azim_deg": 57.0,
      "los_enu": [
        0.838543,
        0.544556,
        0.017452
      ],
      "passed_health": false
    },
    "GPS_031": {
      "elev_deg": 53.0,
      "azim_deg": 33.0,
      "los_enu": [
        0.327772,
        0.504725,
        0.798636
      ],
      "passed_health": false
    },
    "GPS_032": {
      "elev_deg": 18.0,
      "azim_deg": 104.0,
      "los_enu": [
        0.922806,
        -0.230081,
        0.309017
      ],
      "passed_health": false
    }
  }
}