{
  "label": "s1.3.2_W0_d16_h69_ch53.75_cw14.5_a0",
  "capture_start_utc": "2026-07-09T01:25:48.972529+00:00",
  "rtcm_file": "s1.3.2_W0_d16_h69_ch53.75_cw14.5_a0-260709-012548Z.rtcm",
  "rate_hz": 10,
  "duration_sec": 30,
  "ref_sat": "BDS_024",
  "satellites": {
    "BDS_014": {
      "elev_deg": 26.0,
      "azim_deg": 134.0,
      "los_enu": [
        0.646538,
        -0.624355,
        0.438371
      ],
      "passed_health": false
    },
    "BDS_021": {
      "elev_deg": 3.0,
      "azim_deg": 135.0,
      "los_enu": [
        0.706138,
        -0.706138,
        0.052336
      ],
      "passed_health": false
    },
    "BDS_024": {
      "elev_deg": 83.0,
      "azim_deg": 35.0,
      "los_enu": [
        0.069901,
        0.09983,
        0.992546
      ],
      "passed_health": true
    },
    "BDS_025": {
      "elev_deg": 35.0,
      "azim_deg": 228.0,
      "los_enu": [
        -0.608749,
        -0.54812,
        0.573576
      ],
      "passed_health": true
    },
    "BDS_026": {
      "elev_deg": 33.0,
      "azim_deg": 44.0,
      "los_enu": [
        0.58259,
        0.603289,
        0.544639
      ],
      "passed_health": false
    },
    "BDS_033": {
      "elev_deg": 70.0,
      "azim_deg": 326.0,
      "los_enu": [
        -0.191255,
        0.283548,
        0.939693
      ],
      "passed_health": true
    },
    "BDS_041": {
      "elev_deg": 19.0,
      "azim_deg": 318.0,
      "los_enu": [
        -0.632675,
        0.702657,
        0.325568
      ],
      "passed_health": false
    },
    "BDS_042": {
      "elev_deg": 50.0,
      "azim_deg": 131.0,
      "los_enu": [
        0.485118,
        -0.421707,
        0.766044
      ],
      "passed_health": true
    },
    "GPS_001": {
      "elev_deg": 9.8,
      "azim_deg": 227.0,
      "los_enu": [
        -0.720682,
        -0.672047,
        0.170209
      ],
      "passed_health": true
    },
    "GPS_003": {
      "elev_deg": 64.867,
      "azim_deg": 262.6,
      "los_enu": [
        -0.421189,
        -0.054702,
        0.905322
      ],
      "passed_health": true
    },
    "GPS_004": {
      "elev_deg": 35.1,
      "azim_deg": 314.1,
      "los_enu": [
        -0.587535,
        0.569361,
        0.575005
      ],
      "passed_health": true
    },
    "GPS_009": {
      "elev_deg": 5.0,
      "azim_deg": 304.0,
      "los_enu": [
        -0.825883,
        0.557065,
        0.087156
      ],
      "passed_health": false
    },
    "GPS_016": {
      "elev_deg": 57.0,
      "azim_deg": 159.0,
      "los_enu": [
        0.195181,
        -0.508464,
        0.838671
      ],
      "passed_health": true
    },
    "GPS_026": {
      "elev_deg": 68.0,
      "azim_deg": 86.0,
      "los_enu": [
        0.373694,
        0.026131,
        0.927184
      ],
      "passed_health": true
    },
    "GPS_027": {
      "elev_deg": 3.0,
      "azim_deg": 158.0,
      "los_enu": [
        0.374093,
        -0.925913,
        0.052336
      ],
      "passed_health": false
    },
    "GPS_028": {
      "elev_deg": 23.0,
      "azim_deg": 55.0,
      "los_enu": [
        0.754033,
        0.52798,
        0.390731
      ],
      "passed_health": false
    },
    "GPS_029": {
      "elev_deg": 2.0,
      "azim_deg": 52.0,
      "los_enu": [
        0.787531,
        0.615286,
        0.034899
      ],
      "passed_health": false
    },
    "GPS_031": {
      "elev_deg": 48.0,
      "azim_deg": 38.0,
      "los_enu": [
        0.411958,
        0.527282,
        0.743145
      ],
      "passed_health": true
    },
    "GPS_032": {
      "elev_deg": 14.0,
      "azim_deg": 109.0,
      "los_enu": [
        0.917433,
        -0.315897,
        0.241922
      ],
      "passed_health": true
    }
  }
}