{
  "label": "s1.3.3_W0_d16_h69_ch53.75_cw14.5_a0",
  "capture_start_utc": "2026-07-09T01:37:11.877754+00:00",
  "rtcm_file": "s1.3.3_W0_d16_h69_ch53.75_cw14.5_a0-260709-013711Z.rtcm",
  "rate_hz": 10,
  "duration_sec": 30,
  "ref_sat": "BDS_024",
  "satellites": {
    "BDS_014": {
      "elev_deg": 22.0,
      "azim_deg": 137.0,
      "los_enu": [
        0.632338,
        -0.678099,
        0.374607
      ],
      "passed_health": false
    },
    "BDS_024": {
      "elev_deg": 78.0,
      "azim_deg": 31.0,
      "los_enu": [
        0.107082,
        0.178215,
        0.978148
      ],
      "passed_health": true
    },
    "BDS_025": {
      "elev_deg": 39.0,
      "azim_deg": 232.0,
      "los_enu": [
        -0.612399,
        -0.478459,
        0.62932
      ],
      "passed_health": true
    },
    "BDS_026": {
      "elev_deg": 28.0,
      "azim_deg": 45.0,
      "los_enu": [
        0.624338,
        0.624338,
        0.469472
      ],
      "passed_health": false
    },
    "BDS_033": {
      "elev_deg": 74.0,
      "azim_deg": 323.0,
      "los_enu": [
        -0.165883,
        0.220134,
        0.961262
      ],
      "passed_health": true
    },
    "BDS_041": {
      "elev_deg": 23.0,
      "azim_deg": 319.0,
      "los_enu": [
        -0.603906,
        0.694714,
        0.390731
      ],
      "passed_health": false
    },
    "BDS_042": {
      "elev_deg": 46.0,
      "azim_deg": 136.0,
      "los_enu": [
        0.48255,
        -0.499695,
        0.71934
      ],
      "passed_health": true
    },
    "GPS_001": {
      "elev_deg": 6.567,
      "azim_deg": 223.567,
      "los_enu": [
        -0.684677,
        -0.719819,
        0.114359
      ],
      "passed_health": false
    },
    "GPS_003": {
      "elev_deg": 63.0,
      "azim_deg": 248.9,
      "los_enu": [
        -0.423552,
        -0.163435,
        0.891007
      ],
      "passed_health": true
    },
    "GPS_004": {
      "elev_deg": 39.333,
      "azim_deg": 317.333,
      "los_enu": [
        -0.524206,
        0.568741,
        0.633831
      ],
      "passed_health": true
    },
    "GPS_007": {
      "elev_deg": 2.233,
      "azim_deg": 254.233,
      "los_enu": [
        -0.961645,
        -0.271514,
        0.038969
      ],
      "passed_health": false
    },
    "GPS_009": {
      "elev_deg": 9.0,
      "azim_deg": 306.167,
      "los_enu": [
        -0.797365,
        0.58287,
        0.156434
      ],
      "passed_health": false
    },
    "GPS_016": {
      "elev_deg": 62.0,
      "azim_deg": 154.0,
      "los_enu": [
        0.205803,
        -0.421958,
        0.882948
      ],
      "passed_health": true
    },
    "GPS_026": {
      "elev_deg": 65.0,
      "azim_deg": 73.0,
      "los_enu": [
        0.404152,
        0.123562,
        0.906308
      ],
      "passed_health": true
    },
    "GPS_027": {
      "elev_deg": 6.0,
      "azim_deg": 154.0,
      "los_enu": [
        0.43597,
        -0.89387,
        0.104528
      ],
      "passed_health": false
    },
    "GPS_028": {
      "elev_deg": 19.0,
      "azim_deg": 58.0,
      "los_enu": [
        0.801845,
        0.501049,
        0.325568
      ],
      "passed_health": false
    },
    "GPS_029": {
      "elev_deg": 2.0,
      "azim_deg": 47.0,
      "los_enu": [
        0.730908,
        0.681583,
        0.034899
      ],
      "passed_health": false
    },
    "GPS_031": {
      "elev_deg": 44.0,
      "azim_deg": 43.0,
      "los_enu": [
        0.490589,
        0.526092,
        0.694658
      ],
      "passed_health": true
    },
    "GPS_032": {
      "elev_deg": 11.0,
      "azim_deg": 113.0,
      "los_enu": [
        0.903593,
        -0.383552,
        0.190809
      ],
      "passed_health": false
    }
  }
}