{
  "label": "s2.3_W0_d29_h69_ch53.75_cw14.5_a0",
  "capture_start_utc": "2026-07-15T00:34:15.433306+00:00",
  "rtcm_file": "s2.3_W0_d29_h69_ch53.75_cw14.5_a0-260715-003415Z.rtcm",
  "rate_hz": 10,
  "duration_sec": 30,
  "ref_sat": "BDS_025",
  "satellites": {
    "BDS_023": {
      "elev_deg": 35.7,
      "azim_deg": 218.7,
      "los_enu": [
        -0.507749,
        -0.633775,
        0.583541
      ],
      "passed_health": true
    },
    "BDS_024": {
      "elev_deg": 30.333,
      "azim_deg": 45.0,
      "los_enu": [
        0.610305,
        0.610305,
        0.50503
      ],
      "passed_health": false
    },
    "BDS_025": {
      "elev_deg": 86.633,
      "azim_deg": 172.833,
      "los_enu": [
        0.007327,
        -0.058267,
        0.998274
      ],
      "passed_health": true
    },
    "BDS_032": {
      "elev_deg": 13.4,
      "azim_deg": 315.4,
      "los_enu": [
        -0.683038,
        0.692642,
        0.231748
      ],
      "passed_health": false
    },
    "BDS_033": {
      "elev_deg": 54.633,
      "azim_deg": 118.367,
      "los_enu": [
        0.509307,
        -0.274998,
        0.815465
      ],
      "passed_health": true
    },
    "BDS_041": {
      "elev_deg": 68.1,
      "azim_deg": 335.1,
      "los_enu": [
        -0.157041,
        0.338316,
        0.927836
      ],
      "passed_health": true
    },
    "BDS_042": {
      "elev_deg": 2.933,
      "azim_deg": 130.0,
      "los_enu": [
        0.765041,
        -0.641945,
        0.051174
      ],
      "passed_health": false
    },
    "GPS_001": {
      "elev_deg": 17.0,
      "azim_deg": 236.0,
      "los_enu": [
        -0.792813,
        -0.534759,
        0.292372
      ],
      "passed_health": true
    },
    "GPS_002": {
      "elev_deg": 5.0,
      "azim_deg": 217.0,
      "los_enu": [
        -0.599525,
        -0.795596,
        0.087156
      ],
      "passed_health": false
    },
    "GPS_003": {
      "elev_deg": 61.0,
      "azim_deg": 293.0,
      "los_enu": [
        -0.44627,
        0.18943,
        0.87462
      ],
      "passed_health": true
    },
    "GPS_004": {
      "elev_deg": 26.0,
      "azim_deg": 306.0,
      "los_enu": [
        -0.72714,
        0.528298,
        0.438371
      ],
      "passed_health": true
    },
    "GPS_016": {
      "elev_deg": 43.0,
      "azim_deg": 167.0,
      "los_enu": [
        0.164519,
        -0.712609,
        0.681998
      ],
      "passed_health": false
    },
    "GPS_026": {
      "elev_deg": 66.0,
      "azim_deg": 122.0,
      "los_enu": [
        0.344932,
        -0.215538,
        0.913545
      ],
      "passed_health": true
    },
    "GPS_028": {
      "elev_deg": 32.0,
      "azim_deg": 48.0,
      "los_enu": [
        0.630223,
        0.567455,
        0.529919
      ],
      "passed_health": true
    },
    "GPS_029": {
      "elev_deg": 0.0,
      "azim_deg": 62.0,
      "los_enu": [
        0.882948,
        0.469472,
        0.0
      ],
      "passed_health": false
    },
    "GPS_031": {
      "elev_deg": 58.0,
      "azim_deg": 28.0,
      "los_enu": [
        0.248782,
        0.467891,
        0.848048
      ],
      "passed_health": true
    },
    "GPS_032": {
      "elev_deg": 22.0,
      "azim_deg": 100.0,
      "los_enu": [
        0.913098,
        -0.161004,
        0.374607
      ],
      "passed_health": true
    }
  }
}