{
  "label": "s2.3_W0_d29_h69_ch53.75_cw14.5_a0",
  "capture_start_utc": "2026-07-15T00:44:08.638299+00:00",
  "rtcm_file": "s2.3_W0_d29_h69_ch53.75_cw14.5_a0-260715-004408Z.rtcm",
  "rate_hz": 10,
  "duration_sec": 30,
  "ref_sat": "BDS_025",
  "satellites": {
    "BDS_023": {
      "elev_deg": 40.0,
      "azim_deg": 221.0,
      "los_enu": [
        -0.50257,
        -0.578141,
        0.642788
      ],
      "passed_health": true
    },
    "BDS_024": {
      "elev_deg": 27.0,
      "azim_deg": 44.0,
      "los_enu": [
        0.618945,
        0.640936,
        0.45399
      ],
      "passed_health": false
    },
    "BDS_025": {
      "elev_deg": 88.0,
      "azim_deg": 73.0,
      "los_enu": [
        0.033375,
        0.010204,
        0.999391
      ],
      "passed_health": true
    },
    "BDS_032": {
      "elev_deg": 17.0,
      "azim_deg": 317.0,
      "los_enu": [
        -0.652198,
        0.699397,
        0.292372
      ],
      "passed_health": false
    },
    "BDS_033": {
      "elev_deg": 51.0,
      "azim_deg": 124.0,
      "los_enu": [
        0.52173,
        -0.351911,
        0.777146
      ],
      "passed_health": true
    },
    "BDS_041": {
      "elev_deg": 72.0,
      "azim_deg": 337.0,
      "los_enu": [
        -0.120743,
        0.284452,
        0.951057
      ],
      "passed_health": true
    },
    "BDS_042": {
      "elev_deg": 0.0,
      "azim_deg": 132.0,
      "los_enu": [
        0.743145,
        -0.669131,
        0.0
      ],
      "passed_health": false
    },
    "GPS_001": {
      "elev_deg": 14.0,
      "azim_deg": 232.133,
      "los_enu": [
        -0.765992,
        -0.595593,
        0.241922
      ],
      "passed_health": true
    },
    "GPS_002": {
      "elev_deg": 2.167,
      "azim_deg": 213.167,
      "los_enu": [
        -0.546685,
        -0.836484,
        0.037806
      ],
      "passed_health": false
    },
    "GPS_003": {
      "elev_deg": 63.8,
      "azim_deg": 281.6,
      "los_enu": [
        -0.432488,
        0.088776,
        0.897258
      ],
      "passed_health": true
    },
    "GPS_004": {
      "elev_deg": 29.767,
      "azim_deg": 309.767,
      "los_enu": [
        -0.667235,
        0.555262,
        0.496469
      ],
      "passed_health": true
    },
    "GPS_009": {
      "elev_deg": 0.0,
      "azim_deg": 300.0,
      "los_enu": [
        -0.866025,
        0.5,
        0.0
      ],
      "passed_health": false
    },
    "GPS_016": {
      "elev_deg": 48.367,
      "azim_deg": 165.0,
      "los_enu": [
        0.171949,
        -0.641724,
        0.747412
      ],
      "passed_health": false
    },
    "GPS_026": {
      "elev_deg": 68.0,
      "azim_deg": 110.9,
      "los_enu": [
        0.349959,
        -0.133637,
        0.927184
      ],
      "passed_health": true
    },
    "GPS_028": {
      "elev_deg": 28.0,
      "azim_deg": 50.0,
      "los_enu": [
        0.676377,
        0.567548,
        0.469472
      ],
      "passed_health": false
    },
    "GPS_029": {
      "elev_deg": 1.0,
      "azim_deg": 58.6,
      "los_enu": [
        0.853421,
        0.52093,
        0.017452
      ],
      "passed_health": false
    },
    "GPS_031": {
      "elev_deg": 55.0,
      "azim_deg": 32.0,
      "los_enu": [
        0.303949,
        0.48642,
        0.819152
      ],
      "passed_health": true
    },
    "GPS_032": {
      "elev_deg": 19.0,
      "azim_deg": 103.0,
      "los_enu": [
        0.921285,
        -0.212695,
        0.325568
      ],
      "passed_health": true
    }
  }
}