{
  "label": "s2.3_W0_d29_h69_ch53.75_cw14.5_a0",
  "capture_start_utc": "2026-07-15T00:46:04.374488+00:00",
  "rtcm_file": "s2.3_W0_d29_h69_ch53.75_cw14.5_a0-260715-004604Z.rtcm",
  "rate_hz": 10,
  "duration_sec": 30,
  "ref_sat": "BDS_025",
  "satellites": {
    "BDS_023": {
      "elev_deg": 41.0,
      "azim_deg": 222.0,
      "los_enu": [
        -0.504999,
        -0.560859,
        0.656059
      ],
      "passed_health": true
    },
    "BDS_024": {
      "elev_deg": 26.0,
      "azim_deg": 44.0,
      "los_enu": [
        0.624355,
        0.646538,
        0.438371
      ],
      "passed_health": false
    },
    "BDS_025": {
      "elev_deg": 87.0,
      "azim_deg": 55.0,
      "los_enu": [
        0.042871,
        0.030019,
        0.99863
      ],
      "passed_health": true
    },
    "BDS_032": {
      "elev_deg": 18.0,
      "azim_deg": 317.0,
      "los_enu": [
        -0.648619,
        0.695559,
        0.309017
      ],
      "passed_health": false
    },
    "BDS_033": {
      "elev_deg": 50.0,
      "azim_deg": 125.0,
      "los_enu": [
        0.526541,
        -0.368688,
        0.766044
      ],
      "passed_health": true
    },
    "BDS_041": {
      "elev_deg": 73.0,
      "azim_deg": 337.0,
      "los_enu": [
        -0.114239,
        0.26913,
        0.956305
      ],
      "passed_health": true
    },
    "GPS_001": {
      "elev_deg": 13.767,
      "azim_deg": 232.0,
      "los_enu": [
        -0.765373,
        -0.597975,
        0.237968
      ],
      "passed_health": true
    },
    "GPS_002": {
      "elev_deg": 1.8,
      "azim_deg": 213.0,
      "los_enu": [
        -0.54437,
        -0.838257,
        0.031411
      ],
      "passed_health": false
    },
    "GPS_003": {
      "elev_deg": 64.0,
      "azim_deg": 280.667,
      "los_enu": [
        -0.430796,
        0.081141,
        0.898794
      ],
      "passed_health": true
    },
    "GPS_004": {
      "elev_deg": 30.133,
      "azim_deg": 310.0,
      "los_enu": [
        -0.662521,
        0.555921,
        0.502014
      ],
      "passed_health": false
    },
    "GPS_009": {
      "elev_deg": 0.0,
      "azim_deg": 300.0,
      "los_enu": [
        -0.866025,
        0.5,
        0.0
      ],
      "passed_health": false
    },
    "GPS_016": {
      "elev_deg": 49.0,
      "azim_deg": 165.0,
      "los_enu": [
        0.169801,
        -0.633704,
        0.75471
      ],
      "passed_health": false
    },
    "GPS_026": {
      "elev_deg": 68.0,
      "azim_deg": 108.0,
      "los_enu": [
        0.356272,
        -0.11576,
        0.927184
      ],
      "passed_health": true
    },
    "GPS_028": {
      "elev_deg": 28.0,
      "azim_deg": 51.0,
      "los_enu": [
        0.686179,
        0.555657,
        0.469472
      ],
      "passed_health": false
    },
    "GPS_029": {
      "elev_deg": 1.0,
      "azim_deg": 58.0,
      "los_enu": [
        0.847919,
        0.529839,
        0.017452
      ],
      "passed_health": false
    },
    "GPS_031": {
      "elev_deg": 54.0,
      "azim_deg": 33.0,
      "los_enu": [
        0.320131,
        0.492958,
        0.809017
      ],
      "passed_health": true
    },
    "GPS_032": {
      "elev_deg": 18.0,
      "azim_deg": 104.0,
      "los_enu": [
        0.922806,
        -0.230081,
        0.309017
      ],
      "passed_health": true
    }
  }
}