{
  "label": "s2.3_W0_d29_h69_ch53.75_cw14.5_a0",
  "capture_start_utc": "2026-07-15T00:33:36.858080+00:00",
  "rtcm_file": "s2.3_W0_d29_h69_ch53.75_cw14.5_a0-260715-003336Z.rtcm",
  "rate_hz": 10,
  "duration_sec": 30,
  "ref_sat": "BDS_025",
  "satellites": {
    "BDS_023": {
      "elev_deg": 35.0,
      "azim_deg": 218.0,
      "los_enu": [
        -0.50432,
        -0.645501,
        0.573576
      ],
      "passed_health": true
    },
    "BDS_024": {
      "elev_deg": 31.0,
      "azim_deg": 45.0,
      "los_enu": [
        0.606109,
        0.606109,
        0.515038
      ],
      "passed_health": false
    },
    "BDS_025": {
      "elev_deg": 86.0,
      "azim_deg": 176.0,
      "los_enu": [
        0.004866,
        -0.069587,
        0.997564
      ],
      "passed_health": true
    },
    "BDS_032": {
      "elev_deg": 13.0,
      "azim_deg": 315.0,
      "los_enu": [
        -0.688984,
        0.688984,
        0.224951
      ],
      "passed_health": false
    },
    "BDS_033": {
      "elev_deg": 55.0,
      "azim_deg": 118.0,
      "los_enu": [
        0.506438,
        -0.269278,
        0.819152
      ],
      "passed_health": true
    },
    "BDS_041": {
      "elev_deg": 68.0,
      "azim_deg": 335.0,
      "los_enu": [
        -0.158316,
        0.339509,
        0.927184
      ],
      "passed_health": true
    },
    "BDS_042": {
      "elev_deg": 3.0,
      "azim_deg": 130.0,
      "los_enu": [
        0.764995,
        -0.641907,
        0.052336
      ],
      "passed_health": false
    },
    "GPS_001": {
      "elev_deg": 17.0,
      "azim_deg": 236.0,
      "los_enu": [
        -0.792813,
        -0.534759,
        0.292372
      ],
      "passed_health": true
    },
    "GPS_002": {
      "elev_deg": 5.0,
      "azim_deg": 217.0,
      "los_enu": [
        -0.599525,
        -0.795596,
        0.087156
      ],
      "passed_health": false
    },
    "GPS_003": {
      "elev_deg": 61.0,
      "azim_deg": 293.0,
      "los_enu": [
        -0.44627,
        0.18943,
        0.87462
      ],
      "passed_health": true
    },
    "GPS_004": {
      "elev_deg": 26.0,
      "azim_deg": 306.0,
      "los_enu": [
        -0.72714,
        0.528298,
        0.438371
      ],
      "passed_health": true
    },
    "GPS_016": {
      "elev_deg": 43.0,
      "azim_deg": 167.0,
      "los_enu": [
        0.164519,
        -0.712609,
        0.681998
      ],
      "passed_health": false
    },
    "GPS_026": {
      "elev_deg": 66.0,
      "azim_deg": 122.0,
      "los_enu": [
        0.344932,
        -0.215538,
        0.913545
      ],
      "passed_health": true
    },
    "GPS_028": {
      "elev_deg": 32.0,
      "azim_deg": 48.0,
      "los_enu": [
        0.630223,
        0.567455,
        0.529919
      ],
      "passed_health": true
    },
    "GPS_029": {
      "elev_deg": 0.0,
      "azim_deg": 62.0,
      "los_enu": [
        0.882948,
        0.469472,
        0.0
      ],
      "passed_health": false
    },
    "GPS_031": {
      "elev_deg": 58.0,
      "azim_deg": 28.0,
      "los_enu": [
        0.248782,
        0.467891,
        0.848048
      ],
      "passed_health": true
    },
    "GPS_032": {
      "elev_deg": 22.0,
      "azim_deg": 100.0,
      "los_enu": [
        0.913098,
        -0.161004,
        0.374607
      ],
      "passed_health": true
    }
  }
}