{
  "label": "s3.3_W0_d29_h69_ch53.75_cw14.5_a90",
  "capture_start_utc": "2026-07-22T00:12:04.693966+00:00",
  "rtcm_file": "s3.3_W0_d29_h69_ch53.75_cw14.5_a90-260722-001204Z.rtcm",
  "rate_hz": 10,
  "duration_sec": 30,
  "ref_sat": "BDS_025",
  "satellites": {
    "BDS_023": {
      "elev_deg": 38.0,
      "azim_deg": 220.0,
      "los_enu": [
        -0.506524,
        -0.603651,
        0.615661
      ],
      "passed_health": true
    },
    "BDS_024": {
      "elev_deg": 28.0,
      "azim_deg": 44.0,
      "los_enu": [
        0.613347,
        0.635139,
        0.469472
      ],
      "passed_health": false
    },
    "BDS_025": {
      "elev_deg": 88.267,
      "azim_deg": 125.603,
      "los_enu": [
        0.024593,
        -0.017609,
        0.999542
      ],
      "passed_health": true
    },
    "BDS_032": {
      "elev_deg": 16.0,
      "azim_deg": 316.0,
      "los_enu": [
        -0.667748,
        0.691474,
        0.275637
      ],
      "passed_health": false
    },
    "BDS_033": {
      "elev_deg": 52.0,
      "azim_deg": 123.0,
      "los_enu": [
        0.516337,
        -0.335313,
        0.788011
      ],
      "passed_health": true
    },
    "BDS_041": {
      "elev_deg": 70.833,
      "azim_deg": 336.0,
      "los_enu": [
        -0.133539,
        0.299933,
        0.944568
      ],
      "passed_health": true
    },
    "BDS_042": {
      "elev_deg": 1.0,
      "azim_deg": 131.8,
      "los_enu": [
        0.745362,
        -0.666431,
        0.017452
      ],
      "passed_health": false
    },
    "GPS_001": {
      "elev_deg": 15.0,
      "azim_deg": 234.0,
      "los_enu": [
        -0.78145,
        -0.567757,
        0.258819
      ],
      "passed_health": true
    },
    "GPS_002": {
      "elev_deg": 3.0,
      "azim_deg": 215.0,
      "los_enu": [
        -0.57279,
        -0.818029,
        0.052336
      ],
      "passed_health": false
    },
    "GPS_003": {
      "elev_deg": 63.0,
      "azim_deg": 287.0,
      "los_enu": [
        -0.434153,
        0.132734,
        0.891007
      ],
      "passed_health": true
    },
    "GPS_004": {
      "elev_deg": 28.0,
      "azim_deg": 308.0,
      "los_enu": [
        -0.695772,
        0.543597,
        0.469472
      ],
      "passed_health": true
    },
    "GPS_016": {
      "elev_deg": 46.0,
      "azim_deg": 166.0,
      "los_enu": [
        0.168053,
        -0.674024,
        0.71934
      ],
      "passed_health": false
    },
    "GPS_026": {
      "elev_deg": 67.0,
      "azim_deg": 114.0,
      "los_enu": [
        0.356951,
        -0.158925,
        0.920505
      ],
      "passed_health": true
    },
    "GPS_028": {
      "elev_deg": 29.0,
      "azim_deg": 49.0,
      "los_enu": [
        0.660084,
        0.573802,
        0.48481
      ],
      "passed_health": true
    },
    "GPS_029": {
      "elev_deg": 1.0,
      "azim_deg": 60.0,
      "los_enu": [
        0.865894,
        0.499924,
        0.017452
      ],
      "passed_health": false
    },
    "GPS_031": {
      "elev_deg": 56.0,
      "azim_deg": 31.0,
      "los_enu": [
        0.288006,
        0.479322,
        0.829038
      ],
      "passed_health": true
    },
    "GPS_032": {
      "elev_deg": 20.0,
      "azim_deg": 102.0,
      "los_enu": [
        0.919158,
        -0.195373,
        0.34202
      ],
      "passed_health": true
    }
  }
}