{
  "label": "s3.3_W0_d29_h69_ch53.75_cw14.5_a90",
  "capture_start_utc": "2026-07-22T00:14:03.647777+00:00",
  "rtcm_file": "s3.3_W0_d29_h69_ch53.75_cw14.5_a90-260722-001403Z.rtcm",
  "rate_hz": 10,
  "duration_sec": 30,
  "ref_sat": "BDS_025",
  "satellites": {
    "BDS_023": {
      "elev_deg": 38.9,
      "azim_deg": 220.9,
      "los_enu": [
        -0.509548,
        -0.588238,
        0.627963
      ],
      "passed_health": true
    },
    "BDS_024": {
      "elev_deg": 27.133,
      "azim_deg": 44.0,
      "los_enu": [
        0.61821,
        0.640175,
        0.456063
      ],
      "passed_health": false
    },
    "BDS_025": {
      "elev_deg": 88.167,
      "azim_deg": 93.872,
      "los_enu": [
        0.031919,
        -0.00216,
        0.999488
      ],
      "passed_health": true
    },
    "BDS_032": {
      "elev_deg": 16.6,
      "azim_deg": 316.6,
      "los_enu": [
        -0.658451,
        0.696293,
        0.285688
      ],
      "passed_health": false
    },
    "BDS_033": {
      "elev_deg": 52.0,
      "azim_deg": 123.567,
      "los_enu": [
        0.512996,
        -0.340403,
        0.788011
      ],
      "passed_health": true
    },
    "BDS_041": {
      "elev_deg": 71.3,
      "azim_deg": 336.3,
      "los_enu": [
        -0.12887,
        0.293573,
        0.94721
      ],
      "passed_health": true
    },
    "BDS_042": {
      "elev_deg": 0.733,
      "azim_deg": 132.0,
      "los_enu": [
        0.743084,
        -0.669076,
        0.012799
      ],
      "passed_health": false
    },
    "GPS_001": {
      "elev_deg": 15.0,
      "azim_deg": 233.0,
      "los_enu": [
        -0.771423,
        -0.581309,
        0.258819
      ],
      "passed_health": true
    },
    "GPS_002": {
      "elev_deg": 3.0,
      "azim_deg": 214.0,
      "los_enu": [
        -0.558427,
        -0.827901,
        0.052336
      ],
      "passed_health": false
    },
    "GPS_003": {
      "elev_deg": 63.0,
      "azim_deg": 285.0,
      "los_enu": [
        -0.438521,
        0.117501,
        0.891007
      ],
      "passed_health": true
    },
    "GPS_004": {
      "elev_deg": 29.0,
      "azim_deg": 309.0,
      "los_enu": [
        -0.679707,
        0.550416,
        0.48481
      ],
      "passed_health": true
    },
    "GPS_016": {
      "elev_deg": 47.0,
      "azim_deg": 166.0,
      "los_enu": [
        0.16499,
        -0.66174,
        0.731354
      ],
      "passed_health": false
    },
    "GPS_026": {
      "elev_deg": 68.0,
      "azim_deg": 111.0,
      "los_enu": [
        0.349725,
        -0.134247,
        0.927184
      ],
      "passed_health": true
    },
    "GPS_028": {
      "elev_deg": 29.0,
      "azim_deg": 50.0,
      "los_enu": [
        0.669998,
        0.562195,
        0.48481
      ],
      "passed_health": false
    },
    "GPS_029": {
      "elev_deg": 1.0,
      "azim_deg": 59.0,
      "los_enu": [
        0.857037,
        0.51496,
        0.017452
      ],
      "passed_health": false
    },
    "GPS_031": {
      "elev_deg": 55.0,
      "azim_deg": 32.0,
      "los_enu": [
        0.303949,
        0.48642,
        0.819152
      ],
      "passed_health": true
    },
    "GPS_032": {
      "elev_deg": 19.0,
      "azim_deg": 103.0,
      "los_enu": [
        0.921285,
        -0.212695,
        0.325568
      ],
      "passed_health": true
    }
  }
}