{
  "label": "s3.3_W0_d29_h69_ch53.75_cw14.5_a90",
  "capture_start_utc": "2026-07-22T00:14:42.801117+00:00",
  "rtcm_file": "s3.3_W0_d29_h69_ch53.75_cw14.5_a90-260722-001442Z.rtcm",
  "rate_hz": 10,
  "duration_sec": 30,
  "ref_sat": "BDS_025",
  "satellites": {
    "BDS_023": {
      "elev_deg": 39.0,
      "azim_deg": 221.0,
      "los_enu": [
        -0.509854,
        -0.58652,
        0.62932
      ],
      "passed_health": true
    },
    "BDS_024": {
      "elev_deg": 27.0,
      "azim_deg": 44.0,
      "los_enu": [
        0.618945,
        0.640936,
        0.45399
      ],
      "passed_health": false
    },
    "BDS_025": {
      "elev_deg": 88.0,
      "azim_deg": 89.0,
      "los_enu": [
        0.034894,
        0.000609,
        0.999391
      ],
      "passed_health": true
    },
    "BDS_032": {
      "elev_deg": 17.0,
      "azim_deg": 317.0,
      "los_enu": [
        -0.652198,
        0.699397,
        0.292372
      ],
      "passed_health": false
    },
    "BDS_033": {
      "elev_deg": 52.0,
      "azim_deg": 124.0,
      "los_enu": [
        0.510406,
        -0.344274,
        0.788011
      ],
      "passed_health": true
    },
    "BDS_041": {
      "elev_deg": 72.0,
      "azim_deg": 337.0,
      "los_enu": [
        -0.120743,
        0.284452,
        0.951057
      ],
      "passed_health": true
    },
    "BDS_042": {
      "elev_deg": 0.0,
      "azim_deg": 132.0,
      "los_enu": [
        0.743145,
        -0.669131,
        0.0
      ],
      "passed_health": false
    },
    "GPS_001": {
      "elev_deg": 14.367,
      "azim_deg": 232.367,
      "los_enu": [
        -0.767169,
        -0.591511,
        0.248126
      ],
      "passed_health": true
    },
    "GPS_002": {
      "elev_deg": 2.4,
      "azim_deg": 214.0,
      "los_enu": [
        -0.558702,
        -0.82831,
        0.041876
      ],
      "passed_health": false
    },
    "GPS_003": {
      "elev_deg": 63.0,
      "azim_deg": 283.867,
      "los_enu": [
        -0.440759,
        0.108805,
        0.891007
      ],
      "passed_health": true
    },
    "GPS_004": {
      "elev_deg": 29.533,
      "azim_deg": 309.533,
      "los_enu": [
        -0.671045,
        0.553822,
        0.49293
      ],
      "passed_health": true
    },
    "GPS_009": {
      "elev_deg": 0.0,
      "azim_deg": 300.0,
      "los_enu": [
        -0.866025,
        0.5,
        0.0
      ],
      "passed_health": false
    },
    "GPS_016": {
      "elev_deg": 47.133,
      "azim_deg": 165.867,
      "los_enu": [
        0.166114,
        -0.659702,
        0.732939
      ],
      "passed_health": false
    },
    "GPS_026": {
      "elev_deg": 68.0,
      "azim_deg": 111.0,
      "los_enu": [
        0.349725,
        -0.134247,
        0.927184
      ],
      "passed_health": true
    },
    "GPS_028": {
      "elev_deg": 29.0,
      "azim_deg": 50.0,
      "los_enu": [
        0.669998,
        0.562195,
        0.48481
      ],
      "passed_health": false
    },
    "GPS_029": {
      "elev_deg": 1.0,
      "azim_deg": 59.0,
      "los_enu": [
        0.857037,
        0.51496,
        0.017452
      ],
      "passed_health": false
    },
    "GPS_031": {
      "elev_deg": 55.0,
      "azim_deg": 32.0,
      "los_enu": [
        0.303949,
        0.48642,
        0.819152
      ],
      "passed_health": true
    },
    "GPS_032": {
      "elev_deg": 19.0,
      "azim_deg": 103.0,
      "los_enu": [
        0.921285,
        -0.212695,
        0.325568
      ],
      "passed_health": true
    }
  }
}