{
  "label": "s3.3_W0_d29_h69_ch53.75_cw14.5_a90",
  "capture_start_utc": "2026-07-22T00:10:46.385909+00:00",
  "rtcm_file": "s3.3_W0_d29_h69_ch53.75_cw14.5_a90-260722-001046Z.rtcm",
  "rate_hz": 10,
  "duration_sec": 30,
  "ref_sat": "BDS_025",
  "satellites": {
    "BDS_023": {
      "elev_deg": 37.0,
      "azim_deg": 220.0,
      "los_enu": [
        -0.513353,
        -0.61179,
        0.601815
      ],
      "passed_health": true
    },
    "BDS_024": {
      "elev_deg": 29.0,
      "azim_deg": 44.0,
      "los_enu": [
        0.607562,
        0.629149,
        0.48481
      ],
      "passed_health": false
    },
    "BDS_025": {
      "elev_deg": 88.0,
      "azim_deg": 155.0,
      "los_enu": [
        0.014749,
        -0.03163,
        0.999391
      ],
      "passed_health": true
    },
    "BDS_032": {
      "elev_deg": 15.0,
      "azim_deg": 316.0,
      "los_enu": [
        -0.670988,
        0.694829,
        0.258819
      ],
      "passed_health": false
    },
    "BDS_033": {
      "elev_deg": 53.0,
      "azim_deg": 121.0,
      "los_enu": [
        0.515856,
        -0.309958,
        0.798636
      ],
      "passed_health": true
    },
    "BDS_041": {
      "elev_deg": 70.0,
      "azim_deg": 336.0,
      "los_enu": [
        -0.139112,
        0.312451,
        0.939693
      ],
      "passed_health": true
    },
    "BDS_042": {
      "elev_deg": 1.0,
      "azim_deg": 131.0,
      "los_enu": [
        0.754595,
        -0.655959,
        0.017452
      ],
      "passed_health": false
    },
    "GPS_001": {
      "elev_deg": 15.0,
      "azim_deg": 234.0,
      "los_enu": [
        -0.78145,
        -0.567757,
        0.258819
      ],
      "passed_health": true
    },
    "GPS_002": {
      "elev_deg": 3.0,
      "azim_deg": 215.0,
      "los_enu": [
        -0.57279,
        -0.818029,
        0.052336
      ],
      "passed_health": false
    },
    "GPS_003": {
      "elev_deg": 63.0,
      "azim_deg": 287.0,
      "los_enu": [
        -0.434153,
        0.132734,
        0.891007
      ],
      "passed_health": true
    },
    "GPS_004": {
      "elev_deg": 28.0,
      "azim_deg": 308.0,
      "los_enu": [
        -0.695772,
        0.543597,
        0.469472
      ],
      "passed_health": true
    },
    "GPS_016": {
      "elev_deg": 46.0,
      "azim_deg": 166.0,
      "los_enu": [
        0.168053,
        -0.674024,
        0.71934
      ],
      "passed_health": false
    },
    "GPS_026": {
      "elev_deg": 67.0,
      "azim_deg": 114.3,
      "los_enu": [
        0.356114,
        -0.160791,
        0.920505
      ],
      "passed_health": true
    },
    "GPS_028": {
      "elev_deg": 29.167,
      "azim_deg": 49.0,
      "los_enu": [
        0.659017,
        0.572875,
        0.487352
      ],
      "passed_health": true
    },
    "GPS_029": {
      "elev_deg": 1.0,
      "azim_deg": 60.2,
      "los_enu": [
        0.867633,
        0.496898,
        0.017452
      ],
      "passed_health": false
    },
    "GPS_031": {
      "elev_deg": 56.267,
      "azim_deg": 30.733,
      "los_enu": [
        0.283797,
        0.477335,
        0.831631
      ],
      "passed_health": true
    },
    "GPS_032": {
      "elev_deg": 20.0,
      "azim_deg": 101.7,
      "los_enu": [
        0.920168,
        -0.190558,
        0.34202
      ],
      "passed_health": true
    }
  }
}