{
  "label": "s3.3_W0_d29_h69_ch53.75_cw14.5_a90",
  "capture_start_utc": "2026-07-22T00:23:16.889113+00:00",
  "rtcm_file": "s3.3_W0_d29_h69_ch53.75_cw14.5_a90-260722-002316Z.rtcm",
  "rate_hz": 10,
  "duration_sec": 30,
  "ref_sat": "BDS_025",
  "satellites": {
    "BDS_023": {
      "elev_deg": 43.0,
      "azim_deg": 224.0,
      "los_enu": [
        -0.508041,
        -0.526092,
        0.681998
      ],
      "passed_health": true
    },
    "BDS_024": {
      "elev_deg": 24.0,
      "azim_deg": 44.0,
      "los_enu": [
        0.634602,
        0.65715,
        0.406737
      ],
      "passed_health": false
    },
    "BDS_025": {
      "elev_deg": 85.0,
      "azim_deg": 37.0,
      "los_enu": [
        0.052452,
        0.069606,
        0.996195
      ],
      "passed_health": true
    },
    "BDS_032": {
      "elev_deg": 20.0,
      "azim_deg": 318.0,
      "los_enu": [
        -0.628777,
        0.698328,
        0.34202
      ],
      "passed_health": false
    },
    "BDS_033": {
      "elev_deg": 49.0,
      "azim_deg": 128.0,
      "los_enu": [
        0.516982,
        -0.40391,
        0.75471
      ],
      "passed_health": true
    },
    "BDS_041": {
      "elev_deg": 75.733,
      "azim_deg": 338.0,
      "los_enu": [
        -0.092316,
        0.228491,
        0.969159
      ],
      "passed_health": true
    },
    "GPS_001": {
      "elev_deg": 12.0,
      "azim_deg": 230.0,
      "los_enu": [
        -0.749305,
        -0.628741,
        0.207912
      ],
      "passed_health": true
    },
    "GPS_002": {
      "elev_deg": 1.0,
      "azim_deg": 211.0,
      "los_enu": [
        -0.51496,
        -0.857037,
        0.017452
      ],
      "passed_health": false
    },
    "GPS_003": {
      "elev_deg": 64.0,
      "azim_deg": 275.0,
      "los_enu": [
        -0.436703,
        0.038207,
        0.898794
      ],
      "passed_health": true
    },
    "GPS_004": {
      "elev_deg": 32.0,
      "azim_deg": 312.0,
      "los_enu": [
        -0.630223,
        0.567455,
        0.529919
      ],
      "passed_health": true
    },
    "GPS_009": {
      "elev_deg": 2.0,
      "azim_deg": 301.0,
      "los_enu": [
        -0.856645,
        0.514724,
        0.034899
      ],
      "passed_health": false
    },
    "GPS_016": {
      "elev_deg": 52.0,
      "azim_deg": 163.0,
      "los_enu": [
        0.180002,
        -0.58876,
        0.788011
      ],
      "passed_health": true
    },
    "GPS_026": {
      "elev_deg": 68.0,
      "azim_deg": 99.0,
      "los_enu": [
        0.369995,
        -0.058601,
        0.927184
      ],
      "passed_health": true
    },
    "GPS_027": {
      "elev_deg": 1.0,
      "azim_deg": 160.0,
      "los_enu": [
        0.341968,
        -0.93955,
        0.017452
      ],
      "passed_health": false
    },
    "GPS_028": {
      "elev_deg": 25.0,
      "azim_deg": 52.0,
      "los_enu": [
        0.71418,
        0.557979,
        0.422618
      ],
      "passed_health": false
    },
    "GPS_029": {
      "elev_deg": 1.0,
      "azim_deg": 55.0,
      "los_enu": [
        0.819027,
        0.573489,
        0.017452
      ],
      "passed_health": false
    },
    "GPS_031": {
      "elev_deg": 51.0,
      "azim_deg": 35.0,
      "los_enu": [
        0.360963,
        0.515509,
        0.777146
      ],
      "passed_health": true
    },
    "GPS_032": {
      "elev_deg": 16.0,
      "azim_deg": 106.0,
      "los_enu": [
        0.924024,
        -0.26496,
        0.275637
      ],
      "passed_health": true
    }
  }
}