{
  "label": "s4.3.3_W0_d33_h69_ch53.75_cw14.5_a90",
  "capture_start_utc": "2026-07-24T03:13:54.246937+00:00",
  "rtcm_file": "s4.3.3_W0_d33_h69_ch53.75_cw14.5_a90-260724-031354Z.rtcm",
  "rate_hz": 10,
  "duration_sec": 30,
  "ref_sat": "GPS_009",
  "satellites": {
    "BDS_014": {
      "elev_deg": 14.467,
      "azim_deg": 171.0,
      "los_enu": [
        0.151474,
        -0.956372,
        0.249817
      ],
      "passed_health": false
    },
    "BDS_024": {
      "elev_deg": 65.667,
      "azim_deg": 349.667,
      "los_enu": [
        -0.073911,
        0.405361,
        0.911164
      ],
      "passed_health": true
    },
    "BDS_025": {
      "elev_deg": 26.3,
      "azim_deg": 272.3,
      "los_enu": [
        -0.895764,
        0.035978,
        0.443071
      ],
      "passed_health": true
    },
    "BDS_026": {
      "elev_deg": 33.733,
      "azim_deg": 56.0,
      "los_enu": [
        0.689453,
        0.465042,
        0.555328
      ],
      "passed_health": true
    },
    "BDS_031": {
      "elev_deg": 24.1,
      "azim_deg": 117.9,
      "los_enu": [
        0.806731,
        -0.427142,
        0.40833
      ],
      "passed_health": true
    },
    "BDS_033": {
      "elev_deg": 54.967,
      "azim_deg": 265.933,
      "los_enu": [
        -0.572608,
        -0.04071,
        0.818818
      ],
      "passed_health": true
    },
    "BDS_034": {
      "elev_deg": 8.0,
      "azim_deg": 166.0,
      "los_enu": [
        0.239568,
        -0.960853,
        0.139173
      ],
      "passed_health": false
    },
    "BDS_035": {
      "elev_deg": 17.0,
      "azim_deg": 67.0,
      "los_enu": [
        0.880283,
        0.373658,
        0.292372
      ],
      "passed_health": true
    },
    "BDS_041": {
      "elev_deg": 22.0,
      "azim_deg": 316.0,
      "los_enu": [
        -0.644076,
        0.66696,
        0.374607
      ],
      "passed_health": true
    },
    "BDS_042": {
      "elev_deg": 34.0,
      "azim_deg": 185.0,
      "los_enu": [
        -0.072255,
        -0.825883,
        0.559193
      ],
      "passed_health": false
    },
    "GPS_003": {
      "elev_deg": 3.0,
      "azim_deg": 189.0,
      "los_enu": [
        -0.15622,
        -0.986335,
        0.052336
      ],
      "passed_health": false
    },
    "GPS_004": {
      "elev_deg": 66.0,
      "azim_deg": 161.0,
      "los_enu": [
        0.13242,
        -0.384577,
        0.913545
      ],
      "passed_health": true
    },
    "GPS_007": {
      "elev_deg": 45.0,
      "azim_deg": 313.0,
      "los_enu": [
        -0.517145,
        0.482246,
        0.707107
      ],
      "passed_health": false
    },
    "GPS_008": {
      "elev_deg": 52.0,
      "azim_deg": 138.0,
      "los_enu": [
        0.411958,
        -0.457526,
        0.788011
      ],
      "passed_health": true
    },
    "GPS_009": {
      "elev_deg": 71.0,
      "azim_deg": 288.0,
      "los_enu": [
        -0.309634,
        0.100606,
        0.945519
      ],
      "passed_health": true
    },
    "GPS_014": {
      "elev_deg": 4.0,
      "azim_deg": 237.0,
      "los_enu": [
        -0.836628,
        -0.543312,
        0.069756
      ],
      "passed_health": false
    },
    "GPS_016": {
      "elev_deg": 29.0,
      "azim_deg": 45.0,
      "los_enu": [
        0.61845,
        0.61845,
        0.48481
      ],
      "passed_health": false
    },
    "GPS_021": {
      "elev_deg": 5.0,
      "azim_deg": 318.0,
      "los_enu": [
        -0.666584,
        0.740317,
        0.087156
      ],
      "passed_health": false
    },
    "GPS_026": {
      "elev_deg": 4.0,
      "azim_deg": 55.0,
      "los_enu": [
        0.817157,
        0.572179,
        0.069756
      ],
      "passed_health": false
    },
    "GPS_027": {
      "elev_deg": 46.0,
      "azim_deg": 79.0,
      "los_enu": [
        0.681896,
        0.132547,
        0.71934
      ],
      "passed_health": true
    },
    "GPS_030": {
      "elev_deg": 10.0,
      "azim_deg": 292.0,
      "los_enu": [
        -0.913098,
        0.368915,
        0.173648
      ],
      "passed_health": true
    }
  }
}