{
  "label": "s4.3_W0_d29_h69_ch53.75_cw14.5_a0",
  "capture_start_utc": "2026-07-24T02:45:59.568263+00:00",
  "rtcm_file": "s4.3_W0_d29_h69_ch53.75_cw14.5_a0-260724-024559Z.rtcm",
  "rate_hz": 10,
  "duration_sec": 30,
  "ref_sat": "GPS_004",
  "satellites": {
    "BDS_014": {
      "elev_deg": 25.3,
      "azim_deg": 171.0,
      "los_enu": [
        0.14143,
        -0.892952,
        0.427358
      ],
      "passed_health": false
    },
    "BDS_021": {
      "elev_deg": 4.7,
      "azim_deg": 160.0,
      "los_enu": [
        0.34087,
        -0.936533,
        0.081939
      ],
      "passed_health": false
    },
    "BDS_024": {
      "elev_deg": 67.0,
      "azim_deg": 321.0,
      "los_enu": [
        -0.245895,
        0.303655,
        0.920505
      ],
      "passed_health": true
    },
    "BDS_025": {
      "elev_deg": 20.0,
      "azim_deg": 262.0,
      "los_enu": [
        -0.930548,
        -0.13078,
        0.34202
      ],
      "passed_health": true
    },
    "BDS_026": {
      "elev_deg": 42.0,
      "azim_deg": 47.0,
      "los_enu": [
        0.543502,
        0.506824,
        0.669131
      ],
      "passed_health": true
    },
    "BDS_031": {
      "elev_deg": 17.0,
      "azim_deg": 127.0,
      "los_enu": [
        0.763739,
        -0.575519,
        0.292372
      ],
      "passed_health": false
    },
    "BDS_033": {
      "elev_deg": 54.0,
      "azim_deg": 286.0,
      "los_enu": [
        -0.565015,
        0.162016,
        0.809017
      ],
      "passed_health": true
    },
    "BDS_034": {
      "elev_deg": 1.0,
      "azim_deg": 172.0,
      "los_enu": [
        0.139152,
        -0.990117,
        0.017452
      ],
      "passed_health": false
    },
    "BDS_035": {
      "elev_deg": 15.0,
      "azim_deg": 78.0,
      "los_enu": [
        0.944818,
        0.200827,
        0.258819
      ],
      "passed_health": true
    },
    "BDS_041": {
      "elev_deg": 14.0,
      "azim_deg": 322.0,
      "los_enu": [
        -0.597374,
        0.764603,
        0.241922
      ],
      "passed_health": false
    },
    "BDS_042": {
      "elev_deg": 46.0,
      "azim_deg": 187.0,
      "los_enu": [
        -0.084658,
        -0.68948,
        0.71934
      ],
      "passed_health": false
    },
    "GPS_003": {
      "elev_deg": 12.267,
      "azim_deg": 195.0,
      "los_enu": [
        -0.25291,
        -0.943873,
        0.212462
      ],
      "passed_health": false
    },
    "GPS_004": {
      "elev_deg": 80.3,
      "azim_deg": 150.7,
      "los_enu": [
        0.082456,
        -0.146934,
        0.985703
      ],
      "passed_health": true
    },
    "GPS_007": {
      "elev_deg": 37.0,
      "azim_deg": 302.0,
      "los_enu": [
        -0.677281,
        0.423212,
        0.601815
      ],
      "passed_health": false
    },
    "GPS_008": {
      "elev_deg": 40.6,
      "azim_deg": 150.4,
      "los_enu": [
        0.375036,
        -0.660183,
        0.650774
      ],
      "passed_health": false
    },
    "GPS_009": {
      "elev_deg": 61.533,
      "azim_deg": 310.467,
      "los_enu": [
        -0.362626,
        0.309347,
        0.879095
      ],
      "passed_health": true
    },
    "GPS_016": {
      "elev_deg": 40.5,
      "azim_deg": 42.5,
      "los_enu": [
        0.513723,
        0.56063,
        0.649448
      ],
      "passed_health": false
    },
    "GPS_021": {
      "elev_deg": 0.0,
      "azim_deg": 327.0,
      "los_enu": [
        -0.544639,
        0.838671,
        0.0
      ],
      "passed_health": false
    },
    "GPS_026": {
      "elev_deg": 13.767,
      "azim_deg": 50.233,
      "los_enu": [
        0.746574,
        0.621287,
        0.237968
      ],
      "passed_health": false
    },
    "GPS_027": {
      "elev_deg": 45.0,
      "azim_deg": 99.8,
      "los_enu": [
        0.696789,
        -0.120356,
        0.707107
      ],
      "passed_health": true
    },
    "GPS_030": {
      "elev_deg": 3.0,
      "azim_deg": 284.0,
      "los_enu": [
        -0.968966,
        0.24159,
        0.052336
      ],
      "passed_health": false
    },
    "GPS_031": {
      "elev_deg": 5.0,
      "azim_deg": 88.067,
      "los_enu": [
        0.995628,
        0.033608,
        0.087156
      ],
      "passed_health": false
    }
  }
}