{
  "label": "s4.3.5_W0_d33_h69_ch53.75_cw14.5_a90",
  "capture_start_utc": "2026-07-24T03:29:44.598811+00:00",
  "rtcm_file": "s4.3.5_W0_d33_h69_ch53.75_cw14.5_a90-260724-032944Z.rtcm",
  "rate_hz": 10,
  "duration_sec": 30,
  "ref_sat": "GPS_009",
  "satellites": {
    "BDS_014": {
      "elev_deg": 8.5,
      "azim_deg": 170.0,
      "los_enu": [
        0.171741,
        -0.97399,
        0.147809
      ],
      "passed_health": false
    },
    "BDS_024": {
      "elev_deg": 64.0,
      "azim_deg": 4.6,
      "los_enu": [
        0.035157,
        0.436959,
        0.898794
      ],
      "passed_health": true
    },
    "BDS_025": {
      "elev_deg": 30.267,
      "azim_deg": 278.267,
      "los_enu": [
        -0.854715,
        0.124182,
        0.504025
      ],
      "passed_health": true
    },
    "BDS_026": {
      "elev_deg": 29.767,
      "azim_deg": 61.0,
      "los_enu": [
        0.759218,
        0.420841,
        0.496469
      ],
      "passed_health": true
    },
    "BDS_031": {
      "elev_deg": 28.067,
      "azim_deg": 111.933,
      "los_enu": [
        0.818532,
        -0.329601,
        0.470499
      ],
      "passed_health": true
    },
    "BDS_033": {
      "elev_deg": 52.0,
      "azim_deg": 254.0,
      "los_enu": [
        -0.591812,
        -0.169699,
        0.788011
      ],
      "passed_health": true
    },
    "BDS_034": {
      "elev_deg": 13.0,
      "azim_deg": 162.0,
      "los_enu": [
        0.301097,
        -0.926681,
        0.224951
      ],
      "passed_health": false
    },
    "BDS_035": {
      "elev_deg": 17.0,
      "azim_deg": 61.0,
      "los_enu": [
        0.836403,
        0.463626,
        0.292372
      ],
      "passed_health": true
    },
    "BDS_041": {
      "elev_deg": 26.0,
      "azim_deg": 312.0,
      "los_enu": [
        -0.667934,
        0.601411,
        0.438371
      ],
      "passed_health": true
    },
    "BDS_042": {
      "elev_deg": 27.0,
      "azim_deg": 184.0,
      "los_enu": [
        -0.062153,
        -0.888836,
        0.45399
      ],
      "passed_health": false
    },
    "GPS_002": {
      "elev_deg": 1.0,
      "azim_deg": 143.0,
      "los_enu": [
        0.601723,
        -0.798514,
        0.017452
      ],
      "passed_health": false
    },
    "GPS_004": {
      "elev_deg": 58.0,
      "azim_deg": 163.0,
      "los_enu": [
        0.154933,
        -0.506764,
        0.848048
      ],
      "passed_health": false
    },
    "GPS_007": {
      "elev_deg": 49.0,
      "azim_deg": 320.0,
      "los_enu": [
        -0.421707,
        0.50257,
        0.75471
      ],
      "passed_health": false
    },
    "GPS_008": {
      "elev_deg": 57.0,
      "azim_deg": 127.0,
      "los_enu": [
        0.434968,
        -0.327772,
        0.838671
      ],
      "passed_health": true
    },
    "GPS_009": {
      "elev_deg": 74.0,
      "azim_deg": 261.0,
      "los_enu": [
        -0.272244,
        -0.043119,
        0.961262
      ],
      "passed_health": true
    },
    "GPS_014": {
      "elev_deg": 9.0,
      "azim_deg": 241.0,
      "los_enu": [
        -0.863852,
        -0.478841,
        0.156434
      ],
      "passed_health": false
    },
    "GPS_016": {
      "elev_deg": 23.0,
      "azim_deg": 47.0,
      "los_enu": [
        0.673215,
        0.627783,
        0.390731
      ],
      "passed_health": false
    },
    "GPS_021": {
      "elev_deg": 7.0,
      "azim_deg": 312.0,
      "los_enu": [
        -0.737606,
        0.664143,
        0.121869
      ],
      "passed_health": false
    },
    "GPS_027": {
      "elev_deg": 44.0,
      "azim_deg": 69.0,
      "los_enu": [
        0.671562,
        0.257788,
        0.694658
      ],
      "passed_health": true
    },
    "GPS_030": {
      "elev_deg": 14.0,
      "azim_deg": 296.0,
      "los_enu": [
        -0.872096,
        0.42535,
        0.241922
      ],
      "passed_health": true
    }
  }
}