{
  "label": "s4.3.3_W0_d33_h69_ch53.75_cw14.5_a90",
  "capture_start_utc": "2026-07-24T03:11:56.443082+00:00",
  "rtcm_file": "s4.3.3_W0_d33_h69_ch53.75_cw14.5_a90-260724-031156Z.rtcm",
  "rate_hz": 10,
  "duration_sec": 30,
  "ref_sat": "GPS_009",
  "satellites": {
    "BDS_014": {
      "elev_deg": 15.0,
      "azim_deg": 171.0,
      "los_enu": [
        0.151104,
        -0.954034,
        0.258819
      ],
      "passed_health": false
    },
    "BDS_024": {
      "elev_deg": 66.0,
      "azim_deg": 349.0,
      "los_enu": [
        -0.077609,
        0.399264,
        0.913545
      ],
      "passed_health": true
    },
    "BDS_025": {
      "elev_deg": 26.0,
      "azim_deg": 271.933,
      "los_enu": [
        -0.898282,
        0.030322,
        0.438371
      ],
      "passed_health": true
    },
    "BDS_026": {
      "elev_deg": 34.1,
      "azim_deg": 55.9,
      "los_enu": [
        0.685684,
        0.464243,
        0.560639
      ],
      "passed_health": true
    },
    "BDS_031": {
      "elev_deg": 23.733,
      "azim_deg": 118.267,
      "los_enu": [
        0.806267,
        -0.433525,
        0.40248
      ],
      "passed_health": true
    },
    "BDS_033": {
      "elev_deg": 55.0,
      "azim_deg": 266.333,
      "los_enu": [
        -0.572402,
        -0.036681,
        0.819152
      ],
      "passed_health": true
    },
    "BDS_034": {
      "elev_deg": 7.633,
      "azim_deg": 166.0,
      "los_enu": [
        0.239778,
        -0.961697,
        0.132833
      ],
      "passed_health": false
    },
    "BDS_035": {
      "elev_deg": 17.0,
      "azim_deg": 67.4,
      "los_enu": [
        0.88287,
        0.367503,
        0.292372
      ],
      "passed_health": true
    },
    "BDS_041": {
      "elev_deg": 21.4,
      "azim_deg": 316.6,
      "los_enu": [
        -0.639717,
        0.676482,
        0.364877
      ],
      "passed_health": true
    },
    "BDS_042": {
      "elev_deg": 34.633,
      "azim_deg": 185.633,
      "los_enu": [
        -0.080768,
        -0.818832,
        0.568323
      ],
      "passed_health": false
    },
    "GPS_003": {
      "elev_deg": 3.0,
      "azim_deg": 190.0,
      "los_enu": [
        -0.17341,
        -0.983458,
        0.052336
      ],
      "passed_health": false
    },
    "GPS_004": {
      "elev_deg": 67.0,
      "azim_deg": 160.0,
      "los_enu": [
        0.133638,
        -0.367167,
        0.920505
      ],
      "passed_health": true
    },
    "GPS_007": {
      "elev_deg": 44.0,
      "azim_deg": 312.0,
      "los_enu": [
        -0.534574,
        0.481332,
        0.694658
      ],
      "passed_health": false
    },
    "GPS_008": {
      "elev_deg": 51.0,
      "azim_deg": 139.0,
      "los_enu": [
        0.412871,
        -0.474954,
        0.777146
      ],
      "passed_health": true
    },
    "GPS_009": {
      "elev_deg": 71.0,
      "azim_deg": 291.0,
      "los_enu": [
        -0.303944,
        0.116673,
        0.945519
      ],
      "passed_health": true
    },
    "GPS_014": {
      "elev_deg": 3.0,
      "azim_deg": 236.0,
      "los_enu": [
        -0.827901,
        -0.558427,
        0.052336
      ],
      "passed_health": false
    },
    "GPS_016": {
      "elev_deg": 30.0,
      "azim_deg": 44.0,
      "los_enu": [
        0.601592,
        0.622967,
        0.5
      ],
      "passed_health": false
    },
    "GPS_021": {
      "elev_deg": 5.0,
      "azim_deg": 319.0,
      "los_enu": [
        -0.653563,
        0.751838,
        0.087156
      ],
      "passed_health": false
    },
    "GPS_026": {
      "elev_deg": 5.0,
      "azim_deg": 55.0,
      "los_enu": [
        0.816035,
        0.571394,
        0.087156
      ],
      "passed_health": false
    },
    "GPS_027": {
      "elev_deg": 46.0,
      "azim_deg": 81.0,
      "los_enu": [
        0.686106,
        0.108669,
        0.71934
      ],
      "passed_health": true
    },
    "GPS_030": {
      "elev_deg": 9.0,
      "azim_deg": 291.0,
      "los_enu": [
        -0.922087,
        0.353956,
        0.156434
      ],
      "passed_health": true
    }
  }
}