{
  "label": "s4.3.3_W0_d33_h69_ch53.75_cw14.5_a90",
  "capture_start_utc": "2026-07-24T03:04:41.676784+00:00",
  "rtcm_file": "s4.3.3_W0_d33_h69_ch53.75_cw14.5_a90-260724-030441Z.rtcm",
  "rate_hz": 10,
  "duration_sec": 30,
  "ref_sat": "GPS_004",
  "satellites": {
    "BDS_014": {
      "elev_deg": 18.724,
      "azim_deg": 171.0,
      "los_enu": [
        0.148155,
        -0.935415,
        0.321012
      ],
      "passed_health": false
    },
    "BDS_024": {
      "elev_deg": 66.0,
      "azim_deg": 340.138,
      "los_enu": [
        -0.138192,
        0.382541,
        0.913545
      ],
      "passed_health": true
    },
    "BDS_025": {
      "elev_deg": 24.034,
      "azim_deg": 268.034,
      "los_enu": [
        -0.912763,
        -0.031324,
        0.407286
      ],
      "passed_health": false
    },
    "BDS_026": {
      "elev_deg": 37.0,
      "azim_deg": 53.0,
      "los_enu": [
        0.637819,
        0.480631,
        0.601815
      ],
      "passed_health": false
    },
    "BDS_031": {
      "elev_deg": 22.0,
      "azim_deg": 121.0,
      "los_enu": [
        0.794752,
        -0.477535,
        0.374607
      ],
      "passed_health": false
    },
    "BDS_033": {
      "elev_deg": 55.0,
      "azim_deg": 273.0,
      "los_enu": [
        -0.57279,
        0.030019,
        0.819152
      ],
      "passed_health": true
    },
    "BDS_034": {
      "elev_deg": 5.0,
      "azim_deg": 168.0,
      "los_enu": [
        0.207121,
        -0.974425,
        0.087156
      ],
      "passed_health": false
    },
    "BDS_035": {
      "elev_deg": 17.0,
      "azim_deg": 71.0,
      "los_enu": [
        0.904204,
        0.311342,
        0.292372
      ],
      "passed_health": true
    },
    "BDS_041": {
      "elev_deg": 19.0,
      "azim_deg": 319.0,
      "los_enu": [
        -0.620316,
        0.713592,
        0.325568
      ],
      "passed_health": false
    },
    "BDS_042": {
      "elev_deg": 38.0,
      "azim_deg": 186.0,
      "los_enu": [
        -0.08237,
        -0.783694,
        0.615661
      ],
      "passed_health": false
    },
    "GPS_003": {
      "elev_deg": 6.0,
      "azim_deg": 191.0,
      "los_enu": [
        -0.189764,
        -0.97625,
        0.104528
      ],
      "passed_health": false
    },
    "GPS_004": {
      "elev_deg": 71.0,
      "azim_deg": 159.0,
      "los_enu": [
        0.116673,
        -0.303944,
        0.945519
      ],
      "passed_health": true
    },
    "GPS_007": {
      "elev_deg": 42.0,
      "azim_deg": 310.0,
      "los_enu": [
        -0.569282,
        0.477684,
        0.669131
      ],
      "passed_health": false
    },
    "GPS_008": {
      "elev_deg": 48.0,
      "azim_deg": 143.0,
      "los_enu": [
        0.402693,
        -0.534391,
        0.743145
      ],
      "passed_health": false
    },
    "GPS_009": {
      "elev_deg": 68.0,
      "azim_deg": 298.0,
      "los_enu": [
        -0.330758,
        0.175867,
        0.927184
      ],
      "passed_health": true
    },
    "GPS_014": {
      "elev_deg": 1.0,
      "azim_deg": 235.0,
      "los_enu": [
        -0.819027,
        -0.573489,
        0.017452
      ],
      "passed_health": false
    },
    "GPS_016": {
      "elev_deg": 33.0,
      "azim_deg": 44.0,
      "los_enu": [
        0.58259,
        0.603289,
        0.544639
      ],
      "passed_health": false
    },
    "GPS_021": {
      "elev_deg": 4.0,
      "azim_deg": 321.0,
      "los_enu": [
        -0.627787,
        0.775253,
        0.069756
      ],
      "passed_health": false
    },
    "GPS_026": {
      "elev_deg": 7.0,
      "azim_deg": 54.0,
      "los_enu": [
        0.802987,
        0.583404,
        0.121869
      ],
      "passed_health": false
    },
    "GPS_027": {
      "elev_deg": 46.0,
      "azim_deg": 86.0,
      "los_enu": [
        0.692966,
        0.048457,
        0.71934
      ],
      "passed_health": true
    },
    "GPS_030": {
      "elev_deg": 7.0,
      "azim_deg": 289.0,
      "los_enu": [
        -0.938471,
        0.323141,
        0.121869
      ],
      "passed_health": false
    },
    "GPS_031": {
      "elev_deg": 0.0,
      "azim_deg": 94.0,
      "los_enu": [
        0.997564,
        -0.069756,
        0.0
      ],
      "passed_health": false
    }
  }
}