{
  "label": "s4.3.4_W0_d33_h69_ch53.75_cw14.5_a90",
  "capture_start_utc": "2026-07-24T03:17:22.305912+00:00",
  "rtcm_file": "s4.3.4_W0_d33_h69_ch53.75_cw14.5_a90-260724-031722Z.rtcm",
  "rate_hz": 10,
  "duration_sec": 30,
  "ref_sat": "GPS_009",
  "satellites": {
    "BDS_014": {
      "elev_deg": 13.0,
      "azim_deg": 170.0,
      "los_enu": [
        0.169198,
        -0.959567,
        0.224951
      ],
      "passed_health": false
    },
    "BDS_024": {
      "elev_deg": 65.0,
      "azim_deg": 353.0,
      "los_enu": [
        -0.051504,
        0.419468,
        0.906308
      ],
      "passed_health": true
    },
    "BDS_025": {
      "elev_deg": 27.0,
      "azim_deg": 274.0,
      "los_enu": [
        -0.888836,
        0.062153,
        0.45399
      ],
      "passed_health": true
    },
    "BDS_026": {
      "elev_deg": 33.0,
      "azim_deg": 57.0,
      "los_enu": [
        0.703368,
        0.456773,
        0.544639
      ],
      "passed_health": true
    },
    "BDS_031": {
      "elev_deg": 25.0,
      "azim_deg": 116.0,
      "los_enu": [
        0.814584,
        -0.397299,
        0.422618
      ],
      "passed_health": true
    },
    "BDS_033": {
      "elev_deg": 54.0,
      "azim_deg": 262.0,
      "los_enu": [
        -0.582065,
        -0.081804,
        0.809017
      ],
      "passed_health": true
    },
    "BDS_034": {
      "elev_deg": 9.0,
      "azim_deg": 165.0,
      "los_enu": [
        0.255633,
        -0.954034,
        0.156434
      ],
      "passed_health": false
    },
    "BDS_035": {
      "elev_deg": 17.0,
      "azim_deg": 65.0,
      "los_enu": [
        0.866706,
        0.404152,
        0.292372
      ],
      "passed_health": true
    },
    "BDS_041": {
      "elev_deg": 23.0,
      "azim_deg": 315.0,
      "los_enu": [
        -0.650895,
        0.650895,
        0.390731
      ],
      "passed_health": true
    },
    "BDS_042": {
      "elev_deg": 32.0,
      "azim_deg": 185.0,
      "los_enu": [
        -0.073912,
        -0.844821,
        0.529919
      ],
      "passed_health": false
    },
    "GPS_003": {
      "elev_deg": 1.0,
      "azim_deg": 188.0,
      "los_enu": [
        -0.139152,
        -0.990117,
        0.017452
      ],
      "passed_health": false
    },
    "GPS_004": {
      "elev_deg": 64.0,
      "azim_deg": 162.0,
      "los_enu": [
        0.135464,
        -0.416916,
        0.898794
      ],
      "passed_health": true
    },
    "GPS_007": {
      "elev_deg": 46.0,
      "azim_deg": 315.0,
      "los_enu": [
        -0.491198,
        0.491198,
        0.71934
      ],
      "passed_health": false
    },
    "GPS_008": {
      "elev_deg": 53.967,
      "azim_deg": 135.067,
      "los_enu": [
        0.415475,
        -0.416443,
        0.808675
      ],
      "passed_health": true
    },
    "GPS_009": {
      "elev_deg": 72.0,
      "azim_deg": 281.2,
      "los_enu": [
        -0.303132,
        0.060021,
        0.951057
      ],
      "passed_health": true
    },
    "GPS_014": {
      "elev_deg": 5.0,
      "azim_deg": 237.767,
      "los_enu": [
        -0.842664,
        -0.531339,
        0.087156
      ],
      "passed_health": false
    },
    "GPS_016": {
      "elev_deg": 27.3,
      "azim_deg": 45.0,
      "los_enu": [
        0.628347,
        0.628347,
        0.45865
      ],
      "passed_health": false
    },
    "GPS_021": {
      "elev_deg": 6.0,
      "azim_deg": 317.0,
      "los_enu": [
        -0.678262,
        0.727347,
        0.104528
      ],
      "passed_health": true
    },
    "GPS_026": {
      "elev_deg": 3.633,
      "azim_deg": 56.0,
      "los_enu": [
        0.827371,
        0.558069,
        0.063371
      ],
      "passed_health": false
    },
    "GPS_027": {
      "elev_deg": 46.0,
      "azim_deg": 77.333,
      "los_enu": [
        0.677752,
        0.152323,
        0.71934
      ],
      "passed_health": true
    },
    "GPS_030": {
      "elev_deg": 10.233,
      "azim_deg": 293.0,
      "los_enu": [
        -0.905862,
        0.384516,
        0.177657
      ],
      "passed_health": true
    }
  }
}