{
  "label": "s4.3_W0_d29_h69_ch53.75_cw14.5_a0",
  "capture_start_utc": "2026-07-24T02:54:33.790521+00:00",
  "rtcm_file": "s4.3_W0_d29_h69_ch53.75_cw14.5_a0-260724-025433Z.rtcm",
  "rate_hz": 10,
  "duration_sec": 30,
  "ref_sat": "GPS_004",
  "satellites": {
    "BDS_014": {
      "elev_deg": 22.0,
      "azim_deg": 171.0,
      "los_enu": [
        0.145044,
        -0.915769,
        0.374607
      ],
      "passed_health": false
    },
    "BDS_021": {
      "elev_deg": 2.0,
      "azim_deg": 160.0,
      "los_enu": [
        0.341812,
        -0.93912,
        0.034899
      ],
      "passed_health": false
    },
    "BDS_024": {
      "elev_deg": 67.0,
      "azim_deg": 330.0,
      "los_enu": [
        -0.195366,
        0.338383,
        0.920505
      ],
      "passed_health": true
    },
    "BDS_025": {
      "elev_deg": 22.0,
      "azim_deg": 265.0,
      "los_enu": [
        -0.923656,
        -0.080809,
        0.374607
      ],
      "passed_health": true
    },
    "BDS_026": {
      "elev_deg": 39.0,
      "azim_deg": 50.0,
      "los_enu": [
        0.595328,
        0.49954,
        0.62932
      ],
      "passed_health": true
    },
    "BDS_031": {
      "elev_deg": 19.0,
      "azim_deg": 124.0,
      "los_enu": [
        0.78387,
        -0.528727,
        0.325568
      ],
      "passed_health": false
    },
    "BDS_033": {
      "elev_deg": 55.0,
      "azim_deg": 280.0,
      "los_enu": [
        -0.564863,
        0.099601,
        0.819152
      ],
      "passed_health": true
    },
    "BDS_034": {
      "elev_deg": 3.0,
      "azim_deg": 170.0,
      "los_enu": [
        0.17341,
        -0.983458,
        0.052336
      ],
      "passed_health": false
    },
    "BDS_035": {
      "elev_deg": 16.0,
      "azim_deg": 74.0,
      "los_enu": [
        0.924024,
        0.26496,
        0.275637
      ],
      "passed_health": true
    },
    "BDS_041": {
      "elev_deg": 16.0,
      "azim_deg": 320.0,
      "los_enu": [
        -0.617887,
        0.736369,
        0.275637
      ],
      "passed_health": true
    },
    "BDS_042": {
      "elev_deg": 42.0,
      "azim_deg": 187.0,
      "los_enu": [
        -0.090567,
        -0.737606,
        0.669131
      ],
      "passed_health": false
    },
    "GPS_003": {
      "elev_deg": 9.167,
      "azim_deg": 193.167,
      "los_enu": [
        -0.224875,
        -0.961276,
        0.159307
      ],
      "passed_health": false
    },
    "GPS_004": {
      "elev_deg": 76.2,
      "azim_deg": 155.8,
      "los_enu": [
        0.09778,
        -0.217571,
        0.971134
      ],
      "passed_health": true
    },
    "GPS_007": {
      "elev_deg": 39.7,
      "azim_deg": 305.7,
      "los_enu": [
        -0.624817,
        0.448976,
        0.638768
      ],
      "passed_health": false
    },
    "GPS_008": {
      "elev_deg": 44.667,
      "azim_deg": 147.333,
      "los_enu": [
        0.383875,
        -0.598713,
        0.702981
      ],
      "passed_health": false
    },
    "GPS_009": {
      "elev_deg": 64.633,
      "azim_deg": 305.733,
      "los_enu": [
        -0.347759,
        0.250197,
        0.903585
      ],
      "passed_health": true
    },
    "GPS_016": {
      "elev_deg": 37.6,
      "azim_deg": 43.0,
      "los_enu": [
        0.54034,
        0.579444,
        0.610145
      ],
      "passed_health": false
    },
    "GPS_021": {
      "elev_deg": 2.0,
      "azim_deg": 324.767,
      "los_enu": [
        -0.576556,
        0.816312,
        0.034899
      ],
      "passed_health": false
    },
    "GPS_026": {
      "elev_deg": 10.933,
      "azim_deg": 52.0,
      "los_enu": [
        0.773707,
        0.604486,
        0.189667
      ],
      "passed_health": false
    },
    "GPS_027": {
      "elev_deg": 46.0,
      "azim_deg": 93.933,
      "los_enu": [
        0.693022,
        -0.047651,
        0.71934
      ],
      "passed_health": true
    },
    "GPS_030": {
      "elev_deg": 4.0,
      "azim_deg": 286.0,
      "los_enu": [
        -0.95892,
        0.274966,
        0.069756
      ],
      "passed_health": true
    },
    "GPS_031": {
      "elev_deg": 3.0,
      "azim_deg": 91.0,
      "los_enu": [
        0.998477,
        -0.017428,
        0.052336
      ],
      "passed_health": false
    }
  }
}