{
  "label": "s4.3_W0_d29_h69_ch53.75_cw14.5_a0",
  "capture_start_utc": "2026-07-24T02:51:15.944233+00:00",
  "rtcm_file": "s4.3_W0_d29_h69_ch53.75_cw14.5_a0-260724-025115Z.rtcm",
  "rate_hz": 10,
  "duration_sec": 30,
  "ref_sat": "GPS_004",
  "satellites": {
    "BDS_014": {
      "elev_deg": 23.467,
      "azim_deg": 171.0,
      "los_enu": [
        0.143496,
        -0.905999,
        0.398215
      ],
      "passed_health": false
    },
    "BDS_021": {
      "elev_deg": 3.0,
      "azim_deg": 160.0,
      "los_enu": [
        0.341551,
        -0.938405,
        0.052336
      ],
      "passed_health": false
    },
    "BDS_024": {
      "elev_deg": 67.0,
      "azim_deg": 326.667,
      "los_enu": [
        -0.21471,
        0.326451,
        0.920505
      ],
      "passed_health": true
    },
    "BDS_025": {
      "elev_deg": 21.0,
      "azim_deg": 263.3,
      "los_enu": [
        -0.927205,
        -0.108922,
        0.358368
      ],
      "passed_health": true
    },
    "BDS_026": {
      "elev_deg": 40.0,
      "azim_deg": 48.267,
      "los_enu": [
        0.571661,
        0.509929,
        0.642788
      ],
      "passed_health": true
    },
    "BDS_031": {
      "elev_deg": 18.1,
      "azim_deg": 125.9,
      "los_enu": [
        0.769957,
        -0.557356,
        0.310676
      ],
      "passed_health": true
    },
    "BDS_033": {
      "elev_deg": 55.0,
      "azim_deg": 282.967,
      "los_enu": [
        -0.558951,
        0.128701,
        0.819152
      ],
      "passed_health": true
    },
    "BDS_034": {
      "elev_deg": 2.0,
      "azim_deg": 171.0,
      "los_enu": [
        0.156339,
        -0.987087,
        0.034899
      ],
      "passed_health": false
    },
    "BDS_035": {
      "elev_deg": 16.0,
      "azim_deg": 76.0,
      "los_enu": [
        0.932708,
        0.23255,
        0.275637
      ],
      "passed_health": true
    },
    "BDS_041": {
      "elev_deg": 15.0,
      "azim_deg": 321.0,
      "los_enu": [
        -0.607877,
        0.750665,
        0.258819
      ],
      "passed_health": false
    },
    "BDS_042": {
      "elev_deg": 44.0,
      "azim_deg": 187.0,
      "los_enu": [
        -0.087665,
        -0.713978,
        0.694658
      ],
      "passed_health": false
    },
    "GPS_003": {
      "elev_deg": 10.0,
      "azim_deg": 194.0,
      "los_enu": [
        -0.238247,
        -0.955555,
        0.173648
      ],
      "passed_health": false
    },
    "GPS_004": {
      "elev_deg": 78.0,
      "azim_deg": 153.0,
      "los_enu": [
        0.09439,
        -0.185251,
        0.978148
      ],
      "passed_health": true
    },
    "GPS_007": {
      "elev_deg": 39.0,
      "azim_deg": 304.0,
      "los_enu": [
        -0.644283,
        0.434575,
        0.62932
      ],
      "passed_health": false
    },
    "GPS_008": {
      "elev_deg": 43.0,
      "azim_deg": 149.0,
      "los_enu": [
        0.376675,
        -0.626892,
        0.681998
      ],
      "passed_health": false
    },
    "GPS_009": {
      "elev_deg": 63.0,
      "azim_deg": 308.0,
      "los_enu": [
        -0.357749,
        0.279504,
        0.891007
      ],
      "passed_health": true
    },
    "GPS_016": {
      "elev_deg": 39.0,
      "azim_deg": 43.0,
      "los_enu": [
        0.530012,
        0.568369,
        0.62932
      ],
      "passed_health": false
    },
    "GPS_021": {
      "elev_deg": 1.0,
      "azim_deg": 326.0,
      "los_enu": [
        -0.559108,
        0.828911,
        0.017452
      ],
      "passed_health": false
    },
    "GPS_026": {
      "elev_deg": 12.0,
      "azim_deg": 51.0,
      "los_enu": [
        0.760163,
        0.615568,
        0.207912
      ],
      "passed_health": false
    },
    "GPS_027": {
      "elev_deg": 46.0,
      "azim_deg": 96.0,
      "los_enu": [
        0.690853,
        -0.072612,
        0.71934
      ],
      "passed_health": true
    },
    "GPS_030": {
      "elev_deg": 4.0,
      "azim_deg": 285.0,
      "los_enu": [
        -0.963573,
        0.258189,
        0.069756
      ],
      "passed_health": false
    },
    "GPS_031": {
      "elev_deg": 4.0,
      "azim_deg": 90.0,
      "los_enu": [
        0.997564,
        0.0,
        0.069756
      ],
      "passed_health": false
    }
  }
}