{
  "label": "s4.3_W0_d29_h69_ch53.75_cw14.5_a0",
  "capture_start_utc": "2026-07-24T02:44:40.412801+00:00",
  "rtcm_file": "s4.3_W0_d29_h69_ch53.75_cw14.5_a0-260724-024440Z.rtcm",
  "rate_hz": 10,
  "duration_sec": 30,
  "ref_sat": "GPS_004",
  "satellites": {
    "BDS_014": {
      "elev_deg": 26.0,
      "azim_deg": 171.0,
      "los_enu": [
        0.140602,
        -0.887728,
        0.438371
      ],
      "passed_health": false
    },
    "BDS_021": {
      "elev_deg": 6.0,
      "azim_deg": 160.0,
      "los_enu": [
        0.340147,
        -0.934545,
        0.104528
      ],
      "passed_health": false
    },
    "BDS_024": {
      "elev_deg": 67.0,
      "azim_deg": 319.0,
      "los_enu": [
        -0.256343,
        0.294889,
        0.920505
      ],
      "passed_health": true
    },
    "BDS_025": {
      "elev_deg": 19.0,
      "azim_deg": 261.0,
      "los_enu": [
        -0.933878,
        -0.147912,
        0.325568
      ],
      "passed_health": true
    },
    "BDS_026": {
      "elev_deg": 42.0,
      "azim_deg": 46.0,
      "los_enu": [
        0.534574,
        0.516232,
        0.669131
      ],
      "passed_health": true
    },
    "BDS_031": {
      "elev_deg": 16.0,
      "azim_deg": 127.0,
      "los_enu": [
        0.767698,
        -0.578502,
        0.275637
      ],
      "passed_health": false
    },
    "BDS_033": {
      "elev_deg": 54.0,
      "azim_deg": 288.0,
      "los_enu": [
        -0.559017,
        0.181636,
        0.809017
      ],
      "passed_health": true
    },
    "BDS_034": {
      "elev_deg": 0.0,
      "azim_deg": 172.0,
      "los_enu": [
        0.139173,
        -0.990268,
        0.0
      ],
      "passed_health": false
    },
    "BDS_035": {
      "elev_deg": 15.0,
      "azim_deg": 78.0,
      "los_enu": [
        0.944818,
        0.200827,
        0.258819
      ],
      "passed_health": true
    },
    "BDS_041": {
      "elev_deg": 13.0,
      "azim_deg": 322.0,
      "los_enu": [
        -0.599882,
        0.767814,
        0.224951
      ],
      "passed_health": false
    },
    "BDS_042": {
      "elev_deg": 47.0,
      "azim_deg": 187.0,
      "los_enu": [
        -0.083115,
        -0.676915,
        0.731354
      ],
      "passed_health": true
    },
    "GPS_003": {
      "elev_deg": 13.0,
      "azim_deg": 195.0,
      "los_enu": [
        -0.252186,
        -0.941169,
        0.224951
      ],
      "passed_health": false
    },
    "GPS_004": {
      "elev_deg": 81.0,
      "azim_deg": 150.0,
      "los_enu": [
        0.078217,
        -0.135476,
        0.987688
      ],
      "passed_health": true
    },
    "GPS_008": {
      "elev_deg": 40.0,
      "azim_deg": 151.0,
      "los_enu": [
        0.371386,
        -0.669998,
        0.642788
      ],
      "passed_health": false
    },
    "GPS_009": {
      "elev_deg": 61.0,
      "azim_deg": 311.0,
      "los_enu": [
        -0.36589,
        0.318064,
        0.87462
      ],
      "passed_health": true
    },
    "GPS_016": {
      "elev_deg": 41.0,
      "azim_deg": 42.0,
      "los_enu": [
        0.504999,
        0.560859,
        0.656059
      ],
      "passed_health": false
    },
    "GPS_021": {
      "elev_deg": 0.0,
      "azim_deg": 327.0,
      "los_enu": [
        -0.544639,
        0.838671,
        0.0
      ],
      "passed_health": false
    },
    "GPS_026": {
      "elev_deg": 14.0,
      "azim_deg": 50.0,
      "los_enu": [
        0.74329,
        0.623694,
        0.241922
      ],
      "passed_health": false
    },
    "GPS_027": {
      "elev_deg": 45.0,
      "azim_deg": 100.0,
      "los_enu": [
        0.696364,
        -0.122788,
        0.707107
      ],
      "passed_health": true
    },
    "GPS_031": {
      "elev_deg": 5.0,
      "azim_deg": 88.0,
      "los_enu": [
        0.995588,
        0.034767,
        0.087156
      ],
      "passed_health": true
    }
  }
}