{
  "label": "s4.3.3_W0_d33_h69_ch53.75_cw14.5_a90",
  "capture_start_utc": "2026-07-24T03:10:37.177688+00:00",
  "rtcm_file": "s4.3.3_W0_d33_h69_ch53.75_cw14.5_a90-260724-031037Z.rtcm",
  "rate_hz": 10,
  "duration_sec": 30,
  "ref_sat": "GPS_009",
  "satellites": {
    "BDS_014": {
      "elev_deg": 16.0,
      "azim_deg": 171.0,
      "los_enu": [
        0.150374,
        -0.949427,
        0.275637
      ],
      "passed_health": false
    },
    "BDS_024": {
      "elev_deg": 66.0,
      "azim_deg": 347.0,
      "los_enu": [
        -0.091496,
        0.396312,
        0.913545
      ],
      "passed_health": true
    },
    "BDS_025": {
      "elev_deg": 26.0,
      "azim_deg": 271.0,
      "los_enu": [
        -0.898657,
        0.015686,
        0.438371
      ],
      "passed_health": true
    },
    "BDS_026": {
      "elev_deg": 35.0,
      "azim_deg": 55.0,
      "los_enu": [
        0.67101,
        0.469846,
        0.573576
      ],
      "passed_health": true
    },
    "BDS_031": {
      "elev_deg": 23.0,
      "azim_deg": 119.0,
      "los_enu": [
        0.805092,
        -0.44627,
        0.390731
      ],
      "passed_health": true
    },
    "BDS_033": {
      "elev_deg": 55.0,
      "azim_deg": 267.0,
      "los_enu": [
        -0.57279,
        -0.030019,
        0.819152
      ],
      "passed_health": true
    },
    "BDS_034": {
      "elev_deg": 7.0,
      "azim_deg": 166.0,
      "los_enu": [
        0.240119,
        -0.963063,
        0.121869
      ],
      "passed_health": false
    },
    "BDS_035": {
      "elev_deg": 17.0,
      "azim_deg": 68.0,
      "los_enu": [
        0.88667,
        0.358238,
        0.292372
      ],
      "passed_health": true
    },
    "BDS_041": {
      "elev_deg": 21.0,
      "azim_deg": 317.0,
      "los_enu": [
        -0.6367,
        0.682778,
        0.358368
      ],
      "passed_health": true
    },
    "BDS_042": {
      "elev_deg": 35.0,
      "azim_deg": 186.0,
      "los_enu": [
        -0.085625,
        -0.814665,
        0.573576
      ],
      "passed_health": false
    },
    "GPS_003": {
      "elev_deg": 3.0,
      "azim_deg": 190.0,
      "los_enu": [
        -0.17341,
        -0.983458,
        0.052336
      ],
      "passed_health": false
    },
    "GPS_004": {
      "elev_deg": 67.0,
      "azim_deg": 160.0,
      "los_enu": [
        0.133638,
        -0.367167,
        0.920505
      ],
      "passed_health": true
    },
    "GPS_007": {
      "elev_deg": 44.0,
      "azim_deg": 312.0,
      "los_enu": [
        -0.534574,
        0.481332,
        0.694658
      ],
      "passed_health": false
    },
    "GPS_008": {
      "elev_deg": 51.0,
      "azim_deg": 139.0,
      "los_enu": [
        0.412871,
        -0.474954,
        0.777146
      ],
      "passed_health": true
    },
    "GPS_009": {
      "elev_deg": 71.0,
      "azim_deg": 291.0,
      "los_enu": [
        -0.303944,
        0.116673,
        0.945519
      ],
      "passed_health": true
    },
    "GPS_014": {
      "elev_deg": 3.0,
      "azim_deg": 236.0,
      "los_enu": [
        -0.827901,
        -0.558427,
        0.052336
      ],
      "passed_health": false
    },
    "GPS_016": {
      "elev_deg": 30.2,
      "azim_deg": 44.0,
      "los_enu": [
        0.600376,
        0.621707,
        0.50302
      ],
      "passed_health": false
    },
    "GPS_021": {
      "elev_deg": 5.0,
      "azim_deg": 319.367,
      "los_enu": [
        -0.648738,
        0.756005,
        0.087156
      ],
      "passed_health": false
    },
    "GPS_026": {
      "elev_deg": 5.533,
      "azim_deg": 54.467,
      "los_enu": [
        0.809986,
        0.578468,
        0.096425
      ],
      "passed_health": false
    },
    "GPS_027": {
      "elev_deg": 46.0,
      "azim_deg": 82.133,
      "los_enu": [
        0.688121,
        0.095077,
        0.71934
      ],
      "passed_health": true
    },
    "GPS_030": {
      "elev_deg": 9.0,
      "azim_deg": 291.0,
      "los_enu": [
        -0.922087,
        0.353956,
        0.156434
      ],
      "passed_health": true
    }
  }
}