{
  "label": "s4.3.6_W0_d33_h69_ch53.75_cw14.5_a90",
  "capture_start_utc": "2026-07-24T03:50:23.042007+00:00",
  "rtcm_file": "s4.3.6_W0_d33_h69_ch53.75_cw14.5_a90-260724-035023Z.rtcm",
  "rate_hz": 10,
  "duration_sec": 30,
  "ref_sat": "GPS_009",
  "satellites": {
    "BDS_014": {
      "elev_deg": 1.033,
      "azim_deg": 168.033,
      "los_enu": [
        0.207309,
        -0.978109,
        0.018034
      ],
      "passed_health": false
    },
    "BDS_024": {
      "elev_deg": 61.0,
      "azim_deg": 21.767,
      "los_enu": [
        0.179781,
        0.450244,
        0.87462
      ],
      "passed_health": true
    },
    "BDS_025": {
      "elev_deg": 35.0,
      "azim_deg": 287.0,
      "los_enu": [
        -0.783359,
        0.239497,
        0.573576
      ],
      "passed_health": true
    },
    "BDS_026": {
      "elev_deg": 24.0,
      "azim_deg": 68.0,
      "los_enu": [
        0.847025,
        0.34222,
        0.406737
      ],
      "passed_health": true
    },
    "BDS_031": {
      "elev_deg": 32.533,
      "azim_deg": 102.467,
      "los_enu": [
        0.8232,
        -0.181997,
        0.53779
      ],
      "passed_health": false
    },
    "BDS_033": {
      "elev_deg": 47.0,
      "azim_deg": 240.533,
      "los_enu": [
        -0.593776,
        -0.335487,
        0.731354
      ],
      "passed_health": true
    },
    "BDS_034": {
      "elev_deg": 20.433,
      "azim_deg": 157.567,
      "los_enu": [
        0.357597,
        -0.866165,
        0.349117
      ],
      "passed_health": false
    },
    "BDS_035": {
      "elev_deg": 15.0,
      "azim_deg": 52.6,
      "los_enu": [
        0.767346,
        0.58668,
        0.258819
      ],
      "passed_health": true
    },
    "BDS_041": {
      "elev_deg": 30.0,
      "azim_deg": 303.8,
      "los_enu": [
        -0.719654,
        0.481766,
        0.5
      ],
      "passed_health": true
    },
    "BDS_042": {
      "elev_deg": 18.833,
      "azim_deg": 183.0,
      "los_enu": [
        -0.049534,
        -0.945165,
        0.322816
      ],
      "passed_health": false
    },
    "GPS_002": {
      "elev_deg": 6.0,
      "azim_deg": 136.0,
      "los_enu": [
        0.690853,
        -0.715399,
        0.104528
      ],
      "passed_health": false
    },
    "GPS_004": {
      "elev_deg": 47.0,
      "azim_deg": 166.0,
      "los_enu": [
        0.16499,
        -0.66174,
        0.731354
      ],
      "passed_health": false
    },
    "GPS_007": {
      "elev_deg": 56.0,
      "azim_deg": 330.0,
      "los_enu": [
        -0.279596,
        0.484275,
        0.829038
      ],
      "passed_health": false
    },
    "GPS_008": {
      "elev_deg": 62.0,
      "azim_deg": 108.0,
      "los_enu": [
        0.446494,
        -0.145075,
        0.882948
      ],
      "passed_health": true
    },
    "GPS_009": {
      "elev_deg": 70.0,
      "azim_deg": 228.0,
      "los_enu": [
        -0.25417,
        -0.228856,
        0.939693
      ],
      "passed_health": true
    },
    "GPS_014": {
      "elev_deg": 15.0,
      "azim_deg": 247.0,
      "los_enu": [
        -0.889139,
        -0.377417,
        0.258819
      ],
      "passed_health": false
    },
    "GPS_016": {
      "elev_deg": 15.0,
      "azim_deg": 50.0,
      "los_enu": [
        0.739942,
        0.620885,
        0.258819
      ],
      "passed_health": false
    },
    "GPS_021": {
      "elev_deg": 8.0,
      "azim_deg": 304.0,
      "los_enu": [
        -0.820969,
        0.553751,
        0.139173
      ],
      "passed_health": false
    },
    "GPS_027": {
      "elev_deg": 39.0,
      "azim_deg": 58.0,
      "los_enu": [
        0.659057,
        0.411825,
        0.62932
      ],
      "passed_health": true
    },
    "GPS_030": {
      "elev_deg": 21.0,
      "azim_deg": 302.0,
      "los_enu": [
        -0.791721,
        0.494722,
        0.358368
      ],
      "passed_health": true
    }
  }
}