{
  "label": "s4.3.6_W0_d33_h69_ch53.75_cw14.5_a90",
  "capture_start_utc": "2026-07-24T03:45:45.845385+00:00",
  "rtcm_file": "s4.3.6_W0_d33_h69_ch53.75_cw14.5_a90-260724-034545Z.rtcm",
  "rate_hz": 10,
  "duration_sec": 30,
  "ref_sat": "GPS_009",
  "satellites": {
    "BDS_014": {
      "elev_deg": 2.2,
      "azim_deg": 169.0,
      "los_enu": [
        0.190668,
        -0.980904,
        0.038388
      ],
      "passed_health": false
    },
    "BDS_024": {
      "elev_deg": 61.4,
      "azim_deg": 17.6,
      "los_enu": [
        0.144742,
        0.456285,
        0.877983
      ],
      "passed_health": true
    },
    "BDS_025": {
      "elev_deg": 34.0,
      "azim_deg": 284.567,
      "los_enu": [
        -0.802389,
        0.208508,
        0.559193
      ],
      "passed_health": true
    },
    "BDS_026": {
      "elev_deg": 25.467,
      "azim_deg": 66.533,
      "los_enu": [
        0.828164,
        0.359523,
        0.429986
      ],
      "passed_health": true
    },
    "BDS_031": {
      "elev_deg": 32.0,
      "azim_deg": 104.633,
      "los_enu": [
        0.820539,
        -0.214244,
        0.529919
      ],
      "passed_health": true
    },
    "BDS_033": {
      "elev_deg": 48.7,
      "azim_deg": 243.4,
      "los_enu": [
        -0.590143,
        -0.295521,
        0.751264
      ],
      "passed_health": true
    },
    "BDS_034": {
      "elev_deg": 18.267,
      "azim_deg": 158.733,
      "los_enu": [
        0.344431,
        -0.884942,
        0.31344
      ],
      "passed_health": false
    },
    "BDS_035": {
      "elev_deg": 15.767,
      "azim_deg": 54.767,
      "los_enu": [
        0.786078,
        0.555202,
        0.27172
      ],
      "passed_health": true
    },
    "BDS_041": {
      "elev_deg": 29.0,
      "azim_deg": 305.967,
      "los_enu": [
        -0.707881,
        0.513677,
        0.48481
      ],
      "passed_health": true
    },
    "BDS_042": {
      "elev_deg": 21.0,
      "azim_deg": 183.0,
      "los_enu": [
        -0.04886,
        -0.932301,
        0.358368
      ],
      "passed_health": false
    },
    "GPS_002": {
      "elev_deg": 5.0,
      "azim_deg": 137.0,
      "los_enu": [
        0.679403,
        -0.728571,
        0.087156
      ],
      "passed_health": false
    },
    "GPS_004": {
      "elev_deg": 50.0,
      "azim_deg": 165.0,
      "los_enu": [
        0.166366,
        -0.620885,
        0.766044
      ],
      "passed_health": false
    },
    "GPS_007": {
      "elev_deg": 54.0,
      "azim_deg": 328.0,
      "los_enu": [
        -0.311479,
        0.49847,
        0.809017
      ],
      "passed_health": false
    },
    "GPS_008": {
      "elev_deg": 61.0,
      "azim_deg": 113.0,
      "los_enu": [
        0.44627,
        -0.18943,
        0.87462
      ],
      "passed_health": true
    },
    "GPS_009": {
      "elev_deg": 71.0,
      "azim_deg": 235.0,
      "los_enu": [
        -0.26669,
        -0.186738,
        0.945519
      ],
      "passed_health": true
    },
    "GPS_014": {
      "elev_deg": 14.0,
      "azim_deg": 246.0,
      "los_enu": [
        -0.886409,
        -0.394655,
        0.241922
      ],
      "passed_health": false
    },
    "GPS_016": {
      "elev_deg": 17.0,
      "azim_deg": 49.0,
      "los_enu": [
        0.721732,
        0.627392,
        0.292372
      ],
      "passed_health": false
    },
    "GPS_021": {
      "elev_deg": 8.0,
      "azim_deg": 306.0,
      "los_enu": [
        -0.801144,
        0.582065,
        0.139173
      ],
      "passed_health": true
    },
    "GPS_027": {
      "elev_deg": 40.0,
      "azim_deg": 60.0,
      "los_enu": [
        0.663414,
        0.383022,
        0.642788
      ],
      "passed_health": true
    },
    "GPS_030": {
      "elev_deg": 19.0,
      "azim_deg": 301.0,
      "los_enu": [
        -0.810468,
        0.486978,
        0.325568
      ],
      "passed_health": true
    }
  }
}