{
  "label": "s4.3.4_W0_d33_h69_ch53.75_cw14.5_a90",
  "capture_start_utc": "2026-07-24T03:26:35.470750+00:00",
  "rtcm_file": "s4.3.4_W0_d33_h69_ch53.75_cw14.5_a90-260724-032635Z.rtcm",
  "rate_hz": 10,
  "duration_sec": 30,
  "ref_sat": "GPS_009",
  "satellites": {
    "BDS_014": {
      "elev_deg": 10.0,
      "azim_deg": 170.0,
      "los_enu": [
        0.17101,
        -0.969846,
        0.173648
      ],
      "passed_health": false
    },
    "BDS_024": {
      "elev_deg": 64.0,
      "azim_deg": 2.0,
      "los_enu": [
        0.015299,
        0.438104,
        0.898794
      ],
      "passed_health": true
    },
    "BDS_025": {
      "elev_deg": 30.0,
      "azim_deg": 277.0,
      "los_enu": [
        -0.85957,
        0.105542,
        0.5
      ],
      "passed_health": true
    },
    "BDS_026": {
      "elev_deg": 30.0,
      "azim_deg": 60.0,
      "los_enu": [
        0.75,
        0.433013,
        0.5
      ],
      "passed_health": true
    },
    "BDS_031": {
      "elev_deg": 28.0,
      "azim_deg": 113.0,
      "los_enu": [
        0.812758,
        -0.344995,
        0.469472
      ],
      "passed_health": true
    },
    "BDS_033": {
      "elev_deg": 53.0,
      "azim_deg": 255.0,
      "los_enu": [
        -0.581309,
        -0.155761,
        0.798636
      ],
      "passed_health": true
    },
    "BDS_034": {
      "elev_deg": 12.0,
      "azim_deg": 163.0,
      "los_enu": [
        0.285983,
        -0.935407,
        0.207912
      ],
      "passed_health": false
    },
    "BDS_035": {
      "elev_deg": 17.0,
      "azim_deg": 62.0,
      "los_enu": [
        0.844367,
        0.448958,
        0.292372
      ],
      "passed_health": true
    },
    "BDS_041": {
      "elev_deg": 25.0,
      "azim_deg": 312.0,
      "los_enu": [
        -0.673518,
        0.606438,
        0.422618
      ],
      "passed_health": true
    },
    "BDS_042": {
      "elev_deg": 28.0,
      "azim_deg": 185.0,
      "los_enu": [
        -0.076954,
        -0.879588,
        0.469472
      ],
      "passed_health": false
    },
    "GPS_002": {
      "elev_deg": 0.0,
      "azim_deg": 144.0,
      "los_enu": [
        0.587785,
        -0.809017,
        0.0
      ],
      "passed_health": false
    },
    "GPS_004": {
      "elev_deg": 59.0,
      "azim_deg": 163.0,
      "los_enu": [
        0.150583,
        -0.492533,
        0.857167
      ],
      "passed_health": true
    },
    "GPS_007": {
      "elev_deg": 49.0,
      "azim_deg": 319.0,
      "los_enu": [
        -0.430413,
        0.495134,
        0.75471
      ],
      "passed_health": false
    },
    "GPS_008": {
      "elev_deg": 57.0,
      "azim_deg": 129.0,
      "los_enu": [
        0.423264,
        -0.342752,
        0.838671
      ],
      "passed_health": true
    },
    "GPS_009": {
      "elev_deg": 73.0,
      "azim_deg": 266.0,
      "los_enu": [
        -0.29166,
        -0.020395,
        0.956305
      ],
      "passed_health": true
    },
    "GPS_014": {
      "elev_deg": 8.0,
      "azim_deg": 241.0,
      "los_enu": [
        -0.866108,
        -0.480091,
        0.139173
      ],
      "passed_health": false
    },
    "GPS_016": {
      "elev_deg": 24.0,
      "azim_deg": 46.0,
      "los_enu": [
        0.65715,
        0.634602,
        0.406737
      ],
      "passed_health": false
    },
    "GPS_021": {
      "elev_deg": 7.0,
      "azim_deg": 313.133,
      "los_enu": [
        -0.724325,
        0.678602,
        0.121869
      ],
      "passed_health": false
    },
    "GPS_026": {
      "elev_deg": 0.3,
      "azim_deg": 58.0,
      "los_enu": [
        0.848036,
        0.529912,
        0.005236
      ],
      "passed_health": false
    },
    "GPS_027": {
      "elev_deg": 44.333,
      "azim_deg": 70.667,
      "los_enu": [
        0.67495,
        0.236805,
        0.698832
      ],
      "passed_health": true
    },
    "GPS_030": {
      "elev_deg": 13.567,
      "azim_deg": 295.567,
      "los_enu": [
        -0.876913,
        0.419519,
        0.234577
      ],
      "passed_health": true
    }
  }
}