{
  "label": "s4.3.6_W0_d33_h69_ch53.75_cw14.5_a90",
  "capture_start_utc": "2026-07-24T03:57:38.560582+00:00",
  "rtcm_file": "s4.3.6_W0_d33_h69_ch53.75_cw14.5_a90-260724-035738Z.rtcm",
  "rate_hz": 10,
  "duration_sec": 30,
  "ref_sat": "GPS_009",
  "satellites": {
    "BDS_024": {
      "elev_deg": 59.0,
      "azim_deg": 27.0,
      "los_enu": [
        0.233822,
        0.458902,
        0.857167
      ],
      "passed_health": true
    },
    "BDS_025": {
      "elev_deg": 37.0,
      "azim_deg": 290.0,
      "los_enu": [
        -0.750472,
        0.273149,
        0.601815
      ],
      "passed_health": true
    },
    "BDS_026": {
      "elev_deg": 22.0,
      "azim_deg": 70.0,
      "los_enu": [
        0.871268,
        0.317116,
        0.374607
      ],
      "passed_health": true
    },
    "BDS_031": {
      "elev_deg": 34.0,
      "azim_deg": 99.0,
      "los_enu": [
        0.818831,
        -0.12969,
        0.559193
      ],
      "passed_health": true
    },
    "BDS_033": {
      "elev_deg": 45.0,
      "azim_deg": 236.0,
      "los_enu": [
        -0.586218,
        -0.395409,
        0.707107
      ],
      "passed_health": false
    },
    "BDS_034": {
      "elev_deg": 23.0,
      "azim_deg": 156.0,
      "los_enu": [
        0.374403,
        -0.840923,
        0.390731
      ],
      "passed_health": false
    },
    "BDS_035": {
      "elev_deg": 14.0,
      "azim_deg": 50.0,
      "los_enu": [
        0.74329,
        0.623694,
        0.241922
      ],
      "passed_health": true
    },
    "BDS_041": {
      "elev_deg": 31.0,
      "azim_deg": 300.0,
      "los_enu": [
        -0.742329,
        0.428584,
        0.515038
      ],
      "passed_health": true
    },
    "BDS_042": {
      "elev_deg": 15.0,
      "azim_deg": 182.0,
      "los_enu": [
        -0.03371,
        -0.965337,
        0.258819
      ],
      "passed_health": false
    },
    "GPS_002": {
      "elev_deg": 8.1,
      "azim_deg": 133.9,
      "los_enu": [
        0.713363,
        -0.686484,
        0.140901
      ],
      "passed_health": false
    },
    "GPS_004": {
      "elev_deg": 43.967,
      "azim_deg": 166.033,
      "los_enu": [
        0.173715,
        -0.698466,
        0.69424
      ],
      "passed_health": false
    },
    "GPS_007": {
      "elev_deg": 58.0,
      "azim_deg": 333.0,
      "los_enu": [
        -0.240578,
        0.472162,
        0.848048
      ],
      "passed_health": false
    },
    "GPS_008": {
      "elev_deg": 63.0,
      "azim_deg": 101.0,
      "los_enu": [
        0.445649,
        -0.086625,
        0.891007
      ],
      "passed_health": true
    },
    "GPS_009": {
      "elev_deg": 68.0,
      "azim_deg": 221.0,
      "los_enu": [
        -0.245764,
        -0.282719,
        0.927184
      ],
      "passed_health": true
    },
    "GPS_014": {
      "elev_deg": 17.0,
      "azim_deg": 250.0,
      "los_enu": [
        -0.898633,
        -0.327075,
        0.292372
      ],
      "passed_health": false
    },
    "GPS_016": {
      "elev_deg": 13.0,
      "azim_deg": 52.0,
      "los_enu": [
        0.767814,
        0.599882,
        0.224951
      ],
      "passed_health": false
    },
    "GPS_021": {
      "elev_deg": 8.0,
      "azim_deg": 301.0,
      "los_enu": [
        -0.848825,
        0.510026,
        0.139173
      ],
      "passed_health": false
    },
    "GPS_022": {
      "elev_deg": 2.0,
      "azim_deg": 241.0,
      "los_enu": [
        -0.874087,
        -0.484514,
        0.034899
      ],
      "passed_health": false
    },
    "GPS_027": {
      "elev_deg": 37.0,
      "azim_deg": 55.0,
      "los_enu": [
        0.654204,
        0.458079,
        0.601815
      ],
      "passed_health": true
    },
    "GPS_030": {
      "elev_deg": 23.0,
      "azim_deg": 304.0,
      "los_enu": [
        -0.763133,
        0.51474,
        0.390731
      ],
      "passed_health": false
    }
  }
}