{
  "label": "s4.3_W0_d29_h69_ch53.75_cw14.5_a0",
  "capture_start_utc": "2026-07-24T02:46:39.194466+00:00",
  "rtcm_file": "s4.3_W0_d29_h69_ch53.75_cw14.5_a0-260724-024639Z.rtcm",
  "rate_hz": 10,
  "duration_sec": 30,
  "ref_sat": "GPS_004",
  "satellites": {
    "BDS_014": {
      "elev_deg": 25.0,
      "azim_deg": 171.0,
      "los_enu": [
        0.141778,
        -0.89515,
        0.422618
      ],
      "passed_health": false
    },
    "BDS_021": {
      "elev_deg": 4.0,
      "azim_deg": 160.0,
      "los_enu": [
        0.341187,
        -0.937404,
        0.069756
      ],
      "passed_health": false
    },
    "BDS_024": {
      "elev_deg": 67.0,
      "azim_deg": 321.0,
      "los_enu": [
        -0.245895,
        0.303655,
        0.920505
      ],
      "passed_health": true
    },
    "BDS_025": {
      "elev_deg": 20.0,
      "azim_deg": 262.0,
      "los_enu": [
        -0.930548,
        -0.13078,
        0.34202
      ],
      "passed_health": true
    },
    "BDS_026": {
      "elev_deg": 42.0,
      "azim_deg": 47.0,
      "los_enu": [
        0.543502,
        0.506824,
        0.669131
      ],
      "passed_health": true
    },
    "BDS_031": {
      "elev_deg": 17.0,
      "azim_deg": 127.0,
      "los_enu": [
        0.763739,
        -0.575519,
        0.292372
      ],
      "passed_health": true
    },
    "BDS_033": {
      "elev_deg": 54.0,
      "azim_deg": 286.0,
      "los_enu": [
        -0.565015,
        0.162016,
        0.809017
      ],
      "passed_health": true
    },
    "BDS_034": {
      "elev_deg": 1.0,
      "azim_deg": 172.0,
      "los_enu": [
        0.139152,
        -0.990117,
        0.017452
      ],
      "passed_health": false
    },
    "BDS_035": {
      "elev_deg": 15.0,
      "azim_deg": 78.0,
      "los_enu": [
        0.944818,
        0.200827,
        0.258819
      ],
      "passed_health": true
    },
    "BDS_041": {
      "elev_deg": 14.0,
      "azim_deg": 322.0,
      "los_enu": [
        -0.597374,
        0.764603,
        0.241922
      ],
      "passed_health": false
    },
    "BDS_042": {
      "elev_deg": 46.0,
      "azim_deg": 187.0,
      "los_enu": [
        -0.084658,
        -0.68948,
        0.71934
      ],
      "passed_health": false
    },
    "GPS_003": {
      "elev_deg": 12.0,
      "azim_deg": 195.0,
      "los_enu": [
        -0.253163,
        -0.944818,
        0.207912
      ],
      "passed_health": false
    },
    "GPS_004": {
      "elev_deg": 80.0,
      "azim_deg": 151.0,
      "los_enu": [
        0.084186,
        -0.151876,
        0.984808
      ],
      "passed_health": true
    },
    "GPS_007": {
      "elev_deg": 37.0,
      "azim_deg": 302.0,
      "los_enu": [
        -0.677281,
        0.423212,
        0.601815
      ],
      "passed_health": false
    },
    "GPS_008": {
      "elev_deg": 41.0,
      "azim_deg": 150.0,
      "los_enu": [
        0.377355,
        -0.653598,
        0.656059
      ],
      "passed_health": false
    },
    "GPS_009": {
      "elev_deg": 62.0,
      "azim_deg": 310.0,
      "los_enu": [
        -0.359636,
        0.301771,
        0.882948
      ],
      "passed_health": true
    },
    "GPS_016": {
      "elev_deg": 40.0,
      "azim_deg": 43.0,
      "los_enu": [
        0.522441,
        0.560249,
        0.642788
      ],
      "passed_health": false
    },
    "GPS_021": {
      "elev_deg": 0.0,
      "azim_deg": 327.0,
      "los_enu": [
        -0.544639,
        0.838671,
        0.0
      ],
      "passed_health": false
    },
    "GPS_026": {
      "elev_deg": 13.0,
      "azim_deg": 51.0,
      "los_enu": [
        0.757228,
        0.613191,
        0.224951
      ],
      "passed_health": false
    },
    "GPS_027": {
      "elev_deg": 45.0,
      "azim_deg": 99.0,
      "los_enu": [
        0.698401,
        -0.110616,
        0.707107
      ],
      "passed_health": true
    },
    "GPS_030": {
      "elev_deg": 3.0,
      "azim_deg": 284.0,
      "los_enu": [
        -0.968966,
        0.24159,
        0.052336
      ],
      "passed_health": false
    },
    "GPS_031": {
      "elev_deg": 5.0,
      "azim_deg": 89.0,
      "los_enu": [
        0.996043,
        0.017386,
        0.087156
      ],
      "passed_health": false
    }
  }
}