{
  "label": "s4.3.3_W0_d33_h69_ch53.75_cw14.5_a90",
  "capture_start_utc": "2026-07-24T03:01:23.612757+00:00",
  "rtcm_file": "s4.3.3_W0_d33_h69_ch53.75_cw14.5_a90-260724-030123Z.rtcm",
  "rate_hz": 10,
  "duration_sec": 30,
  "ref_sat": "GPS_004",
  "satellites": {
    "BDS_014": {
      "elev_deg": 19.0,
      "azim_deg": 171.0,
      "los_enu": [
        0.147912,
        -0.933878,
        0.325568
      ],
      "passed_health": false
    },
    "BDS_024": {
      "elev_deg": 67.0,
      "azim_deg": 338.0,
      "los_enu": [
        -0.14637,
        0.36228,
        0.920505
      ],
      "passed_health": true
    },
    "BDS_025": {
      "elev_deg": 24.0,
      "azim_deg": 268.0,
      "los_enu": [
        -0.912989,
        -0.031882,
        0.406737
      ],
      "passed_health": true
    },
    "BDS_026": {
      "elev_deg": 37.0,
      "azim_deg": 52.0,
      "los_enu": [
        0.629333,
        0.491689,
        0.601815
      ],
      "passed_health": true
    },
    "BDS_031": {
      "elev_deg": 21.0,
      "azim_deg": 122.0,
      "los_enu": [
        0.791721,
        -0.494722,
        0.358368
      ],
      "passed_health": true
    },
    "BDS_033": {
      "elev_deg": 55.0,
      "azim_deg": 274.267,
      "los_enu": [
        -0.571987,
        0.042673,
        0.819152
      ],
      "passed_health": true
    },
    "BDS_034": {
      "elev_deg": 5.0,
      "azim_deg": 168.0,
      "los_enu": [
        0.207121,
        -0.974425,
        0.087156
      ],
      "passed_health": false
    },
    "BDS_035": {
      "elev_deg": 16.0,
      "azim_deg": 72.0,
      "los_enu": [
        0.914214,
        0.297046,
        0.275637
      ],
      "passed_health": true
    },
    "BDS_041": {
      "elev_deg": 18.0,
      "azim_deg": 319.0,
      "los_enu": [
        -0.623949,
        0.717771,
        0.309017
      ],
      "passed_health": true
    },
    "BDS_042": {
      "elev_deg": 39.0,
      "azim_deg": 186.0,
      "los_enu": [
        -0.081234,
        -0.772889,
        0.62932
      ],
      "passed_health": false
    },
    "GPS_003": {
      "elev_deg": 6.067,
      "azim_deg": 192.0,
      "los_enu": [
        -0.206747,
        -0.97267,
        0.105686
      ],
      "passed_health": false
    },
    "GPS_004": {
      "elev_deg": 72.1,
      "azim_deg": 157.9,
      "los_enu": [
        0.115635,
        -0.284775,
        0.951594
      ],
      "passed_health": true
    },
    "GPS_007": {
      "elev_deg": 41.8,
      "azim_deg": 308.8,
      "los_enu": [
        -0.580978,
        0.467118,
        0.666532
      ],
      "passed_health": false
    },
    "GPS_008": {
      "elev_deg": 47.767,
      "azim_deg": 144.233,
      "los_enu": [
        0.392863,
        -0.545386,
        0.740414
      ],
      "passed_health": true
    },
    "GPS_009": {
      "elev_deg": 67.733,
      "azim_deg": 300.533,
      "los_enu": [
        -0.326375,
        0.192505,
        0.92543
      ],
      "passed_health": true
    },
    "GPS_014": {
      "elev_deg": 0.0,
      "azim_deg": 234.0,
      "los_enu": [
        -0.809017,
        -0.587785,
        0.0
      ],
      "passed_health": false
    },
    "GPS_016": {
      "elev_deg": 34.5,
      "azim_deg": 43.0,
      "los_enu": [
        0.562053,
        0.602728,
        0.566406
      ],
      "passed_health": false
    },
    "GPS_021": {
      "elev_deg": 3.333,
      "azim_deg": 322.667,
      "los_enu": [
        -0.605425,
        0.793776,
        0.058145
      ],
      "passed_health": false
    },
    "GPS_026": {
      "elev_deg": 8.833,
      "azim_deg": 53.0,
      "los_enu": [
        0.789163,
        0.594677,
        0.153561
      ],
      "passed_health": false
    },
    "GPS_027": {
      "elev_deg": 46.0,
      "azim_deg": 88.733,
      "los_enu": [
        0.694489,
        0.015355,
        0.71934
      ],
      "passed_health": true
    },
    "GPS_030": {
      "elev_deg": 6.033,
      "azim_deg": 288.033,
      "los_enu": [
        -0.94561,
        0.307855,
        0.105107
      ],
      "passed_health": false
    },
    "GPS_031": {
      "elev_deg": 1.0,
      "azim_deg": 93.0,
      "los_enu": [
        0.998477,
        -0.052328,
        0.017452
      ],
      "passed_health": false
    }
  }
}