{
  "label": "s4.3.4_W0_d33_h69_ch53.75_cw14.5_a90",
  "capture_start_utc": "2026-07-24T03:18:41.467262+00:00",
  "rtcm_file": "s4.3.4_W0_d33_h69_ch53.75_cw14.5_a90-260724-031841Z.rtcm",
  "rate_hz": 10,
  "duration_sec": 30,
  "ref_sat": "GPS_009",
  "satellites": {
    "BDS_014": {
      "elev_deg": 12.0,
      "azim_deg": 170.0,
      "los_enu": [
        0.169854,
        -0.963287,
        0.207912
      ],
      "passed_health": false
    },
    "BDS_024": {
      "elev_deg": 65.0,
      "azim_deg": 354.733,
      "los_enu": [
        -0.038792,
        0.420834,
        0.906308
      ],
      "passed_health": true
    },
    "BDS_025": {
      "elev_deg": 27.833,
      "azim_deg": 274.0,
      "los_enu": [
        -0.882155,
        0.061686,
        0.466901
      ],
      "passed_health": true
    },
    "BDS_026": {
      "elev_deg": 32.2,
      "azim_deg": 57.8,
      "los_enu": [
        0.716043,
        0.450916,
        0.532876
      ],
      "passed_health": true
    },
    "BDS_031": {
      "elev_deg": 25.633,
      "azim_deg": 115.367,
      "los_enu": [
        0.814655,
        -0.386246,
        0.43261
      ],
      "passed_health": true
    },
    "BDS_033": {
      "elev_deg": 54.0,
      "azim_deg": 260.433,
      "los_enu": [
        -0.579611,
        -0.097687,
        0.809017
      ],
      "passed_health": true
    },
    "BDS_034": {
      "elev_deg": 9.533,
      "azim_deg": 164.467,
      "los_enu": [
        0.264101,
        -0.950169,
        0.165621
      ],
      "passed_health": false
    },
    "BDS_035": {
      "elev_deg": 17.0,
      "azim_deg": 64.5,
      "los_enu": [
        0.863147,
        0.4117,
        0.292372
      ],
      "passed_health": true
    },
    "BDS_041": {
      "elev_deg": 23.0,
      "azim_deg": 314.7,
      "los_enu": [
        -0.654294,
        0.647478,
        0.390731
      ],
      "passed_health": true
    },
    "BDS_042": {
      "elev_deg": 31.733,
      "azim_deg": 185.0,
      "los_enu": [
        -0.074126,
        -0.847269,
        0.525967
      ],
      "passed_health": false
    },
    "GPS_003": {
      "elev_deg": 1.0,
      "azim_deg": 188.0,
      "los_enu": [
        -0.139152,
        -0.990117,
        0.017452
      ],
      "passed_health": false
    },
    "GPS_004": {
      "elev_deg": 64.0,
      "azim_deg": 162.0,
      "los_enu": [
        0.135464,
        -0.416916,
        0.898794
      ],
      "passed_health": false
    },
    "GPS_007": {
      "elev_deg": 46.0,
      "azim_deg": 315.0,
      "los_enu": [
        -0.491198,
        0.491198,
        0.71934
      ],
      "passed_health": false
    },
    "GPS_008": {
      "elev_deg": 54.0,
      "azim_deg": 135.0,
      "los_enu": [
        0.415627,
        -0.415627,
        0.809017
      ],
      "passed_health": true
    },
    "GPS_009": {
      "elev_deg": 72.0,
      "azim_deg": 281.0,
      "los_enu": [
        -0.303339,
        0.058963,
        0.951057
      ],
      "passed_health": true
    },
    "GPS_014": {
      "elev_deg": 5.0,
      "azim_deg": 238.0,
      "los_enu": [
        -0.844821,
        -0.527903,
        0.087156
      ],
      "passed_health": false
    },
    "GPS_016": {
      "elev_deg": 27.0,
      "azim_deg": 45.0,
      "los_enu": [
        0.630037,
        0.630037,
        0.45399
      ],
      "passed_health": false
    },
    "GPS_021": {
      "elev_deg": 6.0,
      "azim_deg": 317.0,
      "los_enu": [
        -0.678262,
        0.727347,
        0.104528
      ],
      "passed_health": false
    },
    "GPS_026": {
      "elev_deg": 3.0,
      "azim_deg": 56.0,
      "los_enu": [
        0.827901,
        0.558427,
        0.052336
      ],
      "passed_health": false
    },
    "GPS_027": {
      "elev_deg": 46.0,
      "azim_deg": 76.0,
      "los_enu": [
        0.674024,
        0.168053,
        0.71934
      ],
      "passed_health": true
    },
    "GPS_030": {
      "elev_deg": 11.0,
      "azim_deg": 293.0,
      "los_enu": [
        -0.903593,
        0.383552,
        0.190809
      ],
      "passed_health": true
    }
  }
}