{
  "label": "s4.3_W0_d29_h69_ch53.75_cw14.5_a0",
  "capture_start_utc": "2026-07-24T02:49:56.796679+00:00",
  "rtcm_file": "s4.3_W0_d29_h69_ch53.75_cw14.5_a0-260724-024956Z.rtcm",
  "rate_hz": 10,
  "duration_sec": 30,
  "ref_sat": "GPS_004",
  "satellites": {
    "BDS_014": {
      "elev_deg": 24.0,
      "azim_deg": 171.0,
      "los_enu": [
        0.14291,
        -0.902298,
        0.406737
      ],
      "passed_health": false
    },
    "BDS_021": {
      "elev_deg": 3.0,
      "azim_deg": 160.0,
      "los_enu": [
        0.341551,
        -0.938405,
        0.052336
      ],
      "passed_health": false
    },
    "BDS_024": {
      "elev_deg": 67.0,
      "azim_deg": 326.0,
      "los_enu": [
        -0.218494,
        0.323931,
        0.920505
      ],
      "passed_health": true
    },
    "BDS_025": {
      "elev_deg": 21.0,
      "azim_deg": 263.0,
      "los_enu": [
        -0.926622,
        -0.113775,
        0.358368
      ],
      "passed_health": true
    },
    "BDS_026": {
      "elev_deg": 40.0,
      "azim_deg": 48.0,
      "los_enu": [
        0.569282,
        0.512584,
        0.642788
      ],
      "passed_health": true
    },
    "BDS_031": {
      "elev_deg": 18.0,
      "azim_deg": 126.0,
      "los_enu": [
        0.769421,
        -0.559017,
        0.309017
      ],
      "passed_health": true
    },
    "BDS_033": {
      "elev_deg": 55.0,
      "azim_deg": 283.0,
      "los_enu": [
        -0.558876,
        0.129027,
        0.819152
      ],
      "passed_health": true
    },
    "BDS_034": {
      "elev_deg": 2.0,
      "azim_deg": 171.0,
      "los_enu": [
        0.156339,
        -0.987087,
        0.034899
      ],
      "passed_health": false
    },
    "BDS_035": {
      "elev_deg": 16.0,
      "azim_deg": 76.0,
      "los_enu": [
        0.932708,
        0.23255,
        0.275637
      ],
      "passed_health": true
    },
    "BDS_041": {
      "elev_deg": 15.0,
      "azim_deg": 321.0,
      "los_enu": [
        -0.607877,
        0.750665,
        0.258819
      ],
      "passed_health": false
    },
    "BDS_042": {
      "elev_deg": 44.0,
      "azim_deg": 187.0,
      "los_enu": [
        -0.087665,
        -0.713978,
        0.694658
      ],
      "passed_health": false
    },
    "GPS_003": {
      "elev_deg": 10.5,
      "azim_deg": 194.5,
      "los_enu": [
        -0.246187,
        -0.951936,
        0.182236
      ],
      "passed_health": false
    },
    "GPS_004": {
      "elev_deg": 78.533,
      "azim_deg": 152.467,
      "los_enu": [
        0.091897,
        -0.176282,
        0.980041
      ],
      "passed_health": true
    },
    "GPS_007": {
      "elev_deg": 38.367,
      "azim_deg": 303.367,
      "los_enu": [
        -0.654817,
        0.431226,
        0.620692
      ],
      "passed_health": false
    },
    "GPS_008": {
      "elev_deg": 42.333,
      "azim_deg": 149.0,
      "los_enu": [
        0.380736,
        -0.633652,
        0.673443
      ],
      "passed_health": false
    },
    "GPS_009": {
      "elev_deg": 62.3,
      "azim_deg": 308.7,
      "los_enu": [
        -0.362777,
        0.290639,
        0.885394
      ],
      "passed_health": true
    },
    "GPS_016": {
      "elev_deg": 39.5,
      "azim_deg": 43.0,
      "los_enu": [
        0.526247,
        0.56433,
        0.636078
      ],
      "passed_health": false
    },
    "GPS_021": {
      "elev_deg": 1.0,
      "azim_deg": 326.0,
      "los_enu": [
        -0.559108,
        0.828911,
        0.017452
      ],
      "passed_health": false
    },
    "GPS_026": {
      "elev_deg": 13.0,
      "azim_deg": 51.0,
      "los_enu": [
        0.757228,
        0.613191,
        0.224951
      ],
      "passed_health": false
    },
    "GPS_027": {
      "elev_deg": 46.0,
      "azim_deg": 97.0,
      "los_enu": [
        0.68948,
        -0.084658,
        0.71934
      ],
      "passed_health": true
    },
    "GPS_030": {
      "elev_deg": 3.0,
      "azim_deg": 284.0,
      "los_enu": [
        -0.968966,
        0.24159,
        0.052336
      ],
      "passed_health": true
    },
    "GPS_031": {
      "elev_deg": 4.0,
      "azim_deg": 89.0,
      "los_enu": [
        0.997412,
        0.01741,
        0.069756
      ],
      "passed_health": false
    }
  }
}