{
  "label": "s4.3.3_W0_d33_h69_ch53.75_cw14.5_a90",
  "capture_start_utc": "2026-07-24T03:09:18.923194+00:00",
  "rtcm_file": "s4.3.3_W0_d33_h69_ch53.75_cw14.5_a90-260724-030918Z.rtcm",
  "rate_hz": 10,
  "duration_sec": 30,
  "ref_sat": "GPS_009",
  "satellites": {
    "BDS_014": {
      "elev_deg": 16.567,
      "azim_deg": 171.0,
      "los_enu": [
        0.149941,
        -0.946688,
        0.285131
      ],
      "passed_health": false
    },
    "BDS_024": {
      "elev_deg": 66.0,
      "azim_deg": 344.7,
      "los_enu": [
        -0.107328,
        0.392321,
        0.913545
      ],
      "passed_health": true
    },
    "BDS_025": {
      "elev_deg": 25.2,
      "azim_deg": 270.2,
      "los_enu": [
        -0.904822,
        0.003158,
        0.425779
      ],
      "passed_health": true
    },
    "BDS_026": {
      "elev_deg": 35.0,
      "azim_deg": 54.167,
      "los_enu": [
        0.664106,
        0.479556,
        0.573576
      ],
      "passed_health": false
    },
    "BDS_031": {
      "elev_deg": 23.0,
      "azim_deg": 120.0,
      "los_enu": [
        0.797181,
        -0.460252,
        0.390731
      ],
      "passed_health": true
    },
    "BDS_033": {
      "elev_deg": 55.0,
      "azim_deg": 269.0,
      "los_enu": [
        -0.573489,
        -0.01001,
        0.819152
      ],
      "passed_health": true
    },
    "BDS_034": {
      "elev_deg": 7.0,
      "azim_deg": 167.0,
      "los_enu": [
        0.223274,
        -0.967107,
        0.121869
      ],
      "passed_health": false
    },
    "BDS_035": {
      "elev_deg": 17.0,
      "azim_deg": 69.0,
      "los_enu": [
        0.892787,
        0.342709,
        0.292372
      ],
      "passed_health": true
    },
    "BDS_041": {
      "elev_deg": 20.0,
      "azim_deg": 318.0,
      "los_enu": [
        -0.628777,
        0.698328,
        0.34202
      ],
      "passed_health": true
    },
    "BDS_042": {
      "elev_deg": 36.0,
      "azim_deg": 186.0,
      "los_enu": [
        -0.084565,
        -0.804585,
        0.587785
      ],
      "passed_health": false
    },
    "GPS_003": {
      "elev_deg": 4.0,
      "azim_deg": 190.0,
      "los_enu": [
        -0.173225,
        -0.982409,
        0.069756
      ],
      "passed_health": false
    },
    "GPS_004": {
      "elev_deg": 69.0,
      "azim_deg": 160.0,
      "los_enu": [
        0.122569,
        -0.336756,
        0.93358
      ],
      "passed_health": true
    },
    "GPS_007": {
      "elev_deg": 44.0,
      "azim_deg": 311.0,
      "los_enu": [
        -0.542893,
        0.471929,
        0.694658
      ],
      "passed_health": false
    },
    "GPS_008": {
      "elev_deg": 50.0,
      "azim_deg": 141.0,
      "los_enu": [
        0.404519,
        -0.49954,
        0.766044
      ],
      "passed_health": true
    },
    "GPS_009": {
      "elev_deg": 70.0,
      "azim_deg": 293.0,
      "los_enu": [
        -0.314831,
        0.133638,
        0.939693
      ],
      "passed_health": true
    },
    "GPS_014": {
      "elev_deg": 3.0,
      "azim_deg": 236.0,
      "los_enu": [
        -0.827901,
        -0.558427,
        0.052336
      ],
      "passed_health": false
    },
    "GPS_016": {
      "elev_deg": 31.0,
      "azim_deg": 44.0,
      "los_enu": [
        0.595438,
        0.616595,
        0.515038
      ],
      "passed_health": false
    },
    "GPS_021": {
      "elev_deg": 5.0,
      "azim_deg": 320.0,
      "los_enu": [
        -0.640342,
        0.763129,
        0.087156
      ],
      "passed_health": false
    },
    "GPS_026": {
      "elev_deg": 6.0,
      "azim_deg": 54.0,
      "los_enu": [
        0.804585,
        0.584565,
        0.104528
      ],
      "passed_health": false
    },
    "GPS_027": {
      "elev_deg": 46.0,
      "azim_deg": 83.0,
      "los_enu": [
        0.68948,
        0.084658,
        0.71934
      ],
      "passed_health": true
    },
    "GPS_030": {
      "elev_deg": 9.0,
      "azim_deg": 291.0,
      "los_enu": [
        -0.922087,
        0.353956,
        0.156434
      ],
      "passed_health": true
    }
  }
}