{
  "label": "s4.3.4_W0_d33_h69_ch53.75_cw14.5_a90",
  "capture_start_utc": "2026-07-24T03:16:42.750658+00:00",
  "rtcm_file": "s4.3.4_W0_d33_h69_ch53.75_cw14.5_a90-260724-031642Z.rtcm",
  "rate_hz": 10,
  "duration_sec": 30,
  "ref_sat": "GPS_009",
  "satellites": {
    "BDS_014": {
      "elev_deg": 13.0,
      "azim_deg": 170.0,
      "los_enu": [
        0.169198,
        -0.959567,
        0.224951
      ],
      "passed_health": false
    },
    "BDS_024": {
      "elev_deg": 65.0,
      "azim_deg": 353.0,
      "los_enu": [
        -0.051504,
        0.419468,
        0.906308
      ],
      "passed_health": true
    },
    "BDS_025": {
      "elev_deg": 27.0,
      "azim_deg": 274.0,
      "los_enu": [
        -0.888836,
        0.062153,
        0.45399
      ],
      "passed_health": true
    },
    "BDS_026": {
      "elev_deg": 33.0,
      "azim_deg": 57.0,
      "los_enu": [
        0.703368,
        0.456773,
        0.544639
      ],
      "passed_health": true
    },
    "BDS_031": {
      "elev_deg": 25.0,
      "azim_deg": 116.0,
      "los_enu": [
        0.814584,
        -0.397299,
        0.422618
      ],
      "passed_health": true
    },
    "BDS_033": {
      "elev_deg": 54.0,
      "azim_deg": 262.0,
      "los_enu": [
        -0.582065,
        -0.081804,
        0.809017
      ],
      "passed_health": true
    },
    "BDS_034": {
      "elev_deg": 9.0,
      "azim_deg": 165.0,
      "los_enu": [
        0.255633,
        -0.954034,
        0.156434
      ],
      "passed_health": false
    },
    "BDS_035": {
      "elev_deg": 17.0,
      "azim_deg": 65.0,
      "los_enu": [
        0.866706,
        0.404152,
        0.292372
      ],
      "passed_health": true
    },
    "BDS_041": {
      "elev_deg": 22.867,
      "azim_deg": 315.133,
      "los_enu": [
        -0.650019,
        0.653051,
        0.388588
      ],
      "passed_health": true
    },
    "BDS_042": {
      "elev_deg": 32.167,
      "azim_deg": 185.0,
      "los_enu": [
        -0.073778,
        -0.843282,
        0.532384
      ],
      "passed_health": false
    },
    "GPS_003": {
      "elev_deg": 2.0,
      "azim_deg": 189.0,
      "los_enu": [
        -0.156339,
        -0.987087,
        0.034899
      ],
      "passed_health": false
    },
    "GPS_004": {
      "elev_deg": 65.0,
      "azim_deg": 161.0,
      "los_enu": [
        0.137591,
        -0.399593,
        0.906308
      ],
      "passed_health": true
    },
    "GPS_007": {
      "elev_deg": 46.0,
      "azim_deg": 314.0,
      "los_enu": [
        -0.499695,
        0.48255,
        0.71934
      ],
      "passed_health": false
    },
    "GPS_008": {
      "elev_deg": 53.0,
      "azim_deg": 137.0,
      "los_enu": [
        0.410437,
        -0.44014,
        0.798636
      ],
      "passed_health": true
    },
    "GPS_009": {
      "elev_deg": 72.0,
      "azim_deg": 284.0,
      "los_enu": [
        -0.299838,
        0.074758,
        0.951057
      ],
      "passed_health": true
    },
    "GPS_014": {
      "elev_deg": 5.0,
      "azim_deg": 237.0,
      "los_enu": [
        -0.835479,
        -0.542567,
        0.087156
      ],
      "passed_health": false
    },
    "GPS_016": {
      "elev_deg": 28.0,
      "azim_deg": 45.0,
      "los_enu": [
        0.624338,
        0.624338,
        0.469472
      ],
      "passed_health": false
    },
    "GPS_021": {
      "elev_deg": 6.0,
      "azim_deg": 317.0,
      "los_enu": [
        -0.678262,
        0.727347,
        0.104528
      ],
      "passed_health": false
    },
    "GPS_026": {
      "elev_deg": 4.0,
      "azim_deg": 56.0,
      "los_enu": [
        0.827018,
        0.557831,
        0.069756
      ],
      "passed_health": false
    },
    "GPS_027": {
      "elev_deg": 46.0,
      "azim_deg": 78.0,
      "los_enu": [
        0.679478,
        0.144428,
        0.71934
      ],
      "passed_health": true
    },
    "GPS_030": {
      "elev_deg": 10.0,
      "azim_deg": 293.0,
      "los_enu": [
        -0.90652,
        0.384795,
        0.173648
      ],
      "passed_health": true
    }
  }
}