{
  "label": "s4.3.5_W0_d33_h69_ch53.75_cw14.5_a90",
  "capture_start_utc": "2026-07-24T03:41:36.486891+00:00",
  "rtcm_file": "s4.3.5_W0_d33_h69_ch53.75_cw14.5_a90-260724-034136Z.rtcm",
  "rate_hz": 10,
  "duration_sec": 30,
  "ref_sat": "GPS_009",
  "satellites": {
    "BDS_014": {
      "elev_deg": 4.0,
      "azim_deg": 169.0,
      "los_enu": [
        0.190344,
        -0.979236,
        0.069756
      ],
      "passed_health": false
    },
    "BDS_024": {
      "elev_deg": 62.0,
      "azim_deg": 15.0,
      "los_enu": [
        0.121508,
        0.453475,
        0.882948
      ],
      "passed_health": true
    },
    "BDS_025": {
      "elev_deg": 33.0,
      "azim_deg": 283.0,
      "los_enu": [
        -0.817175,
        0.18866,
        0.544639
      ],
      "passed_health": true
    },
    "BDS_026": {
      "elev_deg": 26.0,
      "azim_deg": 65.0,
      "los_enu": [
        0.814584,
        0.379847,
        0.438371
      ],
      "passed_health": true
    },
    "BDS_031": {
      "elev_deg": 31.0,
      "azim_deg": 106.0,
      "los_enu": [
        0.823962,
        -0.236267,
        0.515038
      ],
      "passed_health": true
    },
    "BDS_033": {
      "elev_deg": 49.0,
      "azim_deg": 245.0,
      "los_enu": [
        -0.594591,
        -0.277263,
        0.75471
      ],
      "passed_health": true
    },
    "BDS_034": {
      "elev_deg": 17.0,
      "azim_deg": 159.0,
      "los_enu": [
        0.342709,
        -0.892787,
        0.292372
      ],
      "passed_health": false
    },
    "BDS_035": {
      "elev_deg": 16.0,
      "azim_deg": 55.0,
      "los_enu": [
        0.787419,
        0.551357,
        0.275637
      ],
      "passed_health": true
    },
    "BDS_041": {
      "elev_deg": 28.793,
      "azim_deg": 307.207,
      "los_enu": [
        -0.697987,
        0.529933,
        0.481648
      ],
      "passed_health": true
    },
    "BDS_042": {
      "elev_deg": 22.241,
      "azim_deg": 183.241,
      "los_enu": [
        -0.052336,
        -0.924117,
        0.378509
      ],
      "passed_health": false
    },
    "GPS_002": {
      "elev_deg": 4.0,
      "azim_deg": 139.0,
      "los_enu": [
        0.654461,
        -0.752871,
        0.069756
      ],
      "passed_health": false
    },
    "GPS_004": {
      "elev_deg": 52.0,
      "azim_deg": 165.0,
      "los_enu": [
        0.159345,
        -0.594683,
        0.788011
      ],
      "passed_health": true
    },
    "GPS_007": {
      "elev_deg": 53.0,
      "azim_deg": 325.0,
      "los_enu": [
        -0.345187,
        0.492978,
        0.798636
      ],
      "passed_health": false
    },
    "GPS_008": {
      "elev_deg": 60.0,
      "azim_deg": 117.0,
      "los_enu": [
        0.445503,
        -0.226995,
        0.866025
      ],
      "passed_health": true
    },
    "GPS_009": {
      "elev_deg": 72.0,
      "azim_deg": 242.0,
      "los_enu": [
        -0.272846,
        -0.145075,
        0.951057
      ],
      "passed_health": true
    },
    "GPS_014": {
      "elev_deg": 13.0,
      "azim_deg": 245.0,
      "los_enu": [
        -0.883079,
        -0.411787,
        0.224951
      ],
      "passed_health": false
    },
    "GPS_016": {
      "elev_deg": 19.0,
      "azim_deg": 49.0,
      "los_enu": [
        0.713592,
        0.620316,
        0.325568
      ],
      "passed_health": false
    },
    "GPS_021": {
      "elev_deg": 8.0,
      "azim_deg": 308.0,
      "los_enu": [
        -0.780342,
        0.60967,
        0.139173
      ],
      "passed_health": false
    },
    "GPS_027": {
      "elev_deg": 41.0,
      "azim_deg": 62.0,
      "los_enu": [
        0.666369,
        0.354315,
        0.656059
      ],
      "passed_health": true
    },
    "GPS_030": {
      "elev_deg": 18.0,
      "azim_deg": 300.0,
      "los_enu": [
        -0.823639,
        0.475528,
        0.309017
      ],
      "passed_health": true
    }
  }
}