{
  "label": "s4.3.3_W0_d33_h69_ch53.75_cw14.5_a90",
  "capture_start_utc": "2026-07-24T03:07:59.737797+00:00",
  "rtcm_file": "s4.3.3_W0_d33_h69_ch53.75_cw14.5_a90-260724-030759Z.rtcm",
  "rate_hz": 10,
  "duration_sec": 30,
  "ref_sat": "GPS_004",
  "satellites": {
    "BDS_014": {
      "elev_deg": 17.0,
      "azim_deg": 171.0,
      "los_enu": [
        0.149599,
        -0.944531,
        0.292372
      ],
      "passed_health": false
    },
    "BDS_024": {
      "elev_deg": 66.0,
      "azim_deg": 344.0,
      "los_enu": [
        -0.112112,
        0.39098,
        0.913545
      ],
      "passed_health": true
    },
    "BDS_025": {
      "elev_deg": 25.0,
      "azim_deg": 270.0,
      "los_enu": [
        -0.906308,
        -0.0,
        0.422618
      ],
      "passed_health": true
    },
    "BDS_026": {
      "elev_deg": 35.0,
      "azim_deg": 54.0,
      "los_enu": [
        0.662708,
        0.481485,
        0.573576
      ],
      "passed_health": true
    },
    "BDS_031": {
      "elev_deg": 23.0,
      "azim_deg": 120.0,
      "los_enu": [
        0.797181,
        -0.460252,
        0.390731
      ],
      "passed_health": true
    },
    "BDS_033": {
      "elev_deg": 55.0,
      "azim_deg": 269.0,
      "los_enu": [
        -0.573489,
        -0.01001,
        0.819152
      ],
      "passed_health": true
    },
    "BDS_034": {
      "elev_deg": 7.0,
      "azim_deg": 167.0,
      "los_enu": [
        0.223274,
        -0.967107,
        0.121869
      ],
      "passed_health": false
    },
    "BDS_035": {
      "elev_deg": 17.0,
      "azim_deg": 69.0,
      "los_enu": [
        0.892787,
        0.342709,
        0.292372
      ],
      "passed_health": true
    },
    "BDS_041": {
      "elev_deg": 20.0,
      "azim_deg": 318.0,
      "los_enu": [
        -0.628777,
        0.698328,
        0.34202
      ],
      "passed_health": true
    },
    "BDS_042": {
      "elev_deg": 36.0,
      "azim_deg": 186.0,
      "los_enu": [
        -0.084565,
        -0.804585,
        0.587785
      ],
      "passed_health": false
    },
    "GPS_003": {
      "elev_deg": 4.467,
      "azim_deg": 190.467,
      "los_enu": [
        -0.181112,
        -0.980374,
        0.077879
      ],
      "passed_health": false
    },
    "GPS_004": {
      "elev_deg": 69.5,
      "azim_deg": 159.5,
      "los_enu": [
        0.122645,
        -0.32803,
        0.936672
      ],
      "passed_health": true
    },
    "GPS_007": {
      "elev_deg": 43.4,
      "azim_deg": 310.4,
      "los_enu": [
        -0.553314,
        0.470907,
        0.687088
      ],
      "passed_health": false
    },
    "GPS_008": {
      "elev_deg": 49.367,
      "azim_deg": 141.633,
      "los_enu": [
        0.404204,
        -0.510589,
        0.758893
      ],
      "passed_health": true
    },
    "GPS_009": {
      "elev_deg": 69.333,
      "azim_deg": 295.0,
      "los_enu": [
        -0.319863,
        0.149155,
        0.93565
      ],
      "passed_health": true
    },
    "GPS_014": {
      "elev_deg": 2.167,
      "azim_deg": 235.167,
      "los_enu": [
        -0.82023,
        -0.570783,
        0.037806
      ],
      "passed_health": false
    },
    "GPS_016": {
      "elev_deg": 31.9,
      "azim_deg": 44.0,
      "los_enu": [
        0.589745,
        0.610699,
        0.528438
      ],
      "passed_health": false
    },
    "GPS_021": {
      "elev_deg": 4.0,
      "azim_deg": 321.0,
      "los_enu": [
        -0.627787,
        0.775253,
        0.069756
      ],
      "passed_health": false
    },
    "GPS_026": {
      "elev_deg": 7.0,
      "azim_deg": 54.0,
      "los_enu": [
        0.802987,
        0.583404,
        0.121869
      ],
      "passed_health": false
    },
    "GPS_027": {
      "elev_deg": 46.0,
      "azim_deg": 84.0,
      "los_enu": [
        0.690853,
        0.072612,
        0.71934
      ],
      "passed_health": true
    },
    "GPS_030": {
      "elev_deg": 8.0,
      "azim_deg": 290.0,
      "los_enu": [
        -0.930548,
        0.338692,
        0.139173
      ],
      "passed_health": true
    },
    "GPS_031": {
      "elev_deg": 0.0,
      "azim_deg": 95.0,
      "los_enu": [
        0.996195,
        -0.087156,
        0.0
      ],
      "passed_health": false
    }
  }
}