{
  "label": "s4.3_W0_d29_h69_ch53.75_cw14.5_a0",
  "capture_start_utc": "2026-07-24T02:47:58.418948+00:00",
  "rtcm_file": "s4.3_W0_d29_h69_ch53.75_cw14.5_a0-260724-024758Z.rtcm",
  "rate_hz": 10,
  "duration_sec": 30,
  "ref_sat": "GPS_004",
  "satellites": {
    "BDS_014": {
      "elev_deg": 25.0,
      "azim_deg": 171.0,
      "los_enu": [
        0.141778,
        -0.89515,
        0.422618
      ],
      "passed_health": false
    },
    "BDS_021": {
      "elev_deg": 4.0,
      "azim_deg": 160.0,
      "los_enu": [
        0.341187,
        -0.937404,
        0.069756
      ],
      "passed_health": false
    },
    "BDS_024": {
      "elev_deg": 67.0,
      "azim_deg": 324.0,
      "los_enu": [
        -0.229666,
        0.316108,
        0.920505
      ],
      "passed_health": true
    },
    "BDS_025": {
      "elev_deg": 20.033,
      "azim_deg": 263.0,
      "los_enu": [
        -0.932491,
        -0.114495,
        0.342567
      ],
      "passed_health": true
    },
    "BDS_026": {
      "elev_deg": 41.0,
      "azim_deg": 48.0,
      "los_enu": [
        0.560859,
        0.504999,
        0.656059
      ],
      "passed_health": true
    },
    "BDS_031": {
      "elev_deg": 17.0,
      "azim_deg": 126.0,
      "los_enu": [
        0.773667,
        -0.562102,
        0.292372
      ],
      "passed_health": true
    },
    "BDS_033": {
      "elev_deg": 54.0,
      "azim_deg": 285.0,
      "los_enu": [
        -0.567757,
        0.15213,
        0.809017
      ],
      "passed_health": true
    },
    "BDS_034": {
      "elev_deg": 1.0,
      "azim_deg": 171.0,
      "los_enu": [
        0.156411,
        -0.987538,
        0.017452
      ],
      "passed_health": false
    },
    "BDS_035": {
      "elev_deg": 16.0,
      "azim_deg": 77.0,
      "los_enu": [
        0.936625,
        0.216237,
        0.275637
      ],
      "passed_health": true
    },
    "BDS_041": {
      "elev_deg": 14.0,
      "azim_deg": 322.0,
      "los_enu": [
        -0.597374,
        0.764603,
        0.241922
      ],
      "passed_health": false
    },
    "BDS_042": {
      "elev_deg": 45.0,
      "azim_deg": 187.0,
      "los_enu": [
        -0.086175,
        -0.701836,
        0.707107
      ],
      "passed_health": false
    },
    "GPS_003": {
      "elev_deg": 11.3,
      "azim_deg": 195.0,
      "los_enu": [
        -0.253802,
        -0.947201,
        0.195946
      ],
      "passed_health": false
    },
    "GPS_004": {
      "elev_deg": 79.333,
      "azim_deg": 151.667,
      "los_enu": [
        0.087846,
        -0.162921,
        0.982721
      ],
      "passed_health": true
    },
    "GPS_007": {
      "elev_deg": 37.567,
      "azim_deg": 302.567,
      "los_enu": [
        -0.668014,
        0.426665,
        0.609684
      ],
      "passed_health": false
    },
    "GPS_008": {
      "elev_deg": 41.533,
      "azim_deg": 149.467,
      "los_enu": [
        0.380303,
        -0.644769,
        0.663056
      ],
      "passed_health": false
    },
    "GPS_009": {
      "elev_deg": 62.0,
      "azim_deg": 309.5,
      "los_enu": [
        -0.362256,
        0.298621,
        0.882948
      ],
      "passed_health": true
    },
    "GPS_016": {
      "elev_deg": 40.0,
      "azim_deg": 43.0,
      "los_enu": [
        0.522441,
        0.560249,
        0.642788
      ],
      "passed_health": false
    },
    "GPS_021": {
      "elev_deg": 0.267,
      "azim_deg": 326.733,
      "los_enu": [
        -0.54853,
        0.836118,
        0.004654
      ],
      "passed_health": false
    },
    "GPS_026": {
      "elev_deg": 13.0,
      "azim_deg": 51.0,
      "los_enu": [
        0.757228,
        0.613191,
        0.224951
      ],
      "passed_health": false
    },
    "GPS_027": {
      "elev_deg": 45.067,
      "azim_deg": 98.867,
      "los_enu": [
        0.697843,
        -0.108864,
        0.707929
      ],
      "passed_health": true
    },
    "GPS_030": {
      "elev_deg": 3.0,
      "azim_deg": 284.0,
      "los_enu": [
        -0.968966,
        0.24159,
        0.052336
      ],
      "passed_health": false
    },
    "GPS_031": {
      "elev_deg": 5.0,
      "azim_deg": 89.0,
      "los_enu": [
        0.996043,
        0.017386,
        0.087156
      ],
      "passed_health": false
    }
  }
}