{
  "label": "s4.3.4_W0_d33_h69_ch53.75_cw14.5_a90",
  "capture_start_utc": "2026-07-24T03:21:19.326226+00:00",
  "rtcm_file": "s4.3.4_W0_d33_h69_ch53.75_cw14.5_a90-260724-032119Z.rtcm",
  "rate_hz": 10,
  "duration_sec": 30,
  "ref_sat": "GPS_009",
  "satellites": {
    "BDS_014": {
      "elev_deg": 11.0,
      "azim_deg": 170.0,
      "los_enu": [
        0.170458,
        -0.966714,
        0.190809
      ],
      "passed_health": false
    },
    "BDS_024": {
      "elev_deg": 65.0,
      "azim_deg": 358.0,
      "los_enu": [
        -0.014749,
        0.422361,
        0.906308
      ],
      "passed_health": true
    },
    "BDS_025": {
      "elev_deg": 28.0,
      "azim_deg": 275.0,
      "los_enu": [
        -0.879588,
        0.076954,
        0.469472
      ],
      "passed_health": true
    },
    "BDS_026": {
      "elev_deg": 32.0,
      "azim_deg": 58.0,
      "los_enu": [
        0.719186,
        0.449397,
        0.529919
      ],
      "passed_health": true
    },
    "BDS_031": {
      "elev_deg": 26.0,
      "azim_deg": 114.0,
      "los_enu": [
        0.821089,
        -0.365572,
        0.438371
      ],
      "passed_health": true
    },
    "BDS_033": {
      "elev_deg": 54.0,
      "azim_deg": 259.0,
      "los_enu": [
        -0.576986,
        -0.112155,
        0.809017
      ],
      "passed_health": true
    },
    "BDS_034": {
      "elev_deg": 11.0,
      "azim_deg": 164.0,
      "los_enu": [
        0.270573,
        -0.943601,
        0.190809
      ],
      "passed_health": false
    },
    "BDS_035": {
      "elev_deg": 17.0,
      "azim_deg": 63.0,
      "los_enu": [
        0.852074,
        0.434153,
        0.292372
      ],
      "passed_health": true
    },
    "BDS_041": {
      "elev_deg": 24.0,
      "azim_deg": 314.0,
      "los_enu": [
        -0.65715,
        0.634602,
        0.406737
      ],
      "passed_health": true
    },
    "BDS_042": {
      "elev_deg": 30.033,
      "azim_deg": 185.0,
      "los_enu": [
        -0.075454,
        -0.86244,
        0.500504
      ],
      "passed_health": false
    },
    "GPS_003": {
      "elev_deg": 1.0,
      "azim_deg": 188.0,
      "los_enu": [
        -0.139152,
        -0.990117,
        0.017452
      ],
      "passed_health": false
    },
    "GPS_004": {
      "elev_deg": 63.0,
      "azim_deg": 162.0,
      "los_enu": [
        0.140291,
        -0.431771,
        0.891007
      ],
      "passed_health": true
    },
    "GPS_007": {
      "elev_deg": 47.0,
      "azim_deg": 316.0,
      "los_enu": [
        -0.473756,
        0.490589,
        0.731354
      ],
      "passed_health": false
    },
    "GPS_008": {
      "elev_deg": 55.0,
      "azim_deg": 134.0,
      "los_enu": [
        0.412596,
        -0.39844,
        0.819152
      ],
      "passed_health": true
    },
    "GPS_009": {
      "elev_deg": 73.0,
      "azim_deg": 277.0,
      "los_enu": [
        -0.290192,
        0.035631,
        0.956305
      ],
      "passed_health": true
    },
    "GPS_014": {
      "elev_deg": 6.0,
      "azim_deg": 239.0,
      "los_enu": [
        -0.852472,
        -0.512217,
        0.104528
      ],
      "passed_health": false
    },
    "GPS_016": {
      "elev_deg": 26.0,
      "azim_deg": 45.0,
      "los_enu": [
        0.635543,
        0.635543,
        0.438371
      ],
      "passed_health": false
    },
    "GPS_021": {
      "elev_deg": 6.0,
      "azim_deg": 316.0,
      "los_enu": [
        -0.690853,
        0.715399,
        0.104528
      ],
      "passed_health": true
    },
    "GPS_026": {
      "elev_deg": 2.0,
      "azim_deg": 57.0,
      "los_enu": [
        0.83816,
        0.544307,
        0.034899
      ],
      "passed_health": false
    },
    "GPS_027": {
      "elev_deg": 45.0,
      "azim_deg": 75.0,
      "los_enu": [
        0.683013,
        0.183013,
        0.707107
      ],
      "passed_health": true
    },
    "GPS_030": {
      "elev_deg": 12.0,
      "azim_deg": 294.0,
      "los_enu": [
        -0.893582,
        0.397848,
        0.207912
      ],
      "passed_health": true
    }
  }
}