{
  "label": "s4.3.5_W0_d33_h69_ch53.75_cw14.5_a90",
  "capture_start_utc": "2026-07-24T03:31:42.892442+00:00",
  "rtcm_file": "s4.3.5_W0_d33_h69_ch53.75_cw14.5_a90-260724-033142Z.rtcm",
  "rate_hz": 10,
  "duration_sec": 30,
  "ref_sat": "GPS_009",
  "satellites": {
    "BDS_014": {
      "elev_deg": 8.0,
      "azim_deg": 170.0,
      "los_enu": [
        0.171958,
        -0.975224,
        0.139173
      ],
      "passed_health": false
    },
    "BDS_024": {
      "elev_deg": 64.0,
      "azim_deg": 6.0,
      "los_enu": [
        0.045822,
        0.43597,
        0.898794
      ],
      "passed_health": true
    },
    "BDS_025": {
      "elev_deg": 31.0,
      "azim_deg": 279.0,
      "los_enu": [
        -0.846614,
        0.134091,
        0.515038
      ],
      "passed_health": true
    },
    "BDS_026": {
      "elev_deg": 29.0,
      "azim_deg": 61.0,
      "los_enu": [
        0.76496,
        0.424024,
        0.48481
      ],
      "passed_health": true
    },
    "BDS_031": {
      "elev_deg": 29.0,
      "azim_deg": 111.0,
      "los_enu": [
        0.816528,
        -0.313436,
        0.48481
      ],
      "passed_health": true
    },
    "BDS_033": {
      "elev_deg": 52.0,
      "azim_deg": 252.0,
      "los_enu": [
        -0.585529,
        -0.19025,
        0.788011
      ],
      "passed_health": true
    },
    "BDS_034": {
      "elev_deg": 14.0,
      "azim_deg": 162.0,
      "los_enu": [
        0.299838,
        -0.922806,
        0.241922
      ],
      "passed_health": false
    },
    "BDS_035": {
      "elev_deg": 17.0,
      "azim_deg": 60.0,
      "los_enu": [
        0.828184,
        0.478152,
        0.292372
      ],
      "passed_health": true
    },
    "BDS_041": {
      "elev_deg": 26.0,
      "azim_deg": 311.0,
      "los_enu": [
        -0.678328,
        0.589662,
        0.438371
      ],
      "passed_health": true
    },
    "BDS_042": {
      "elev_deg": 26.0,
      "azim_deg": 184.0,
      "los_enu": [
        -0.062697,
        -0.896605,
        0.438371
      ],
      "passed_health": false
    },
    "GPS_002": {
      "elev_deg": 2.0,
      "azim_deg": 142.0,
      "los_enu": [
        0.615286,
        -0.787531,
        0.034899
      ],
      "passed_health": false
    },
    "GPS_004": {
      "elev_deg": 57.0,
      "azim_deg": 164.0,
      "los_enu": [
        0.150123,
        -0.523541,
        0.838671
      ],
      "passed_health": true
    },
    "GPS_007": {
      "elev_deg": 50.0,
      "azim_deg": 321.0,
      "los_enu": [
        -0.404519,
        0.49954,
        0.766044
      ],
      "passed_health": false
    },
    "GPS_008": {
      "elev_deg": 58.0,
      "azim_deg": 126.0,
      "los_enu": [
        0.428714,
        -0.311479,
        0.848048
      ],
      "passed_health": true
    },
    "GPS_009": {
      "elev_deg": 74.0,
      "azim_deg": 257.0,
      "los_enu": [
        -0.268573,
        -0.062005,
        0.961262
      ],
      "passed_health": true
    },
    "GPS_014": {
      "elev_deg": 10.0,
      "azim_deg": 242.0,
      "los_enu": [
        -0.869534,
        -0.462339,
        0.173648
      ],
      "passed_health": false
    },
    "GPS_016": {
      "elev_deg": 22.0,
      "azim_deg": 47.0,
      "los_enu": [
        0.678099,
        0.632338,
        0.374607
      ],
      "passed_health": false
    },
    "GPS_021": {
      "elev_deg": 7.0,
      "azim_deg": 311.0,
      "los_enu": [
        -0.749084,
        0.651169,
        0.121869
      ],
      "passed_health": false
    },
    "GPS_027": {
      "elev_deg": 43.0,
      "azim_deg": 67.0,
      "los_enu": [
        0.673215,
        0.285763,
        0.681998
      ],
      "passed_health": true
    },
    "GPS_030": {
      "elev_deg": 15.0,
      "azim_deg": 297.0,
      "los_enu": [
        -0.860646,
        0.438521,
        0.258819
      ],
      "passed_health": true
    }
  }
}