{
  "label": "s4.3.6_W0_d33_h69_ch53.75_cw14.5_a90",
  "capture_start_utc": "2026-07-24T03:55:39.835820+00:00",
  "rtcm_file": "s4.3.6_W0_d33_h69_ch53.75_cw14.5_a90-260724-035539Z.rtcm",
  "rate_hz": 10,
  "duration_sec": 30,
  "ref_sat": "GPS_009",
  "satellites": {
    "BDS_024": {
      "elev_deg": 60.0,
      "azim_deg": 25.0,
      "los_enu": [
        0.211309,
        0.453154,
        0.866025
      ],
      "passed_health": true
    },
    "BDS_025": {
      "elev_deg": 36.0,
      "azim_deg": 289.0,
      "los_enu": [
        -0.764941,
        0.26339,
        0.587785
      ],
      "passed_health": false
    },
    "BDS_026": {
      "elev_deg": 23.0,
      "azim_deg": 70.0,
      "los_enu": [
        0.864992,
        0.314831,
        0.390731
      ],
      "passed_health": true
    },
    "BDS_031": {
      "elev_deg": 34.0,
      "azim_deg": 100.0,
      "los_enu": [
        0.816443,
        -0.143961,
        0.559193
      ],
      "passed_health": true
    },
    "BDS_033": {
      "elev_deg": 45.0,
      "azim_deg": 238.0,
      "los_enu": [
        -0.599661,
        -0.37471,
        0.707107
      ],
      "passed_health": true
    },
    "BDS_034": {
      "elev_deg": 22.0,
      "azim_deg": 157.0,
      "los_enu": [
        0.36228,
        -0.853477,
        0.374607
      ],
      "passed_health": false
    },
    "BDS_035": {
      "elev_deg": 14.0,
      "azim_deg": 51.0,
      "los_enu": [
        0.754061,
        0.610627,
        0.241922
      ],
      "passed_health": true
    },
    "BDS_041": {
      "elev_deg": 31.0,
      "azim_deg": 301.0,
      "los_enu": [
        -0.734736,
        0.441474,
        0.515038
      ],
      "passed_health": true
    },
    "BDS_042": {
      "elev_deg": 16.0,
      "azim_deg": 182.0,
      "los_enu": [
        -0.033548,
        -0.960676,
        0.275637
      ],
      "passed_health": false
    },
    "GPS_002": {
      "elev_deg": 8.0,
      "azim_deg": 134.0,
      "los_enu": [
        0.712339,
        -0.687898,
        0.139173
      ],
      "passed_health": false
    },
    "GPS_004": {
      "elev_deg": 44.4,
      "azim_deg": 166.0,
      "los_enu": [
        0.172847,
        -0.69325,
        0.699663
      ],
      "passed_health": false
    },
    "GPS_007": {
      "elev_deg": 57.5,
      "azim_deg": 332.5,
      "los_enu": [
        -0.248097,
        0.476591,
        0.843391
      ],
      "passed_health": false
    },
    "GPS_008": {
      "elev_deg": 63.0,
      "azim_deg": 102.067,
      "los_enu": [
        0.44396,
        -0.094907,
        0.891007
      ],
      "passed_health": true
    },
    "GPS_009": {
      "elev_deg": 68.567,
      "azim_deg": 222.133,
      "los_enu": [
        -0.245144,
        -0.270989,
        0.930843
      ],
      "passed_health": true
    },
    "GPS_014": {
      "elev_deg": 17.0,
      "azim_deg": 249.267,
      "los_enu": [
        -0.894373,
        -0.33855,
        0.292372
      ],
      "passed_health": false
    },
    "GPS_016": {
      "elev_deg": 13.8,
      "azim_deg": 51.2,
      "los_enu": [
        0.756842,
        0.608517,
        0.238533
      ],
      "passed_health": false
    },
    "GPS_021": {
      "elev_deg": 8.0,
      "azim_deg": 301.967,
      "los_enu": [
        -0.8401,
        0.524273,
        0.139173
      ],
      "passed_health": false
    },
    "GPS_022": {
      "elev_deg": 1.0,
      "azim_deg": 241.0,
      "los_enu": [
        -0.874486,
        -0.484736,
        0.017452
      ],
      "passed_health": false
    },
    "GPS_027": {
      "elev_deg": 38.0,
      "azim_deg": 56.0,
      "los_enu": [
        0.653291,
        0.44065,
        0.615661
      ],
      "passed_health": true
    },
    "GPS_030": {
      "elev_deg": 22.0,
      "azim_deg": 303.0,
      "los_enu": [
        -0.777602,
        0.504981,
        0.374607
      ],
      "passed_health": false
    }
  }
}