{
  "label": "s4.3.6_W0_d33_h69_ch53.75_cw14.5_a90",
  "capture_start_utc": "2026-07-24T03:51:02.634209+00:00",
  "rtcm_file": "s4.3.6_W0_d33_h69_ch53.75_cw14.5_a90-260724-035102Z.rtcm",
  "rate_hz": 10,
  "duration_sec": 30,
  "ref_sat": "GPS_009",
  "satellites": {
    "BDS_014": {
      "elev_deg": 1.0,
      "azim_deg": 168.0,
      "los_enu": [
        0.20788,
        -0.977999,
        0.017452
      ],
      "passed_health": false
    },
    "BDS_024": {
      "elev_deg": 61.0,
      "azim_deg": 22.0,
      "los_enu": [
        0.181613,
        0.449508,
        0.87462
      ],
      "passed_health": true
    },
    "BDS_025": {
      "elev_deg": 35.0,
      "azim_deg": 287.0,
      "los_enu": [
        -0.783359,
        0.239497,
        0.573576
      ],
      "passed_health": false
    },
    "BDS_026": {
      "elev_deg": 24.0,
      "azim_deg": 68.0,
      "los_enu": [
        0.847025,
        0.34222,
        0.406737
      ],
      "passed_health": false
    },
    "BDS_031": {
      "elev_deg": 33.0,
      "azim_deg": 102.0,
      "los_enu": [
        0.820344,
        -0.174369,
        0.544639
      ],
      "passed_health": true
    },
    "BDS_033": {
      "elev_deg": 47.0,
      "azim_deg": 240.0,
      "los_enu": [
        -0.590628,
        -0.340999,
        0.731354
      ],
      "passed_health": false
    },
    "BDS_034": {
      "elev_deg": 21.0,
      "azim_deg": 157.0,
      "los_enu": [
        0.364779,
        -0.859365,
        0.358368
      ],
      "passed_health": false
    },
    "BDS_035": {
      "elev_deg": 15.0,
      "azim_deg": 52.0,
      "los_enu": [
        0.76116,
        0.594683,
        0.258819
      ],
      "passed_health": true
    },
    "BDS_041": {
      "elev_deg": 30.0,
      "azim_deg": 303.0,
      "los_enu": [
        -0.72631,
        0.471671,
        0.5
      ],
      "passed_health": true
    },
    "BDS_042": {
      "elev_deg": 18.0,
      "azim_deg": 183.0,
      "los_enu": [
        -0.049774,
        -0.949753,
        0.309017
      ],
      "passed_health": false
    },
    "GPS_002": {
      "elev_deg": 6.517,
      "azim_deg": 135.483,
      "los_enu": [
        0.696593,
        -0.708432,
        0.113502
      ],
      "passed_health": false
    },
    "GPS_004": {
      "elev_deg": 46.552,
      "azim_deg": 166.0,
      "los_enu": [
        0.16637,
        -0.667272,
        0.725995
      ],
      "passed_health": false
    },
    "GPS_007": {
      "elev_deg": 56.0,
      "azim_deg": 330.345,
      "los_enu": [
        -0.276677,
        0.485949,
        0.829038
      ],
      "passed_health": false
    },
    "GPS_008": {
      "elev_deg": 62.0,
      "azim_deg": 107.379,
      "los_enu": [
        0.448039,
        -0.14023,
        0.882948
      ],
      "passed_health": true
    },
    "GPS_009": {
      "elev_deg": 69.724,
      "azim_deg": 227.448,
      "los_enu": [
        -0.255285,
        -0.23435,
        0.938035
      ],
      "passed_health": true
    },
    "GPS_014": {
      "elev_deg": 15.103,
      "azim_deg": 247.103,
      "los_enu": [
        -0.889387,
        -0.375629,
        0.260563
      ],
      "passed_health": false
    },
    "GPS_016": {
      "elev_deg": 15.0,
      "azim_deg": 50.034,
      "los_enu": [
        0.740316,
        0.62044,
        0.258819
      ],
      "passed_health": false
    },
    "GPS_021": {
      "elev_deg": 8.0,
      "azim_deg": 304.0,
      "los_enu": [
        -0.820969,
        0.553751,
        0.139173
      ],
      "passed_health": false
    },
    "GPS_027": {
      "elev_deg": 39.0,
      "azim_deg": 58.0,
      "los_enu": [
        0.659057,
        0.411825,
        0.62932
      ],
      "passed_health": false
    },
    "GPS_030": {
      "elev_deg": 21.0,
      "azim_deg": 302.0,
      "los_enu": [
        -0.791721,
        0.494722,
        0.358368
      ],
      "passed_health": false
    }
  }
}