{
  "label": "s4.3.5_W0_d33_h69_ch53.75_cw14.5_a90",
  "capture_start_utc": "2026-07-24T03:39:37.635270+00:00",
  "rtcm_file": "s4.3.5_W0_d33_h69_ch53.75_cw14.5_a90-260724-033937Z.rtcm",
  "rate_hz": 10,
  "duration_sec": 30,
  "ref_sat": "GPS_009",
  "satellites": {
    "BDS_014": {
      "elev_deg": 5.0,
      "azim_deg": 169.0,
      "los_enu": [
        0.190083,
        -0.977892,
        0.087156
      ],
      "passed_health": false
    },
    "BDS_024": {
      "elev_deg": 62.0,
      "azim_deg": 13.0,
      "los_enu": [
        0.105608,
        0.457439,
        0.882948
      ],
      "passed_health": true
    },
    "BDS_025": {
      "elev_deg": 33.0,
      "azim_deg": 282.0,
      "los_enu": [
        -0.820344,
        0.174369,
        0.544639
      ],
      "passed_health": false
    },
    "BDS_026": {
      "elev_deg": 27.0,
      "azim_deg": 64.0,
      "los_enu": [
        0.800831,
        0.390592,
        0.45399
      ],
      "passed_health": false
    },
    "BDS_031": {
      "elev_deg": 31.0,
      "azim_deg": 107.0,
      "los_enu": [
        0.819713,
        -0.250611,
        0.515038
      ],
      "passed_health": false
    },
    "BDS_033": {
      "elev_deg": 50.0,
      "azim_deg": 246.0,
      "los_enu": [
        -0.587216,
        -0.261445,
        0.766044
      ],
      "passed_health": true
    },
    "BDS_034": {
      "elev_deg": 17.0,
      "azim_deg": 160.0,
      "los_enu": [
        0.327075,
        -0.898633,
        0.292372
      ],
      "passed_health": false
    },
    "BDS_035": {
      "elev_deg": 16.0,
      "azim_deg": 56.0,
      "los_enu": [
        0.796922,
        0.537531,
        0.275637
      ],
      "passed_health": true
    },
    "BDS_041": {
      "elev_deg": 28.0,
      "azim_deg": 308.0,
      "los_enu": [
        -0.695772,
        0.543597,
        0.469472
      ],
      "passed_health": false
    },
    "BDS_042": {
      "elev_deg": 23.0,
      "azim_deg": 184.0,
      "los_enu": [
        -0.064211,
        -0.918263,
        0.390731
      ],
      "passed_health": false
    },
    "GPS_002": {
      "elev_deg": 3.367,
      "azim_deg": 139.633,
      "los_enu": [
        0.646559,
        -0.7606,
        0.058726
      ],
      "passed_health": false
    },
    "GPS_004": {
      "elev_deg": 52.7,
      "azim_deg": 165.0,
      "los_enu": [
        0.156841,
        -0.58534,
        0.795473
      ],
      "passed_health": false
    },
    "GPS_007": {
      "elev_deg": 52.2,
      "azim_deg": 324.2,
      "los_enu": [
        -0.358525,
        0.497107,
        0.790155
      ],
      "passed_health": false
    },
    "GPS_008": {
      "elev_deg": 60.0,
      "azim_deg": 119.5,
      "los_enu": [
        0.435177,
        -0.246213,
        0.866025
      ],
      "passed_health": true
    },
    "GPS_009": {
      "elev_deg": 72.867,
      "azim_deg": 244.6,
      "los_enu": [
        -0.26612,
        -0.126362,
        0.955622
      ],
      "passed_health": true
    },
    "GPS_014": {
      "elev_deg": 12.0,
      "azim_deg": 244.0,
      "los_enu": [
        -0.879153,
        -0.428792,
        0.207912
      ],
      "passed_health": false
    },
    "GPS_016": {
      "elev_deg": 19.0,
      "azim_deg": 48.0,
      "los_enu": [
        0.702657,
        0.632675,
        0.325568
      ],
      "passed_health": false
    },
    "GPS_021": {
      "elev_deg": 8.0,
      "azim_deg": 309.0,
      "los_enu": [
        -0.769583,
        0.623196,
        0.139173
      ],
      "passed_health": true
    },
    "GPS_027": {
      "elev_deg": 42.0,
      "azim_deg": 64.0,
      "los_enu": [
        0.667934,
        0.325773,
        0.669131
      ],
      "passed_health": false
    },
    "GPS_030": {
      "elev_deg": 17.0,
      "azim_deg": 299.0,
      "los_enu": [
        -0.836403,
        0.463626,
        0.292372
      ],
      "passed_health": false
    }
  }
}