{
  "label": "s4.3.4_W0_d33_h69_ch53.75_cw14.5_a90",
  "capture_start_utc": "2026-07-24T03:23:57.156971+00:00",
  "rtcm_file": "s4.3.4_W0_d33_h69_ch53.75_cw14.5_a90-260724-032357Z.rtcm",
  "rate_hz": 10,
  "duration_sec": 30,
  "ref_sat": "GPS_009",
  "satellites": {
    "BDS_014": {
      "elev_deg": 11.0,
      "azim_deg": 170.0,
      "los_enu": [
        0.170458,
        -0.966714,
        0.190809
      ],
      "passed_health": false
    },
    "BDS_024": {
      "elev_deg": 64.0,
      "azim_deg": 0.0,
      "los_enu": [
        0.0,
        0.438371,
        0.898794
      ],
      "passed_health": true
    },
    "BDS_025": {
      "elev_deg": 29.0,
      "azim_deg": 276.0,
      "los_enu": [
        -0.869828,
        0.091423,
        0.48481
      ],
      "passed_health": false
    },
    "BDS_026": {
      "elev_deg": 31.0,
      "azim_deg": 59.0,
      "los_enu": [
        0.734736,
        0.441474,
        0.515038
      ],
      "passed_health": true
    },
    "BDS_031": {
      "elev_deg": 27.0,
      "azim_deg": 114.0,
      "los_enu": [
        0.813975,
        -0.362405,
        0.45399
      ],
      "passed_health": true
    },
    "BDS_033": {
      "elev_deg": 53.0,
      "azim_deg": 257.0,
      "los_enu": [
        -0.586391,
        -0.135379,
        0.798636
      ],
      "passed_health": true
    },
    "BDS_034": {
      "elev_deg": 12.0,
      "azim_deg": 163.0,
      "los_enu": [
        0.285983,
        -0.935407,
        0.207912
      ],
      "passed_health": false
    },
    "BDS_035": {
      "elev_deg": 17.0,
      "azim_deg": 62.0,
      "los_enu": [
        0.844367,
        0.448958,
        0.292372
      ],
      "passed_health": true
    },
    "BDS_041": {
      "elev_deg": 25.0,
      "azim_deg": 313.0,
      "los_enu": [
        -0.662832,
        0.6181,
        0.422618
      ],
      "passed_health": true
    },
    "BDS_042": {
      "elev_deg": 29.0,
      "azim_deg": 185.0,
      "los_enu": [
        -0.076228,
        -0.871292,
        0.48481
      ],
      "passed_health": false
    },
    "GPS_002": {
      "elev_deg": 0.0,
      "azim_deg": 144.0,
      "los_enu": [
        0.587785,
        -0.809017,
        0.0
      ],
      "passed_health": false
    },
    "GPS_003": {
      "elev_deg": 0.0,
      "azim_deg": 187.0,
      "los_enu": [
        -0.121869,
        -0.992546,
        0.0
      ],
      "passed_health": false
    },
    "GPS_004": {
      "elev_deg": 60.333,
      "azim_deg": 162.667,
      "los_enu": [
        0.147462,
        -0.472476,
        0.86892
      ],
      "passed_health": false
    },
    "GPS_007": {
      "elev_deg": 47.567,
      "azim_deg": 317.567,
      "los_enu": [
        -0.455263,
        0.497995,
        0.738063
      ],
      "passed_health": false
    },
    "GPS_008": {
      "elev_deg": 55.533,
      "azim_deg": 131.467,
      "los_enu": [
        0.424072,
        -0.374748,
        0.824456
      ],
      "passed_health": true
    },
    "GPS_009": {
      "elev_deg": 73.0,
      "azim_deg": 272.0,
      "los_enu": [
        -0.292194,
        0.010204,
        0.956305
      ],
      "passed_health": true
    },
    "GPS_014": {
      "elev_deg": 7.333,
      "azim_deg": 239.333,
      "los_enu": [
        -0.853113,
        -0.505871,
        0.127642
      ],
      "passed_health": false
    },
    "GPS_016": {
      "elev_deg": 25.0,
      "azim_deg": 46.0,
      "los_enu": [
        0.651943,
        0.629574,
        0.422618
      ],
      "passed_health": false
    },
    "GPS_021": {
      "elev_deg": 6.1,
      "azim_deg": 314.9,
      "los_enu": [
        -0.704329,
        0.701875,
        0.106264
      ],
      "passed_health": false
    },
    "GPS_026": {
      "elev_deg": 1.0,
      "azim_deg": 57.0,
      "los_enu": [
        0.838543,
        0.544556,
        0.017452
      ],
      "passed_health": false
    },
    "GPS_027": {
      "elev_deg": 45.0,
      "azim_deg": 73.0,
      "los_enu": [
        0.67621,
        0.206738,
        0.707107
      ],
      "passed_health": true
    },
    "GPS_030": {
      "elev_deg": 12.0,
      "azim_deg": 295.0,
      "los_enu": [
        -0.886503,
        0.413383,
        0.207912
      ],
      "passed_health": true
    }
  }
}