{
  "label": "s4.3.4_W0_d33_h69_ch53.75_cw14.5_a90",
  "capture_start_utc": "2026-07-24T03:15:24.019202+00:00",
  "rtcm_file": "s4.3.4_W0_d33_h69_ch53.75_cw14.5_a90-260724-031524Z.rtcm",
  "rate_hz": 10,
  "duration_sec": 30,
  "ref_sat": "GPS_009",
  "satellites": {
    "BDS_014": {
      "elev_deg": 14.0,
      "azim_deg": 171.0,
      "los_enu": [
        0.151788,
        -0.95835,
        0.241922
      ],
      "passed_health": false
    },
    "BDS_024": {
      "elev_deg": 65.0,
      "azim_deg": 351.0,
      "los_enu": [
        -0.066112,
        0.417415,
        0.906308
      ],
      "passed_health": true
    },
    "BDS_025": {
      "elev_deg": 27.0,
      "azim_deg": 273.0,
      "los_enu": [
        -0.889785,
        0.046632,
        0.45399
      ],
      "passed_health": true
    },
    "BDS_026": {
      "elev_deg": 33.0,
      "azim_deg": 56.0,
      "los_enu": [
        0.695289,
        0.468979,
        0.544639
      ],
      "passed_health": true
    },
    "BDS_031": {
      "elev_deg": 25.0,
      "azim_deg": 117.0,
      "los_enu": [
        0.807526,
        -0.411455,
        0.422618
      ],
      "passed_health": true
    },
    "BDS_033": {
      "elev_deg": 54.0,
      "azim_deg": 264.0,
      "los_enu": [
        -0.584565,
        -0.06144,
        0.809017
      ],
      "passed_health": true
    },
    "BDS_034": {
      "elev_deg": 9.0,
      "azim_deg": 165.0,
      "los_enu": [
        0.255633,
        -0.954034,
        0.156434
      ],
      "passed_health": false
    },
    "BDS_035": {
      "elev_deg": 17.0,
      "azim_deg": 66.0,
      "los_enu": [
        0.873628,
        0.388964,
        0.292372
      ],
      "passed_health": true
    },
    "BDS_041": {
      "elev_deg": 22.0,
      "azim_deg": 316.0,
      "los_enu": [
        -0.644076,
        0.66696,
        0.374607
      ],
      "passed_health": true
    },
    "BDS_042": {
      "elev_deg": 33.0,
      "azim_deg": 185.0,
      "los_enu": [
        -0.073095,
        -0.835479,
        0.544639
      ],
      "passed_health": false
    },
    "GPS_003": {
      "elev_deg": 2.0,
      "azim_deg": 189.0,
      "los_enu": [
        -0.156339,
        -0.987087,
        0.034899
      ],
      "passed_health": false
    },
    "GPS_004": {
      "elev_deg": 65.0,
      "azim_deg": 161.0,
      "los_enu": [
        0.137591,
        -0.399593,
        0.906308
      ],
      "passed_health": true
    },
    "GPS_007": {
      "elev_deg": 46.0,
      "azim_deg": 314.0,
      "los_enu": [
        -0.499695,
        0.48255,
        0.71934
      ],
      "passed_health": false
    },
    "GPS_008": {
      "elev_deg": 53.0,
      "azim_deg": 137.0,
      "los_enu": [
        0.410437,
        -0.44014,
        0.798636
      ],
      "passed_health": true
    },
    "GPS_009": {
      "elev_deg": 72.0,
      "azim_deg": 284.0,
      "los_enu": [
        -0.299838,
        0.074758,
        0.951057
      ],
      "passed_health": true
    },
    "GPS_014": {
      "elev_deg": 5.0,
      "azim_deg": 237.0,
      "los_enu": [
        -0.835479,
        -0.542567,
        0.087156
      ],
      "passed_health": false
    },
    "GPS_016": {
      "elev_deg": 28.0,
      "azim_deg": 45.0,
      "los_enu": [
        0.624338,
        0.624338,
        0.469472
      ],
      "passed_health": false
    },
    "GPS_021": {
      "elev_deg": 6.0,
      "azim_deg": 317.0,
      "los_enu": [
        -0.678262,
        0.727347,
        0.104528
      ],
      "passed_health": false
    },
    "GPS_026": {
      "elev_deg": 4.0,
      "azim_deg": 55.967,
      "los_enu": [
        0.826693,
        0.558312,
        0.069756
      ],
      "passed_health": false
    },
    "GPS_027": {
      "elev_deg": 46.0,
      "azim_deg": 78.067,
      "los_enu": [
        0.679646,
        0.143637,
        0.71934
      ],
      "passed_health": true
    },
    "GPS_030": {
      "elev_deg": 10.0,
      "azim_deg": 292.833,
      "los_enu": [
        -0.907636,
        0.382157,
        0.173648
      ],
      "passed_health": true
    }
  }
}