{
  "label": "s4.3.5_W0_d33_h69_ch53.75_cw14.5_a90",
  "capture_start_utc": "2026-07-24T03:35:00.889496+00:00",
  "rtcm_file": "s4.3.5_W0_d33_h69_ch53.75_cw14.5_a90-260724-033500Z.rtcm",
  "rate_hz": 10,
  "duration_sec": 30,
  "ref_sat": "GPS_009",
  "satellites": {
    "BDS_014": {
      "elev_deg": 6.0,
      "azim_deg": 170.0,
      "los_enu": [
        0.172697,
        -0.979413,
        0.104528
      ],
      "passed_health": false
    },
    "BDS_024": {
      "elev_deg": 63.0,
      "azim_deg": 9.0,
      "los_enu": [
        0.07102,
        0.448401,
        0.891007
      ],
      "passed_health": true
    },
    "BDS_025": {
      "elev_deg": 32.0,
      "azim_deg": 281.0,
      "los_enu": [
        -0.832467,
        0.161815,
        0.529919
      ],
      "passed_health": false
    },
    "BDS_026": {
      "elev_deg": 28.0,
      "azim_deg": 63.0,
      "los_enu": [
        0.786712,
        0.40085,
        0.469472
      ],
      "passed_health": false
    },
    "BDS_031": {
      "elev_deg": 30.0,
      "azim_deg": 109.0,
      "los_enu": [
        0.818843,
        -0.28195,
        0.5
      ],
      "passed_health": false
    },
    "BDS_033": {
      "elev_deg": 51.0,
      "azim_deg": 249.0,
      "los_enu": [
        -0.587521,
        -0.225528,
        0.777146
      ],
      "passed_health": true
    },
    "BDS_034": {
      "elev_deg": 15.0,
      "azim_deg": 161.0,
      "los_enu": [
        0.314475,
        -0.913301,
        0.258819
      ],
      "passed_health": false
    },
    "BDS_035": {
      "elev_deg": 16.0,
      "azim_deg": 58.0,
      "los_enu": [
        0.815196,
        0.509391,
        0.275637
      ],
      "passed_health": true
    },
    "BDS_041": {
      "elev_deg": 27.0,
      "azim_deg": 309.0,
      "los_enu": [
        -0.692442,
        0.560729,
        0.45399
      ],
      "passed_health": false
    },
    "BDS_042": {
      "elev_deg": 24.0,
      "azim_deg": 184.0,
      "los_enu": [
        -0.063726,
        -0.91132,
        0.406737
      ],
      "passed_health": false
    },
    "GPS_002": {
      "elev_deg": 2.167,
      "azim_deg": 141.0,
      "los_enu": [
        0.62887,
        -0.77659,
        0.037806
      ],
      "passed_health": false
    },
    "GPS_004": {
      "elev_deg": 55.8,
      "azim_deg": 164.0,
      "los_enu": [
        0.154931,
        -0.540309,
        0.827081
      ],
      "passed_health": false
    },
    "GPS_007": {
      "elev_deg": 51.0,
      "azim_deg": 322.0,
      "los_enu": [
        -0.387448,
        0.495911,
        0.777146
      ],
      "passed_health": false
    },
    "GPS_008": {
      "elev_deg": 59.0,
      "azim_deg": 124.0,
      "los_enu": [
        0.426986,
        -0.288006,
        0.857167
      ],
      "passed_health": true
    },
    "GPS_009": {
      "elev_deg": 73.0,
      "azim_deg": 253.0,
      "los_enu": [
        -0.279596,
        -0.085481,
        0.956305
      ],
      "passed_health": true
    },
    "GPS_014": {
      "elev_deg": 10.0,
      "azim_deg": 242.0,
      "los_enu": [
        -0.869534,
        -0.462339,
        0.173648
      ],
      "passed_health": false
    },
    "GPS_016": {
      "elev_deg": 21.0,
      "azim_deg": 47.0,
      "los_enu": [
        0.682778,
        0.6367,
        0.358368
      ],
      "passed_health": false
    },
    "GPS_021": {
      "elev_deg": 7.0,
      "azim_deg": 310.0,
      "los_enu": [
        -0.760334,
        0.637996,
        0.121869
      ],
      "passed_health": true
    },
    "GPS_027": {
      "elev_deg": 43.0,
      "azim_deg": 66.0,
      "los_enu": [
        0.668125,
        0.297468,
        0.681998
      ],
      "passed_health": true
    },
    "GPS_030": {
      "elev_deg": 16.0,
      "azim_deg": 298.0,
      "los_enu": [
        -0.848744,
        0.451285,
        0.275637
      ],
      "passed_health": false
    }
  }
}