{
  "label": "s4.3.5_W0_d33_h69_ch53.75_cw14.5_a90",
  "capture_start_utc": "2026-07-24T03:34:21.302406+00:00",
  "rtcm_file": "s4.3.5_W0_d33_h69_ch53.75_cw14.5_a90-260724-033421Z.rtcm",
  "rate_hz": 10,
  "duration_sec": 30,
  "ref_sat": "GPS_009",
  "satellites": {
    "BDS_014": {
      "elev_deg": 6.367,
      "azim_deg": 170.0,
      "los_enu": [
        0.172577,
        -0.978734,
        0.110891
      ],
      "passed_health": false
    },
    "BDS_024": {
      "elev_deg": 63.0,
      "azim_deg": 7.867,
      "los_enu": [
        0.062137,
        0.449718,
        0.891007
      ],
      "passed_health": true
    },
    "BDS_025": {
      "elev_deg": 31.4,
      "azim_deg": 280.4,
      "los_enu": [
        -0.839528,
        0.154082,
        0.52101
      ],
      "passed_health": true
    },
    "BDS_026": {
      "elev_deg": 28.633,
      "azim_deg": 62.367,
      "los_enu": [
        0.777588,
        0.407089,
        0.479203
      ],
      "passed_health": true
    },
    "BDS_031": {
      "elev_deg": 29.2,
      "azim_deg": 109.8,
      "los_enu": [
        0.821316,
        -0.295692,
        0.48786
      ],
      "passed_health": true
    },
    "BDS_033": {
      "elev_deg": 51.0,
      "azim_deg": 250.733,
      "los_enu": [
        -0.594074,
        -0.207654,
        0.777146
      ],
      "passed_health": true
    },
    "BDS_034": {
      "elev_deg": 14.1,
      "azim_deg": 161.0,
      "los_enu": [
        0.315759,
        -0.917032,
        0.243615
      ],
      "passed_health": false
    },
    "BDS_035": {
      "elev_deg": 16.0,
      "azim_deg": 58.933,
      "los_enu": [
        0.823386,
        0.496045,
        0.275637
      ],
      "passed_health": true
    },
    "BDS_041": {
      "elev_deg": 27.0,
      "azim_deg": 310.0,
      "los_enu": [
        -0.682551,
        0.572728,
        0.45399
      ],
      "passed_health": true
    },
    "BDS_042": {
      "elev_deg": 25.0,
      "azim_deg": 184.0,
      "los_enu": [
        -0.063221,
        -0.9041,
        0.422618
      ],
      "passed_health": false
    },
    "GPS_002": {
      "elev_deg": 2.0,
      "azim_deg": 141.0,
      "los_enu": [
        0.628937,
        -0.776673,
        0.034899
      ],
      "passed_health": false
    },
    "GPS_004": {
      "elev_deg": 56.0,
      "azim_deg": 164.0,
      "los_enu": [
        0.154134,
        -0.537531,
        0.829038
      ],
      "passed_health": false
    },
    "GPS_007": {
      "elev_deg": 51.0,
      "azim_deg": 322.0,
      "los_enu": [
        -0.387448,
        0.495911,
        0.777146
      ],
      "passed_health": false
    },
    "GPS_008": {
      "elev_deg": 59.0,
      "azim_deg": 124.0,
      "los_enu": [
        0.426986,
        -0.288006,
        0.857167
      ],
      "passed_health": true
    },
    "GPS_009": {
      "elev_deg": 73.0,
      "azim_deg": 253.0,
      "los_enu": [
        -0.279596,
        -0.085481,
        0.956305
      ],
      "passed_health": true
    },
    "GPS_014": {
      "elev_deg": 10.0,
      "azim_deg": 242.0,
      "los_enu": [
        -0.869534,
        -0.462339,
        0.173648
      ],
      "passed_health": false
    },
    "GPS_016": {
      "elev_deg": 21.0,
      "azim_deg": 47.0,
      "los_enu": [
        0.682778,
        0.6367,
        0.358368
      ],
      "passed_health": false
    },
    "GPS_021": {
      "elev_deg": 7.0,
      "azim_deg": 310.0,
      "los_enu": [
        -0.760334,
        0.637996,
        0.121869
      ],
      "passed_health": true
    },
    "GPS_027": {
      "elev_deg": 43.0,
      "azim_deg": 66.0,
      "los_enu": [
        0.668125,
        0.297468,
        0.681998
      ],
      "passed_health": true
    },
    "GPS_030": {
      "elev_deg": 16.0,
      "azim_deg": 298.0,
      "los_enu": [
        -0.848744,
        0.451285,
        0.275637
      ],
      "passed_health": true
    }
  }
}