{
  "label": "s4.3.3_W0_d33_h69_ch53.75_cw14.5_a90",
  "capture_start_utc": "2026-07-24T03:12:36.058452+00:00",
  "rtcm_file": "s4.3.3_W0_d33_h69_ch53.75_cw14.5_a90-260724-031236Z.rtcm",
  "rate_hz": 10,
  "duration_sec": 30,
  "ref_sat": "GPS_009",
  "satellites": {
    "BDS_014": {
      "elev_deg": 15.0,
      "azim_deg": 171.0,
      "los_enu": [
        0.151104,
        -0.954034,
        0.258819
      ],
      "passed_health": false
    },
    "BDS_024": {
      "elev_deg": 66.0,
      "azim_deg": 349.0,
      "los_enu": [
        -0.077609,
        0.399264,
        0.913545
      ],
      "passed_health": true
    },
    "BDS_025": {
      "elev_deg": 26.0,
      "azim_deg": 272.0,
      "los_enu": [
        -0.898247,
        0.031367,
        0.438371
      ],
      "passed_health": true
    },
    "BDS_026": {
      "elev_deg": 34.0,
      "azim_deg": 56.0,
      "los_enu": [
        0.687303,
        0.463592,
        0.559193
      ],
      "passed_health": true
    },
    "BDS_031": {
      "elev_deg": 24.0,
      "azim_deg": 118.0,
      "los_enu": [
        0.806613,
        -0.428884,
        0.406737
      ],
      "passed_health": true
    },
    "BDS_033": {
      "elev_deg": 55.0,
      "azim_deg": 266.0,
      "los_enu": [
        -0.572179,
        -0.040011,
        0.819152
      ],
      "passed_health": true
    },
    "BDS_034": {
      "elev_deg": 8.0,
      "azim_deg": 166.0,
      "los_enu": [
        0.239568,
        -0.960853,
        0.139173
      ],
      "passed_health": false
    },
    "BDS_035": {
      "elev_deg": 17.0,
      "azim_deg": 67.0,
      "los_enu": [
        0.880283,
        0.373658,
        0.292372
      ],
      "passed_health": true
    },
    "BDS_041": {
      "elev_deg": 22.0,
      "azim_deg": 316.0,
      "los_enu": [
        -0.644076,
        0.66696,
        0.374607
      ],
      "passed_health": true
    },
    "BDS_042": {
      "elev_deg": 34.0,
      "azim_deg": 185.0,
      "los_enu": [
        -0.072255,
        -0.825883,
        0.559193
      ],
      "passed_health": false
    },
    "GPS_003": {
      "elev_deg": 3.0,
      "azim_deg": 189.333,
      "los_enu": [
        -0.161956,
        -0.985409,
        0.052336
      ],
      "passed_health": false
    },
    "GPS_004": {
      "elev_deg": 66.367,
      "azim_deg": 160.633,
      "los_enu": [
        0.132937,
        -0.378198,
        0.91613
      ],
      "passed_health": true
    },
    "GPS_007": {
      "elev_deg": 44.533,
      "azim_deg": 312.533,
      "los_enu": [
        -0.525282,
        0.481895,
        0.701324
      ],
      "passed_health": false
    },
    "GPS_008": {
      "elev_deg": 51.5,
      "azim_deg": 138.5,
      "los_enu": [
        0.412491,
        -0.466236,
        0.782608
      ],
      "passed_health": true
    },
    "GPS_009": {
      "elev_deg": 71.0,
      "azim_deg": 289.6,
      "los_enu": [
        -0.306704,
        0.109212,
        0.945519
      ],
      "passed_health": true
    },
    "GPS_014": {
      "elev_deg": 3.3,
      "azim_deg": 236.3,
      "los_enu": [
        -0.830575,
        -0.553924,
        0.057564
      ],
      "passed_health": false
    },
    "GPS_016": {
      "elev_deg": 29.767,
      "azim_deg": 44.233,
      "los_enu": [
        0.605539,
        0.621965,
        0.496469
      ],
      "passed_health": false
    },
    "GPS_021": {
      "elev_deg": 5.0,
      "azim_deg": 318.933,
      "los_enu": [
        -0.654437,
        0.751077,
        0.087156
      ],
      "passed_health": false
    },
    "GPS_026": {
      "elev_deg": 5.0,
      "azim_deg": 55.0,
      "los_enu": [
        0.816035,
        0.571394,
        0.087156
      ],
      "passed_health": false
    },
    "GPS_027": {
      "elev_deg": 46.0,
      "azim_deg": 81.0,
      "los_enu": [
        0.686106,
        0.108669,
        0.71934
      ],
      "passed_health": true
    },
    "GPS_030": {
      "elev_deg": 9.0,
      "azim_deg": 291.0,
      "los_enu": [
        -0.922087,
        0.353956,
        0.156434
      ],
      "passed_health": true
    }
  }
}