{
  "label": "s4.3_W0_d29_h69_ch53.75_cw14.5_a0",
  "capture_start_utc": "2026-07-24T02:43:21.282425+00:00",
  "rtcm_file": "s4.3_W0_d29_h69_ch53.75_cw14.5_a0-260724-024321Z.rtcm",
  "rate_hz": 10,
  "duration_sec": 30,
  "ref_sat": "GPS_004",
  "satellites": {
    "BDS_014": {
      "elev_deg": 26.133,
      "azim_deg": 171.0,
      "los_enu": [
        0.140442,
        -0.886718,
        0.440462
      ],
      "passed_health": false
    },
    "BDS_021": {
      "elev_deg": 6.0,
      "azim_deg": 160.0,
      "los_enu": [
        0.340147,
        -0.934545,
        0.104528
      ],
      "passed_health": false
    },
    "BDS_024": {
      "elev_deg": 67.0,
      "azim_deg": 318.667,
      "los_enu": [
        -0.258054,
        0.293392,
        0.920505
      ],
      "passed_health": true
    },
    "BDS_025": {
      "elev_deg": 19.0,
      "azim_deg": 261.0,
      "los_enu": [
        -0.933878,
        -0.147912,
        0.325568
      ],
      "passed_health": true
    },
    "BDS_026": {
      "elev_deg": 42.4,
      "azim_deg": 46.0,
      "los_enu": [
        0.5312,
        0.512974,
        0.674302
      ],
      "passed_health": true
    },
    "BDS_031": {
      "elev_deg": 16.0,
      "azim_deg": 127.567,
      "los_enu": [
        0.761939,
        -0.586066,
        0.275637
      ],
      "passed_health": false
    },
    "BDS_033": {
      "elev_deg": 54.0,
      "azim_deg": 288.633,
      "los_enu": [
        -0.556975,
        0.187804,
        0.809017
      ],
      "passed_health": true
    },
    "BDS_034": {
      "elev_deg": 0.0,
      "azim_deg": 172.0,
      "los_enu": [
        0.139173,
        -0.990268,
        0.0
      ],
      "passed_health": false
    },
    "BDS_035": {
      "elev_deg": 15.0,
      "azim_deg": 78.7,
      "los_enu": [
        0.947201,
        0.189269,
        0.258819
      ],
      "passed_health": true
    },
    "BDS_041": {
      "elev_deg": 13.0,
      "azim_deg": 322.0,
      "los_enu": [
        -0.599882,
        0.767814,
        0.224951
      ],
      "passed_health": false
    },
    "BDS_042": {
      "elev_deg": 47.933,
      "azim_deg": 187.933,
      "los_enu": [
        -0.092473,
        -0.663583,
        0.742366
      ],
      "passed_health": false
    },
    "GPS_003": {
      "elev_deg": 13.0,
      "azim_deg": 196.0,
      "los_enu": [
        -0.268573,
        -0.936625,
        0.224951
      ],
      "passed_health": false
    },
    "GPS_004": {
      "elev_deg": 82.0,
      "azim_deg": 148.0,
      "los_enu": [
        0.073751,
        -0.118025,
        0.990268
      ],
      "passed_health": true
    },
    "GPS_008": {
      "elev_deg": 40.0,
      "azim_deg": 151.0,
      "los_enu": [
        0.371386,
        -0.669998,
        0.642788
      ],
      "passed_health": false
    },
    "GPS_009": {
      "elev_deg": 60.0,
      "azim_deg": 312.0,
      "los_enu": [
        -0.371572,
        0.334565,
        0.866025
      ],
      "passed_health": true
    },
    "GPS_016": {
      "elev_deg": 42.0,
      "azim_deg": 42.0,
      "los_enu": [
        0.497261,
        0.552264,
        0.669131
      ],
      "passed_health": false
    },
    "GPS_021": {
      "elev_deg": 0.0,
      "azim_deg": 328.0,
      "los_enu": [
        -0.529919,
        0.848048,
        0.0
      ],
      "passed_health": false
    },
    "GPS_026": {
      "elev_deg": 14.5,
      "azim_deg": 50.0,
      "los_enu": [
        0.741644,
        0.622313,
        0.25038
      ],
      "passed_health": false
    },
    "GPS_027": {
      "elev_deg": 45.0,
      "azim_deg": 101.0,
      "los_enu": [
        0.694115,
        -0.134922,
        0.707107
      ],
      "passed_health": true
    },
    "GPS_031": {
      "elev_deg": 6.0,
      "azim_deg": 87.0,
      "los_enu": [
        0.993159,
        0.052049,
        0.104528
      ],
      "passed_health": true
    }
  }
}