{
  "label": "s1.3_W0_d16_h69_ch53.75_cw14.5_a0",
  "capture_start_utc": "2026-07-09T01:08:03.590158+00:00",
  "rtcm_file": "s1.3_W0_d16_h69_ch53.75_cw14.5_a0-260709-010803Z.rtcm",
  "rate_hz": 10,
  "duration_sec": 30,
  "ref_sat": "BDS_024",
  "satellites": {
    "BDS_014": {
      "elev_deg": 32.0,
      "azim_deg": 129.0,
      "los_enu": [
        0.659057,
        -0.533694,
        0.529919
      ],
      "passed_health": true
    },
    "BDS_021": {
      "elev_deg": 9.0,
      "azim_deg": 131.0,
      "los_enu": [
        0.745418,
        -0.647982,
        0.156434
      ],
      "passed_health": false
    },
    "BDS_024": {
      "elev_deg": 88.0,
      "azim_deg": 135.0,
      "los_enu": [
        0.024678,
        -0.024678,
        0.999391
      ],
      "passed_health": true
    },
    "BDS_025": {
      "elev_deg": 28.0,
      "azim_deg": 223.0,
      "los_enu": [
        -0.602169,
        -0.645747,
        0.469472
      ],
      "passed_health": false
    },
    "BDS_026": {
      "elev_deg": 39.0,
      "azim_deg": 45.0,
      "los_enu": [
        0.549525,
        0.549525,
        0.62932
      ],
      "passed_health": true
    },
    "BDS_033": {
      "elev_deg": 62.0,
      "azim_deg": 327.0,
      "los_enu": [
        -0.255693,
        0.393732,
        0.882948
      ],
      "passed_health": true
    },
    "BDS_041": {
      "elev_deg": 13.0,
      "azim_deg": 316.0,
      "los_enu": [
        -0.676854,
        0.700903,
        0.224951
      ],
      "passed_health": false
    },
    "BDS_042": {
      "elev_deg": 56.0,
      "azim_deg": 122.0,
      "los_enu": [
        0.474222,
        -0.296327,
        0.829038
      ],
      "passed_health": true
    },
    "GPS_001": {
      "elev_deg": 14.7,
      "azim_deg": 233.0,
      "los_enu": [
        -0.772494,
        -0.582116,
        0.253758
      ],
      "passed_health": true
    },
    "GPS_002": {
      "elev_deg": 2.0,
      "azim_deg": 213.733,
      "los_enu": [
        -0.55499,
        -0.831125,
        0.034899
      ],
      "passed_health": false
    },
    "GPS_003": {
      "elev_deg": 64.0,
      "azim_deg": 282.533,
      "los_enu": [
        -0.427925,
        0.09513,
        0.898794
      ],
      "passed_health": true
    },
    "GPS_004": {
      "elev_deg": 29.2,
      "azim_deg": 309.2,
      "los_enu": [
        -0.676466,
        0.551712,
        0.48786
      ],
      "passed_health": true
    },
    "GPS_016": {
      "elev_deg": 48.0,
      "azim_deg": 165.0,
      "los_enu": [
        0.173184,
        -0.646331,
        0.743145
      ],
      "passed_health": false
    },
    "GPS_026": {
      "elev_deg": 68.0,
      "azim_deg": 110.0,
      "los_enu": [
        0.352015,
        -0.128123,
        0.927184
      ],
      "passed_health": true
    },
    "GPS_028": {
      "elev_deg": 29.0,
      "azim_deg": 50.0,
      "los_enu": [
        0.669998,
        0.562195,
        0.48481
      ],
      "passed_health": true
    },
    "GPS_029": {
      "elev_deg": 1.0,
      "azim_deg": 58.0,
      "los_enu": [
        0.847919,
        0.529839,
        0.017452
      ],
      "passed_health": false
    },
    "GPS_031": {
      "elev_deg": 55.0,
      "azim_deg": 32.0,
      "los_enu": [
        0.303949,
        0.48642,
        0.819152
      ],
      "passed_health": true
    },
    "GPS_032": {
      "elev_deg": 19.0,
      "azim_deg": 103.0,
      "los_enu": [
        0.921285,
        -0.212695,
        0.325568
      ],
      "passed_health": true
    }
  }
}