{
  "label": "s1.3_W0_d16_h69_ch53.75_cw14.5_a0",
  "capture_start_utc": "2026-07-09T01:14:34.673907+00:00",
  "rtcm_file": "s1.3_W0_d16_h69_ch53.75_cw14.5_a0-260709-011434Z.rtcm",
  "rate_hz": 10,
  "duration_sec": 30,
  "ref_sat": "BDS_024",
  "satellites": {
    "BDS_014": {
      "elev_deg": 30.0,
      "azim_deg": 131.0,
      "los_enu": [
        0.653598,
        -0.568164,
        0.5
      ],
      "passed_health": true
    },
    "BDS_021": {
      "elev_deg": 6.0,
      "azim_deg": 133.0,
      "los_enu": [
        0.727347,
        -0.678262,
        0.104528
      ],
      "passed_health": false
    },
    "BDS_024": {
      "elev_deg": 87.0,
      "azim_deg": 60.0,
      "los_enu": [
        0.045324,
        0.026168,
        0.99863
      ],
      "passed_health": true
    },
    "BDS_025": {
      "elev_deg": 31.0,
      "azim_deg": 225.0,
      "los_enu": [
        -0.606109,
        -0.606109,
        0.515038
      ],
      "passed_health": false
    },
    "BDS_026": {
      "elev_deg": 37.0,
      "azim_deg": 44.0,
      "los_enu": [
        0.554779,
        0.57449,
        0.601815
      ],
      "passed_health": true
    },
    "BDS_033": {
      "elev_deg": 65.0,
      "azim_deg": 327.0,
      "los_enu": [
        -0.230174,
        0.354437,
        0.906308
      ],
      "passed_health": true
    },
    "BDS_041": {
      "elev_deg": 16.0,
      "azim_deg": 317.0,
      "los_enu": [
        -0.655579,
        0.703022,
        0.275637
      ],
      "passed_health": false
    },
    "BDS_042": {
      "elev_deg": 54.0,
      "azim_deg": 126.0,
      "los_enu": [
        0.475528,
        -0.345492,
        0.809017
      ],
      "passed_health": true
    },
    "GPS_001": {
      "elev_deg": 12.8,
      "azim_deg": 230.8,
      "los_enu": [
        -0.755687,
        -0.616323,
        0.221548
      ],
      "passed_health": true
    },
    "GPS_002": {
      "elev_deg": 0.833,
      "azim_deg": 211.833,
      "los_enu": [
        -0.527394,
        -0.849496,
        0.014544
      ],
      "passed_health": false
    },
    "GPS_003": {
      "elev_deg": 64.133,
      "azim_deg": 275.733,
      "los_enu": [
        -0.434096,
        0.043584,
        0.899812
      ],
      "passed_health": true
    },
    "GPS_004": {
      "elev_deg": 31.1,
      "azim_deg": 311.1,
      "los_enu": [
        -0.645252,
        0.562889,
        0.516533
      ],
      "passed_health": true
    },
    "GPS_009": {
      "elev_deg": 1.0,
      "azim_deg": 301.0,
      "los_enu": [
        -0.857037,
        0.51496,
        0.017452
      ],
      "passed_health": false
    },
    "GPS_016": {
      "elev_deg": 51.0,
      "azim_deg": 164.0,
      "los_enu": [
        0.173464,
        -0.604942,
        0.777146
      ],
      "passed_health": true
    },
    "GPS_026": {
      "elev_deg": 68.0,
      "azim_deg": 102.0,
      "los_enu": [
        0.366421,
        -0.077885,
        0.927184
      ],
      "passed_health": true
    },
    "GPS_027": {
      "elev_deg": 0.0,
      "azim_deg": 161.0,
      "los_enu": [
        0.325568,
        -0.945519,
        0.0
      ],
      "passed_health": false
    },
    "GPS_028": {
      "elev_deg": 26.0,
      "azim_deg": 52.0,
      "los_enu": [
        0.708259,
        0.553353,
        0.438371
      ],
      "passed_health": false
    },
    "GPS_029": {
      "elev_deg": 1.0,
      "azim_deg": 56.0,
      "los_enu": [
        0.828911,
        0.559108,
        0.017452
      ],
      "passed_health": false
    },
    "GPS_031": {
      "elev_deg": 52.0,
      "azim_deg": 34.0,
      "los_enu": [
        0.344274,
        0.510406,
        0.788011
      ],
      "passed_health": true
    },
    "GPS_032": {
      "elev_deg": 18.0,
      "azim_deg": 105.0,
      "los_enu": [
        0.91865,
        -0.246152,
        0.309017
      ],
      "passed_health": true
    }
  }
}