{
  "label": "s1.3.4_W0_d16_h69_ch53.75_cw14.5_a0",
  "capture_start_utc": "2026-07-09T01:47:12.970313+00:00",
  "rtcm_file": "s1.3.4_W0_d16_h69_ch53.75_cw14.5_a0-260709-014712Z.rtcm",
  "rate_hz": 10,
  "duration_sec": 30,
  "ref_sat": "BDS_033",
  "satellites": {
    "BDS_014": {
      "elev_deg": 19.0,
      "azim_deg": 139.0,
      "los_enu": [
        0.620316,
        -0.713592,
        0.325568
      ],
      "passed_health": false
    },
    "BDS_024": {
      "elev_deg": 74.0,
      "azim_deg": 30.0,
      "los_enu": [
        0.137819,
        0.238709,
        0.961262
      ],
      "passed_health": true
    },
    "BDS_025": {
      "elev_deg": 42.0,
      "azim_deg": 235.0,
      "los_enu": [
        -0.608749,
        -0.42625,
        0.669131
      ],
      "passed_health": true
    },
    "BDS_026": {
      "elev_deg": 25.0,
      "azim_deg": 46.0,
      "los_enu": [
        0.651943,
        0.629574,
        0.422618
      ],
      "passed_health": false
    },
    "BDS_033": {
      "elev_deg": 78.0,
      "azim_deg": 317.0,
      "los_enu": [
        -0.141795,
        0.152057,
        0.978148
      ],
      "passed_health": true
    },
    "BDS_041": {
      "elev_deg": 27.0,
      "azim_deg": 319.0,
      "los_enu": [
        -0.584553,
        0.672451,
        0.45399
      ],
      "passed_health": false
    },
    "BDS_042": {
      "elev_deg": 42.0,
      "azim_deg": 140.0,
      "los_enu": [
        0.477684,
        -0.569282,
        0.669131
      ],
      "passed_health": true
    },
    "GPS_001": {
      "elev_deg": 4.0,
      "azim_deg": 220.0,
      "los_enu": [
        -0.641222,
        -0.764178,
        0.069756
      ],
      "passed_health": false
    },
    "GPS_003": {
      "elev_deg": 61.0,
      "azim_deg": 238.0,
      "los_enu": [
        -0.411142,
        -0.25691,
        0.87462
      ],
      "passed_health": true
    },
    "GPS_004": {
      "elev_deg": 44.0,
      "azim_deg": 321.0,
      "los_enu": [
        -0.452695,
        0.559032,
        0.694658
      ],
      "passed_health": true
    },
    "GPS_007": {
      "elev_deg": 6.0,
      "azim_deg": 258.0,
      "los_enu": [
        -0.972789,
        -0.206773,
        0.104528
      ],
      "passed_health": false
    },
    "GPS_009": {
      "elev_deg": 12.0,
      "azim_deg": 309.0,
      "los_enu": [
        -0.760163,
        0.615568,
        0.207912
      ],
      "passed_health": false
    },
    "GPS_016": {
      "elev_deg": 67.0,
      "azim_deg": 147.0,
      "los_enu": [
        0.212807,
        -0.327695,
        0.920505
      ],
      "passed_health": true
    },
    "GPS_026": {
      "elev_deg": 62.0,
      "azim_deg": 64.0,
      "los_enu": [
        0.421958,
        0.205803,
        0.882948
      ],
      "passed_health": true
    },
    "GPS_027": {
      "elev_deg": 10.0,
      "azim_deg": 151.0,
      "los_enu": [
        0.477444,
        -0.861332,
        0.173648
      ],
      "passed_health": false
    },
    "GPS_028": {
      "elev_deg": 16.0,
      "azim_deg": 61.0,
      "los_enu": [
        0.840738,
        0.466029,
        0.275637
      ],
      "passed_health": false
    },
    "GPS_029": {
      "elev_deg": 1.0,
      "azim_deg": 43.0,
      "los_enu": [
        0.681894,
        0.731242,
        0.017452
      ],
      "passed_health": false
    },
    "GPS_031": {
      "elev_deg": 40.0,
      "azim_deg": 47.0,
      "los_enu": [
        0.560249,
        0.522441,
        0.642788
      ],
      "passed_health": true
    },
    "GPS_032": {
      "elev_deg": 7.0,
      "azim_deg": 117.0,
      "los_enu": [
        0.884365,
        -0.450607,
        0.121869
      ],
      "passed_health": false
    }
  }
}