{
  "label": "s1.3.2_W0_d16_h69_ch53.75_cw14.5_a0",
  "capture_start_utc": "2026-07-09T01:18:39.280076+00:00",
  "rtcm_file": "s1.3.2_W0_d16_h69_ch53.75_cw14.5_a0-260709-011839Z.rtcm",
  "rate_hz": 10,
  "duration_sec": 30,
  "ref_sat": "BDS_024",
  "satellites": {
    "BDS_014": {
      "elev_deg": 28.0,
      "azim_deg": 132.0,
      "los_enu": [
        0.656158,
        -0.590807,
        0.469472
      ],
      "passed_health": false
    },
    "BDS_021": {
      "elev_deg": 5.0,
      "azim_deg": 134.0,
      "los_enu": [
        0.716602,
        -0.692015,
        0.087156
      ],
      "passed_health": false
    },
    "BDS_024": {
      "elev_deg": 85.1,
      "azim_deg": 43.599,
      "los_enu": [
        0.058904,
        0.061857,
        0.996345
      ],
      "passed_health": true
    },
    "BDS_025": {
      "elev_deg": 31.867,
      "azim_deg": 226.0,
      "los_enu": [
        -0.61092,
        -0.589959,
        0.527944
      ],
      "passed_health": true
    },
    "BDS_026": {
      "elev_deg": 35.167,
      "azim_deg": 44.0,
      "los_enu": [
        0.567869,
        0.588046,
        0.575957
      ],
      "passed_health": true
    },
    "BDS_033": {
      "elev_deg": 66.6,
      "azim_deg": 327.0,
      "los_enu": [
        -0.216302,
        0.333076,
        0.917755
      ],
      "passed_health": true
    },
    "BDS_041": {
      "elev_deg": 16.333,
      "azim_deg": 317.0,
      "los_enu": [
        -0.654474,
        0.701838,
        0.281225
      ],
      "passed_health": false
    },
    "BDS_042": {
      "elev_deg": 53.0,
      "azim_deg": 127.3,
      "los_enu": [
        0.478728,
        -0.364693,
        0.798636
      ],
      "passed_health": true
    },
    "GPS_001": {
      "elev_deg": 11.0,
      "azim_deg": 230.0,
      "los_enu": [
        -0.75197,
        -0.630978,
        0.190809
      ],
      "passed_health": false
    },
    "GPS_002": {
      "elev_deg": 0.0,
      "azim_deg": 210.0,
      "los_enu": [
        -0.5,
        -0.866025,
        0.0
      ],
      "passed_health": false
    },
    "GPS_003": {
      "elev_deg": 65.0,
      "azim_deg": 269.2,
      "los_enu": [
        -0.422577,
        -0.005901,
        0.906308
      ],
      "passed_health": true
    },
    "GPS_004": {
      "elev_deg": 33.0,
      "azim_deg": 312.0,
      "los_enu": [
        -0.623254,
        0.56118,
        0.544639
      ],
      "passed_health": true
    },
    "GPS_009": {
      "elev_deg": 3.0,
      "azim_deg": 302.0,
      "los_enu": [
        -0.846886,
        0.529193,
        0.052336
      ],
      "passed_health": false
    },
    "GPS_016": {
      "elev_deg": 53.0,
      "azim_deg": 162.0,
      "los_enu": [
        0.185971,
        -0.57236,
        0.798636
      ],
      "passed_health": true
    },
    "GPS_026": {
      "elev_deg": 68.0,
      "azim_deg": 94.0,
      "los_enu": [
        0.373694,
        -0.026131,
        0.927184
      ],
      "passed_health": true
    },
    "GPS_027": {
      "elev_deg": 2.0,
      "azim_deg": 160.0,
      "los_enu": [
        0.341812,
        -0.93912,
        0.034899
      ],
      "passed_health": false
    },
    "GPS_028": {
      "elev_deg": 25.0,
      "azim_deg": 53.0,
      "los_enu": [
        0.72381,
        0.54543,
        0.422618
      ],
      "passed_health": false
    },
    "GPS_029": {
      "elev_deg": 1.0,
      "azim_deg": 54.0,
      "los_enu": [
        0.808894,
        0.587696,
        0.017452
      ],
      "passed_health": false
    },
    "GPS_031": {
      "elev_deg": 51.0,
      "azim_deg": 36.0,
      "los_enu": [
        0.369905,
        0.509131,
        0.777146
      ],
      "passed_health": true
    },
    "GPS_032": {
      "elev_deg": 16.0,
      "azim_deg": 107.0,
      "los_enu": [
        0.919259,
        -0.281046,
        0.275637
      ],
      "passed_health": true
    }
  }
}