{
  "label": "s1.3_W0_d16_h69_ch53.75_cw14.5_a0",
  "capture_start_utc": "2026-07-09T01:02:50.295431+00:00",
  "rtcm_file": "s1.3_W0_d16_h69_ch53.75_cw14.5_a0-260709-010250Z.rtcm",
  "rate_hz": 10,
  "duration_sec": 30,
  "ref_sat": "BDS_024",
  "satellites": {
    "BDS_014": {
      "elev_deg": 34.0,
      "azim_deg": 127.0,
      "los_enu": [
        0.662099,
        -0.498927,
        0.559193
      ],
      "passed_health": true
    },
    "BDS_021": {
      "elev_deg": 10.0,
      "azim_deg": 130.0,
      "los_enu": [
        0.754407,
        -0.633022,
        0.173648
      ],
      "passed_health": false
    },
    "BDS_024": {
      "elev_deg": 86.0,
      "azim_deg": 170.0,
      "los_enu": [
        0.012113,
        -0.068697,
        0.997564
      ],
      "passed_health": true
    },
    "BDS_025": {
      "elev_deg": 26.0,
      "azim_deg": 222.0,
      "los_enu": [
        -0.601411,
        -0.667934,
        0.438371
      ],
      "passed_health": false
    },
    "BDS_026": {
      "elev_deg": 41.0,
      "azim_deg": 45.0,
      "los_enu": [
        0.53366,
        0.53366,
        0.656059
      ],
      "passed_health": true
    },
    "BDS_033": {
      "elev_deg": 59.0,
      "azim_deg": 327.0,
      "los_enu": [
        -0.28051,
        0.431947,
        0.857167
      ],
      "passed_health": true
    },
    "BDS_041": {
      "elev_deg": 11.0,
      "azim_deg": 316.0,
      "los_enu": [
        -0.681896,
        0.706124,
        0.190809
      ],
      "passed_health": false
    },
    "BDS_042": {
      "elev_deg": 58.0,
      "azim_deg": 119.0,
      "los_enu": [
        0.463478,
        -0.25691,
        0.848048
      ],
      "passed_health": true
    },
    "GPS_001": {
      "elev_deg": 16.0,
      "azim_deg": 235.0,
      "los_enu": [
        -0.787419,
        -0.551357,
        0.275637
      ],
      "passed_health": true
    },
    "GPS_002": {
      "elev_deg": 3.0,
      "azim_deg": 215.0,
      "los_enu": [
        -0.57279,
        -0.818029,
        0.052336
      ],
      "passed_health": false
    },
    "GPS_003": {
      "elev_deg": 63.0,
      "azim_deg": 287.0,
      "los_enu": [
        -0.434153,
        0.132734,
        0.891007
      ],
      "passed_health": true
    },
    "GPS_004": {
      "elev_deg": 28.0,
      "azim_deg": 308.0,
      "los_enu": [
        -0.695772,
        0.543597,
        0.469472
      ],
      "passed_health": true
    },
    "GPS_016": {
      "elev_deg": 46.0,
      "azim_deg": 166.0,
      "los_enu": [
        0.168053,
        -0.674024,
        0.71934
      ],
      "passed_health": false
    },
    "GPS_026": {
      "elev_deg": 67.0,
      "azim_deg": 115.4,
      "los_enu": [
        0.352962,
        -0.167598,
        0.920505
      ],
      "passed_health": true
    },
    "GPS_028": {
      "elev_deg": 30.167,
      "azim_deg": 48.833,
      "los_enu": [
        0.650845,
        0.569103,
        0.502517
      ],
      "passed_health": true
    },
    "GPS_031": {
      "elev_deg": 56.2,
      "azim_deg": 29.8,
      "los_enu": [
        0.276464,
        0.482734,
        0.830984
      ],
      "passed_health": true
    },
    "GPS_032": {
      "elev_deg": 21.0,
      "azim_deg": 101.0,
      "los_enu": [
        0.916428,
        -0.178136,
        0.358368
      ],
      "passed_health": true
    }
  }
}