{
  "label": "s1.3_W0_d16_h69_ch53.75_cw14.5_a0",
  "capture_start_utc": "2026-07-09T01:15:13.837575+00:00",
  "rtcm_file": "s1.3_W0_d16_h69_ch53.75_cw14.5_a0-260709-011513Z.rtcm",
  "rate_hz": 10,
  "duration_sec": 30,
  "ref_sat": "BDS_024",
  "satellites": {
    "BDS_014": {
      "elev_deg": 30.0,
      "azim_deg": 131.0,
      "los_enu": [
        0.653598,
        -0.568164,
        0.5
      ],
      "passed_health": true
    },
    "BDS_021": {
      "elev_deg": 6.0,
      "azim_deg": 133.0,
      "los_enu": [
        0.727347,
        -0.678262,
        0.104528
      ],
      "passed_health": false
    },
    "BDS_024": {
      "elev_deg": 87.0,
      "azim_deg": 60.0,
      "los_enu": [
        0.045324,
        0.026168,
        0.99863
      ],
      "passed_health": true
    },
    "BDS_025": {
      "elev_deg": 31.0,
      "azim_deg": 225.0,
      "los_enu": [
        -0.606109,
        -0.606109,
        0.515038
      ],
      "passed_health": false
    },
    "BDS_026": {
      "elev_deg": 37.0,
      "azim_deg": 44.0,
      "los_enu": [
        0.554779,
        0.57449,
        0.601815
      ],
      "passed_health": true
    },
    "BDS_033": {
      "elev_deg": 65.0,
      "azim_deg": 327.0,
      "los_enu": [
        -0.230174,
        0.354437,
        0.906308
      ],
      "passed_health": true
    },
    "BDS_041": {
      "elev_deg": 16.0,
      "azim_deg": 317.0,
      "los_enu": [
        -0.655579,
        0.703022,
        0.275637
      ],
      "passed_health": false
    },
    "BDS_042": {
      "elev_deg": 54.0,
      "azim_deg": 126.0,
      "los_enu": [
        0.475528,
        -0.345492,
        0.809017
      ],
      "passed_health": true
    },
    "GPS_001": {
      "elev_deg": 12.0,
      "azim_deg": 230.0,
      "los_enu": [
        -0.749305,
        -0.628741,
        0.207912
      ],
      "passed_health": true
    },
    "GPS_002": {
      "elev_deg": 0.0,
      "azim_deg": 211.0,
      "los_enu": [
        -0.515038,
        -0.857167,
        0.0
      ],
      "passed_health": false
    },
    "GPS_003": {
      "elev_deg": 65.0,
      "azim_deg": 274.0,
      "los_enu": [
        -0.421589,
        0.02948,
        0.906308
      ],
      "passed_health": true
    },
    "GPS_004": {
      "elev_deg": 32.0,
      "azim_deg": 312.0,
      "los_enu": [
        -0.630223,
        0.567455,
        0.529919
      ],
      "passed_health": true
    },
    "GPS_009": {
      "elev_deg": 2.0,
      "azim_deg": 301.0,
      "los_enu": [
        -0.856645,
        0.514724,
        0.034899
      ],
      "passed_health": false
    },
    "GPS_016": {
      "elev_deg": 52.0,
      "azim_deg": 163.0,
      "los_enu": [
        0.180002,
        -0.58876,
        0.788011
      ],
      "passed_health": true
    },
    "GPS_026": {
      "elev_deg": 68.0,
      "azim_deg": 99.2,
      "los_enu": [
        0.369788,
        -0.059891,
        0.927184
      ],
      "passed_health": true
    },
    "GPS_027": {
      "elev_deg": 0.667,
      "azim_deg": 160.333,
      "los_enu": [
        0.336525,
        -0.941603,
        0.011635
      ],
      "passed_health": false
    },
    "GPS_028": {
      "elev_deg": 26.0,
      "azim_deg": 52.0,
      "los_enu": [
        0.708259,
        0.553353,
        0.438371
      ],
      "passed_health": false
    },
    "GPS_029": {
      "elev_deg": 1.0,
      "azim_deg": 55.4,
      "los_enu": [
        0.823011,
        0.567757,
        0.017452
      ],
      "passed_health": false
    },
    "GPS_031": {
      "elev_deg": 52.0,
      "azim_deg": 34.533,
      "los_enu": [
        0.34901,
        0.50718,
        0.788011
      ],
      "passed_health": true
    },
    "GPS_032": {
      "elev_deg": 17.5,
      "azim_deg": 105.5,
      "los_enu": [
        0.919031,
        -0.25487,
        0.300706
      ],
      "passed_health": true
    }
  }
}