{
  "label": "s1.3.4_W0_d16_h69_ch53.75_cw14.5_a0",
  "capture_start_utc": "2026-07-09T01:53:44.565903+00:00",
  "rtcm_file": "s1.3.4_W0_d16_h69_ch53.75_cw14.5_a0-260709-015344Z.rtcm",
  "rate_hz": 10,
  "duration_sec": 30,
  "ref_sat": "BDS_033",
  "satellites": {
    "BDS_014": {
      "elev_deg": 16.0,
      "azim_deg": 141.0,
      "los_enu": [
        0.604942,
        -0.747041,
        0.275637
      ],
      "passed_health": false
    },
    "BDS_024": {
      "elev_deg": 71.0,
      "azim_deg": 31.0,
      "los_enu": [
        0.16768,
        0.279066,
        0.945519
      ],
      "passed_health": true
    },
    "BDS_025": {
      "elev_deg": 44.0,
      "azim_deg": 238.0,
      "los_enu": [
        -0.610035,
        -0.381192,
        0.694658
      ],
      "passed_health": true
    },
    "BDS_026": {
      "elev_deg": 23.0,
      "azim_deg": 46.0,
      "los_enu": [
        0.662156,
        0.639436,
        0.390731
      ],
      "passed_health": false
    },
    "BDS_033": {
      "elev_deg": 81.0,
      "azim_deg": 309.0,
      "los_enu": [
        -0.121572,
        0.098447,
        0.987688
      ],
      "passed_health": true
    },
    "BDS_041": {
      "elev_deg": 29.0,
      "azim_deg": 319.0,
      "los_enu": [
        -0.573802,
        0.660084,
        0.48481
      ],
      "passed_health": false
    },
    "BDS_042": {
      "elev_deg": 40.0,
      "azim_deg": 142.0,
      "los_enu": [
        0.471624,
        -0.603651,
        0.642788
      ],
      "passed_health": true
    },
    "GPS_001": {
      "elev_deg": 2.0,
      "azim_deg": 218.0,
      "los_enu": [
        -0.615286,
        -0.787531,
        0.034899
      ],
      "passed_health": false
    },
    "GPS_003": {
      "elev_deg": 59.0,
      "azim_deg": 233.0,
      "los_enu": [
        -0.411328,
        -0.309958,
        0.857167
      ],
      "passed_health": true
    },
    "GPS_004": {
      "elev_deg": 46.0,
      "azim_deg": 322.0,
      "los_enu": [
        -0.427674,
        0.547398,
        0.71934
      ],
      "passed_health": true
    },
    "GPS_007": {
      "elev_deg": 7.0,
      "azim_deg": 260.0,
      "los_enu": [
        -0.977467,
        -0.172354,
        0.121869
      ],
      "passed_health": false
    },
    "GPS_009": {
      "elev_deg": 15.0,
      "azim_deg": 310.0,
      "los_enu": [
        -0.739942,
        0.620885,
        0.258819
      ],
      "passed_health": false
    },
    "GPS_016": {
      "elev_deg": 69.0,
      "azim_deg": 140.0,
      "los_enu": [
        0.230354,
        -0.274526,
        0.93358
      ],
      "passed_health": true
    },
    "GPS_026": {
      "elev_deg": 59.0,
      "azim_deg": 59.0,
      "los_enu": [
        0.441474,
        0.265264,
        0.857167
      ],
      "passed_health": true
    },
    "GPS_027": {
      "elev_deg": 12.0,
      "azim_deg": 149.0,
      "los_enu": [
        0.503783,
        -0.838436,
        0.207912
      ],
      "passed_health": false
    },
    "GPS_028": {
      "elev_deg": 14.0,
      "azim_deg": 63.0,
      "los_enu": [
        0.86454,
        0.440505,
        0.241922
      ],
      "passed_health": true
    },
    "GPS_029": {
      "elev_deg": 1.0,
      "azim_deg": 41.0,
      "los_enu": [
        0.655959,
        0.754595,
        0.017452
      ],
      "passed_health": false
    },
    "GPS_031": {
      "elev_deg": 38.0,
      "azim_deg": 49.0,
      "los_enu": [
        0.594719,
        0.516982,
        0.615661
      ],
      "passed_health": true
    },
    "GPS_032": {
      "elev_deg": 5.0,
      "azim_deg": 119.0,
      "los_enu": [
        0.871292,
        -0.482965,
        0.087156
      ],
      "passed_health": false
    }
  }
}