{
  "label": "s1.3.2_W0_d16_h69_ch53.75_cw14.5_a0",
  "capture_start_utc": "2026-07-09T01:19:18.423411+00:00",
  "rtcm_file": "s1.3.2_W0_d16_h69_ch53.75_cw14.5_a0-260709-011918Z.rtcm",
  "rate_hz": 10,
  "duration_sec": 30,
  "ref_sat": "BDS_024",
  "satellites": {
    "BDS_014": {
      "elev_deg": 28.0,
      "azim_deg": 132.933,
      "los_enu": [
        0.646447,
        -0.601417,
        0.469472
      ],
      "passed_health": false
    },
    "BDS_021": {
      "elev_deg": 5.0,
      "azim_deg": 134.0,
      "los_enu": [
        0.716602,
        -0.692015,
        0.087156
      ],
      "passed_health": false
    },
    "BDS_024": {
      "elev_deg": 85.0,
      "azim_deg": 43.0,
      "los_enu": [
        0.05944,
        0.063742,
        0.996195
      ],
      "passed_health": true
    },
    "BDS_025": {
      "elev_deg": 32.0,
      "azim_deg": 226.0,
      "los_enu": [
        -0.610035,
        -0.589104,
        0.529919
      ],
      "passed_health": true
    },
    "BDS_026": {
      "elev_deg": 35.0,
      "azim_deg": 44.0,
      "los_enu": [
        0.569031,
        0.589249,
        0.573576
      ],
      "passed_health": true
    },
    "BDS_033": {
      "elev_deg": 67.0,
      "azim_deg": 327.0,
      "los_enu": [
        -0.212807,
        0.327695,
        0.920505
      ],
      "passed_health": true
    },
    "BDS_041": {
      "elev_deg": 17.0,
      "azim_deg": 317.0,
      "los_enu": [
        -0.652198,
        0.699397,
        0.292372
      ],
      "passed_health": false
    },
    "BDS_042": {
      "elev_deg": 53.0,
      "azim_deg": 128.0,
      "los_enu": [
        0.474237,
        -0.370514,
        0.798636
      ],
      "passed_health": true
    },
    "GPS_001": {
      "elev_deg": 11.0,
      "azim_deg": 229.333,
      "los_enu": [
        -0.744578,
        -0.639684,
        0.190809
      ],
      "passed_health": true
    },
    "GPS_002": {
      "elev_deg": 0.0,
      "azim_deg": 210.0,
      "los_enu": [
        -0.5,
        -0.866025,
        0.0
      ],
      "passed_health": false
    },
    "GPS_003": {
      "elev_deg": 65.0,
      "azim_deg": 268.4,
      "los_enu": [
        -0.422453,
        -0.0118,
        0.906308
      ],
      "passed_health": true
    },
    "GPS_004": {
      "elev_deg": 34.0,
      "azim_deg": 313.0,
      "los_enu": [
        -0.60632,
        0.565402,
        0.559193
      ],
      "passed_health": true
    },
    "GPS_009": {
      "elev_deg": 3.4,
      "azim_deg": 302.0,
      "los_enu": [
        -0.846555,
        0.528987,
        0.059306
      ],
      "passed_health": false
    },
    "GPS_016": {
      "elev_deg": 53.167,
      "azim_deg": 161.833,
      "los_enu": [
        0.18691,
        -0.569607,
        0.800383
      ],
      "passed_health": true
    },
    "GPS_026": {
      "elev_deg": 68.0,
      "azim_deg": 94.0,
      "los_enu": [
        0.373694,
        -0.026131,
        0.927184
      ],
      "passed_health": true
    },
    "GPS_027": {
      "elev_deg": 2.0,
      "azim_deg": 160.0,
      "los_enu": [
        0.341812,
        -0.93912,
        0.034899
      ],
      "passed_health": false
    },
    "GPS_028": {
      "elev_deg": 24.6,
      "azim_deg": 53.0,
      "los_enu": [
        0.726148,
        0.547192,
        0.416281
      ],
      "passed_health": false
    },
    "GPS_029": {
      "elev_deg": 1.0,
      "azim_deg": 54.0,
      "los_enu": [
        0.808894,
        0.587696,
        0.017452
      ],
      "passed_health": false
    },
    "GPS_031": {
      "elev_deg": 51.0,
      "azim_deg": 36.0,
      "los_enu": [
        0.369905,
        0.509131,
        0.777146
      ],
      "passed_health": true
    },
    "GPS_032": {
      "elev_deg": 16.0,
      "azim_deg": 107.0,
      "los_enu": [
        0.919259,
        -0.281046,
        0.275637
      ],
      "passed_health": true
    }
  }
}