{
  "label": "s1.3.4_W0_d16_h69_ch53.75_cw14.5_a0",
  "capture_start_utc": "2026-07-09T01:44:36.838471+00:00",
  "rtcm_file": "s1.3.4_W0_d16_h69_ch53.75_cw14.5_a0-260709-014436Z.rtcm",
  "rate_hz": 10,
  "duration_sec": 30,
  "ref_sat": "BDS_033",
  "satellites": {
    "BDS_014": {
      "elev_deg": 19.0,
      "azim_deg": 139.0,
      "los_enu": [
        0.620316,
        -0.713592,
        0.325568
      ],
      "passed_health": false
    },
    "BDS_024": {
      "elev_deg": 75.0,
      "azim_deg": 30.0,
      "los_enu": [
        0.12941,
        0.224144,
        0.965926
      ],
      "passed_health": true
    },
    "BDS_025": {
      "elev_deg": 41.0,
      "azim_deg": 234.0,
      "los_enu": [
        -0.610573,
        -0.443607,
        0.656059
      ],
      "passed_health": true
    },
    "BDS_026": {
      "elev_deg": 26.0,
      "azim_deg": 45.0,
      "los_enu": [
        0.635543,
        0.635543,
        0.438371
      ],
      "passed_health": false
    },
    "BDS_033": {
      "elev_deg": 77.0,
      "azim_deg": 319.0,
      "los_enu": [
        -0.147581,
        0.169773,
        0.97437
      ],
      "passed_health": true
    },
    "BDS_041": {
      "elev_deg": 26.0,
      "azim_deg": 319.0,
      "los_enu": [
        -0.589662,
        0.678328,
        0.438371
      ],
      "passed_health": false
    },
    "BDS_042": {
      "elev_deg": 43.0,
      "azim_deg": 139.0,
      "los_enu": [
        0.479811,
        -0.55196,
        0.681998
      ],
      "passed_health": true
    },
    "GPS_001": {
      "elev_deg": 4.0,
      "azim_deg": 221.0,
      "los_enu": [
        -0.654461,
        -0.752871,
        0.069756
      ],
      "passed_health": false
    },
    "GPS_003": {
      "elev_deg": 61.0,
      "azim_deg": 241.0,
      "los_enu": [
        -0.424024,
        -0.23504,
        0.87462
      ],
      "passed_health": true
    },
    "GPS_004": {
      "elev_deg": 43.0,
      "azim_deg": 320.0,
      "los_enu": [
        -0.470105,
        0.560249,
        0.681998
      ],
      "passed_health": true
    },
    "GPS_007": {
      "elev_deg": 5.0,
      "azim_deg": 257.0,
      "los_enu": [
        -0.970662,
        -0.224095,
        0.087156
      ],
      "passed_health": false
    },
    "GPS_009": {
      "elev_deg": 12.0,
      "azim_deg": 308.0,
      "los_enu": [
        -0.770791,
        0.602208,
        0.207912
      ],
      "passed_health": false
    },
    "GPS_016": {
      "elev_deg": 66.0,
      "azim_deg": 148.0,
      "los_enu": [
        0.215538,
        -0.344932,
        0.913545
      ],
      "passed_health": true
    },
    "GPS_026": {
      "elev_deg": 63.0,
      "azim_deg": 65.067,
      "los_enu": [
        0.411678,
        0.191386,
        0.891007
      ],
      "passed_health": true
    },
    "GPS_027": {
      "elev_deg": 8.933,
      "azim_deg": 152.067,
      "los_enu": [
        0.462762,
        -0.872776,
        0.155285
      ],
      "passed_health": false
    },
    "GPS_028": {
      "elev_deg": 16.0,
      "azim_deg": 60.0,
      "los_enu": [
        0.832477,
        0.480631,
        0.275637
      ],
      "passed_health": false
    },
    "GPS_029": {
      "elev_deg": 1.0,
      "azim_deg": 44.133,
      "los_enu": [
        0.696224,
        0.717612,
        0.017452
      ],
      "passed_health": false
    },
    "GPS_031": {
      "elev_deg": 41.2,
      "azim_deg": 45.8,
      "los_enu": [
        0.539414,
        0.524557,
        0.658689
      ],
      "passed_health": true
    },
    "GPS_032": {
      "elev_deg": 8.233,
      "azim_deg": 115.767,
      "los_enu": [
        0.89129,
        -0.430227,
        0.143205
      ],
      "passed_health": false
    }
  }
}