{
  "label": "s1.3.4_W0_d16_h69_ch53.75_cw14.5_a0",
  "capture_start_utc": "2026-07-09T01:45:54.625674+00:00",
  "rtcm_file": "s1.3.4_W0_d16_h69_ch53.75_cw14.5_a0-260709-014554Z.rtcm",
  "rate_hz": 10,
  "duration_sec": 30,
  "ref_sat": "BDS_033",
  "satellites": {
    "BDS_014": {
      "elev_deg": 19.0,
      "azim_deg": 139.0,
      "los_enu": [
        0.620316,
        -0.713592,
        0.325568
      ],
      "passed_health": false
    },
    "BDS_024": {
      "elev_deg": 74.0,
      "azim_deg": 30.0,
      "los_enu": [
        0.137819,
        0.238709,
        0.961262
      ],
      "passed_health": true
    },
    "BDS_025": {
      "elev_deg": 42.0,
      "azim_deg": 235.0,
      "los_enu": [
        -0.608749,
        -0.42625,
        0.669131
      ],
      "passed_health": true
    },
    "BDS_026": {
      "elev_deg": 25.0,
      "azim_deg": 46.0,
      "los_enu": [
        0.651943,
        0.629574,
        0.422618
      ],
      "passed_health": false
    },
    "BDS_033": {
      "elev_deg": 78.0,
      "azim_deg": 317.0,
      "los_enu": [
        -0.141795,
        0.152057,
        0.978148
      ],
      "passed_health": true
    },
    "BDS_041": {
      "elev_deg": 26.867,
      "azim_deg": 319.0,
      "los_enu": [
        -0.585244,
        0.673247,
        0.451916
      ],
      "passed_health": false
    },
    "BDS_042": {
      "elev_deg": 42.167,
      "azim_deg": 139.0,
      "los_enu": [
        0.486268,
        -0.559387,
        0.671289
      ],
      "passed_health": true
    },
    "GPS_001": {
      "elev_deg": 4.0,
      "azim_deg": 221.0,
      "los_enu": [
        -0.654461,
        -0.752871,
        0.069756
      ],
      "passed_health": false
    },
    "GPS_003": {
      "elev_deg": 61.0,
      "azim_deg": 241.0,
      "los_enu": [
        -0.424024,
        -0.23504,
        0.87462
      ],
      "passed_health": true
    },
    "GPS_004": {
      "elev_deg": 43.0,
      "azim_deg": 320.0,
      "los_enu": [
        -0.470105,
        0.560249,
        0.681998
      ],
      "passed_health": true
    },
    "GPS_007": {
      "elev_deg": 5.0,
      "azim_deg": 257.0,
      "los_enu": [
        -0.970662,
        -0.224095,
        0.087156
      ],
      "passed_health": false
    },
    "GPS_009": {
      "elev_deg": 12.0,
      "azim_deg": 308.0,
      "los_enu": [
        -0.770791,
        0.602208,
        0.207912
      ],
      "passed_health": false
    },
    "GPS_016": {
      "elev_deg": 66.0,
      "azim_deg": 148.0,
      "los_enu": [
        0.215538,
        -0.344932,
        0.913545
      ],
      "passed_health": true
    },
    "GPS_026": {
      "elev_deg": 63.0,
      "azim_deg": 65.0,
      "los_enu": [
        0.411455,
        0.191865,
        0.891007
      ],
      "passed_health": true
    },
    "GPS_027": {
      "elev_deg": 9.0,
      "azim_deg": 152.0,
      "los_enu": [
        0.463692,
        -0.872077,
        0.156434
      ],
      "passed_health": false
    },
    "GPS_028": {
      "elev_deg": 16.0,
      "azim_deg": 60.0,
      "los_enu": [
        0.832477,
        0.480631,
        0.275637
      ],
      "passed_health": false
    },
    "GPS_029": {
      "elev_deg": 1.0,
      "azim_deg": 44.0,
      "los_enu": [
        0.694553,
        0.71923,
        0.017452
      ],
      "passed_health": false
    },
    "GPS_031": {
      "elev_deg": 41.0,
      "azim_deg": 46.0,
      "los_enu": [
        0.542893,
        0.524265,
        0.656059
      ],
      "passed_health": true
    },
    "GPS_032": {
      "elev_deg": 8.0,
      "azim_deg": 116.0,
      "los_enu": [
        0.890047,
        -0.434105,
        0.139173
      ],
      "passed_health": false
    }
  }
}