{
  "label": "s1.3.2_W0_d16_h69_ch53.75_cw14.5_a0",
  "capture_start_utc": "2026-07-09T01:21:15.417930+00:00",
  "rtcm_file": "s1.3.2_W0_d16_h69_ch53.75_cw14.5_a0-260709-012115Z.rtcm",
  "rate_hz": 10,
  "duration_sec": 30,
  "ref_sat": "BDS_024",
  "satellites": {
    "BDS_014": {
      "elev_deg": 27.0,
      "azim_deg": 133.0,
      "los_enu": [
        0.651641,
        -0.607665,
        0.45399
      ],
      "passed_health": false
    },
    "BDS_021": {
      "elev_deg": 4.0,
      "azim_deg": 134.0,
      "los_enu": [
        0.717588,
        -0.692966,
        0.069756
      ],
      "passed_health": false
    },
    "BDS_024": {
      "elev_deg": 85.0,
      "azim_deg": 39.0,
      "los_enu": [
        0.054849,
        0.067733,
        0.996195
      ],
      "passed_health": true
    },
    "BDS_025": {
      "elev_deg": 33.0,
      "azim_deg": 227.0,
      "los_enu": [
        -0.613365,
        -0.571972,
        0.544639
      ],
      "passed_health": true
    },
    "BDS_026": {
      "elev_deg": 34.0,
      "azim_deg": 44.0,
      "los_enu": [
        0.575898,
        0.59636,
        0.559193
      ],
      "passed_health": true
    },
    "BDS_033": {
      "elev_deg": 68.0,
      "azim_deg": 327.0,
      "los_enu": [
        -0.204025,
        0.314172,
        0.927184
      ],
      "passed_health": false
    },
    "BDS_041": {
      "elev_deg": 18.0,
      "azim_deg": 318.0,
      "los_enu": [
        -0.636381,
        0.706773,
        0.309017
      ],
      "passed_health": false
    },
    "BDS_042": {
      "elev_deg": 52.0,
      "azim_deg": 129.0,
      "los_enu": [
        0.478459,
        -0.387448,
        0.788011
      ],
      "passed_health": true
    },
    "GPS_001": {
      "elev_deg": 10.933,
      "azim_deg": 228.933,
      "los_enu": [
        -0.740261,
        -0.645012,
        0.189667
      ],
      "passed_health": true
    },
    "GPS_003": {
      "elev_deg": 65.0,
      "azim_deg": 268.0,
      "los_enu": [
        -0.422361,
        -0.014749,
        0.906308
      ],
      "passed_health": true
    },
    "GPS_004": {
      "elev_deg": 34.0,
      "azim_deg": 313.0,
      "los_enu": [
        -0.60632,
        0.565402,
        0.559193
      ],
      "passed_health": true
    },
    "GPS_009": {
      "elev_deg": 4.0,
      "azim_deg": 303.0,
      "los_enu": [
        -0.836628,
        0.543312,
        0.069756
      ],
      "passed_health": false
    },
    "GPS_016": {
      "elev_deg": 54.0,
      "azim_deg": 161.0,
      "los_enu": [
        0.191364,
        -0.555762,
        0.809017
      ],
      "passed_health": true
    },
    "GPS_026": {
      "elev_deg": 68.0,
      "azim_deg": 92.0,
      "los_enu": [
        0.374378,
        -0.013074,
        0.927184
      ],
      "passed_health": true
    },
    "GPS_027": {
      "elev_deg": 2.0,
      "azim_deg": 159.0,
      "los_enu": [
        0.35815,
        -0.933012,
        0.034899
      ],
      "passed_health": false
    },
    "GPS_028": {
      "elev_deg": 24.0,
      "azim_deg": 53.0,
      "los_enu": [
        0.72959,
        0.549785,
        0.406737
      ],
      "passed_health": false
    },
    "GPS_029": {
      "elev_deg": 2.0,
      "azim_deg": 53.0,
      "los_enu": [
        0.798149,
        0.601448,
        0.034899
      ],
      "passed_health": false
    },
    "GPS_031": {
      "elev_deg": 49.7,
      "azim_deg": 37.0,
      "los_enu": [
        0.389248,
        0.516549,
        0.762668
      ],
      "passed_health": true
    },
    "GPS_032": {
      "elev_deg": 15.0,
      "azim_deg": 108.0,
      "los_enu": [
        0.91865,
        -0.298487,
        0.258819
      ],
      "passed_health": true
    }
  }
}