{
  "label": "s1.3.4_W0_d16_h69_ch53.75_cw14.5_a0",
  "capture_start_utc": "2026-07-09T01:51:07.924312+00:00",
  "rtcm_file": "s1.3.4_W0_d16_h69_ch53.75_cw14.5_a0-260709-015107Z.rtcm",
  "rate_hz": 10,
  "duration_sec": 30,
  "ref_sat": "BDS_033",
  "satellites": {
    "BDS_014": {
      "elev_deg": 17.0,
      "azim_deg": 140.0,
      "los_enu": [
        0.614701,
        -0.732572,
        0.292372
      ],
      "passed_health": false
    },
    "BDS_024": {
      "elev_deg": 72.0,
      "azim_deg": 31.0,
      "los_enu": [
        0.159156,
        0.264879,
        0.951057
      ],
      "passed_health": true
    },
    "BDS_025": {
      "elev_deg": 43.0,
      "azim_deg": 237.0,
      "los_enu": [
        -0.613365,
        -0.398324,
        0.681998
      ],
      "passed_health": true
    },
    "BDS_026": {
      "elev_deg": 24.0,
      "azim_deg": 46.0,
      "los_enu": [
        0.65715,
        0.634602,
        0.406737
      ],
      "passed_health": false
    },
    "BDS_033": {
      "elev_deg": 80.0,
      "azim_deg": 312.0,
      "los_enu": [
        -0.129046,
        0.116193,
        0.984808
      ],
      "passed_health": true
    },
    "BDS_041": {
      "elev_deg": 28.0,
      "azim_deg": 319.0,
      "los_enu": [
        -0.579266,
        0.666369,
        0.469472
      ],
      "passed_health": false
    },
    "BDS_042": {
      "elev_deg": 41.0,
      "azim_deg": 141.0,
      "los_enu": [
        0.474954,
        -0.58652,
        0.656059
      ],
      "passed_health": true
    },
    "GPS_001": {
      "elev_deg": 3.0,
      "azim_deg": 219.0,
      "los_enu": [
        -0.628458,
        -0.776081,
        0.052336
      ],
      "passed_health": false
    },
    "GPS_003": {
      "elev_deg": 59.0,
      "azim_deg": 235.0,
      "los_enu": [
        -0.421894,
        -0.295414,
        0.857167
      ],
      "passed_health": true
    },
    "GPS_004": {
      "elev_deg": 45.0,
      "azim_deg": 322.0,
      "los_enu": [
        -0.435338,
        0.557208,
        0.707107
      ],
      "passed_health": true
    },
    "GPS_007": {
      "elev_deg": 7.0,
      "azim_deg": 259.0,
      "los_enu": [
        -0.97431,
        -0.189387,
        0.121869
      ],
      "passed_health": false
    },
    "GPS_009": {
      "elev_deg": 14.0,
      "azim_deg": 310.0,
      "los_enu": [
        -0.74329,
        0.623694,
        0.241922
      ],
      "passed_health": false
    },
    "GPS_016": {
      "elev_deg": 68.0,
      "azim_deg": 142.167,
      "los_enu": [
        0.229771,
        -0.295864,
        0.927184
      ],
      "passed_health": true
    },
    "GPS_026": {
      "elev_deg": 60.5,
      "azim_deg": 61.5,
      "los_enu": [
        0.43275,
        0.234964,
        0.870356
      ],
      "passed_health": true
    },
    "GPS_027": {
      "elev_deg": 10.467,
      "azim_deg": 150.533,
      "los_enu": [
        0.483732,
        -0.856155,
        0.181663
      ],
      "passed_health": false
    },
    "GPS_028": {
      "elev_deg": 14.567,
      "azim_deg": 62.0,
      "los_enu": [
        0.854566,
        0.454381,
        0.251506
      ],
      "passed_health": true
    },
    "GPS_029": {
      "elev_deg": 1.0,
      "azim_deg": 41.6,
      "los_enu": [
        0.663825,
        0.747684,
        0.017452
      ],
      "passed_health": false
    },
    "GPS_031": {
      "elev_deg": 39.0,
      "azim_deg": 47.333,
      "los_enu": [
        0.571442,
        0.526697,
        0.62932
      ],
      "passed_health": true
    },
    "GPS_032": {
      "elev_deg": 6.0,
      "azim_deg": 118.0,
      "los_enu": [
        0.878111,
        -0.4669,
        0.104528
      ],
      "passed_health": false
    }
  }
}