{
  "label": "s1.3_W0_d16_h69_ch53.75_cw14.5_a0",
  "capture_start_utc": "2026-07-09T01:05:26.943327+00:00",
  "rtcm_file": "s1.3_W0_d16_h69_ch53.75_cw14.5_a0-260709-010526Z.rtcm",
  "rate_hz": 10,
  "duration_sec": 30,
  "ref_sat": "BDS_024",
  "satellites": {
    "BDS_014": {
      "elev_deg": 33.0,
      "azim_deg": 128.0,
      "los_enu": [
        0.660881,
        -0.516337,
        0.544639
      ],
      "passed_health": true
    },
    "BDS_021": {
      "elev_deg": 9.3,
      "azim_deg": 130.7,
      "los_enu": [
        0.748169,
        -0.643527,
        0.161604
      ],
      "passed_health": false
    },
    "BDS_024": {
      "elev_deg": 87.0,
      "azim_deg": 157.397,
      "los_enu": [
        0.020115,
        -0.048316,
        0.99863
      ],
      "passed_health": true
    },
    "BDS_025": {
      "elev_deg": 27.0,
      "azim_deg": 222.567,
      "los_enu": [
        -0.602719,
        -0.656218,
        0.45399
      ],
      "passed_health": false
    },
    "BDS_026": {
      "elev_deg": 40.467,
      "azim_deg": 45.0,
      "los_enu": [
        0.537955,
        0.537955,
        0.649006
      ],
      "passed_health": true
    },
    "BDS_033": {
      "elev_deg": 60.3,
      "azim_deg": 327.0,
      "los_enu": [
        -0.269846,
        0.415527,
        0.868632
      ],
      "passed_health": true
    },
    "BDS_041": {
      "elev_deg": 12.033,
      "azim_deg": 316.0,
      "los_enu": [
        -0.679394,
        0.703533,
        0.208481
      ],
      "passed_health": false
    },
    "BDS_042": {
      "elev_deg": 58.0,
      "azim_deg": 120.0,
      "los_enu": [
        0.458924,
        -0.26496,
        0.848048
      ],
      "passed_health": true
    },
    "GPS_001": {
      "elev_deg": 15.0,
      "azim_deg": 234.0,
      "los_enu": [
        -0.78145,
        -0.567757,
        0.258819
      ],
      "passed_health": true
    },
    "GPS_002": {
      "elev_deg": 3.0,
      "azim_deg": 214.0,
      "los_enu": [
        -0.558427,
        -0.827901,
        0.052336
      ],
      "passed_health": false
    },
    "GPS_003": {
      "elev_deg": 63.0,
      "azim_deg": 286.0,
      "los_enu": [
        -0.436404,
        0.125137,
        0.891007
      ],
      "passed_health": true
    },
    "GPS_004": {
      "elev_deg": 29.0,
      "azim_deg": 309.0,
      "los_enu": [
        -0.679707,
        0.550416,
        0.48481
      ],
      "passed_health": true
    },
    "GPS_016": {
      "elev_deg": 47.0,
      "azim_deg": 166.0,
      "los_enu": [
        0.16499,
        -0.66174,
        0.731354
      ],
      "passed_health": false
    },
    "GPS_026": {
      "elev_deg": 68.0,
      "azim_deg": 113.0,
      "los_enu": [
        0.344827,
        -0.14637,
        0.927184
      ],
      "passed_health": true
    },
    "GPS_028": {
      "elev_deg": 29.0,
      "azim_deg": 49.0,
      "los_enu": [
        0.660084,
        0.573802,
        0.48481
      ],
      "passed_health": true
    },
    "GPS_031": {
      "elev_deg": 56.0,
      "azim_deg": 31.0,
      "los_enu": [
        0.288006,
        0.479322,
        0.829038
      ],
      "passed_health": true
    },
    "GPS_032": {
      "elev_deg": 20.0,
      "azim_deg": 102.0,
      "los_enu": [
        0.919158,
        -0.195373,
        0.34202
      ],
      "passed_health": true
    }
  }
}