{
  "label": "s1.3.3_W0_d16_h69_ch53.75_cw14.5_a0",
  "capture_start_utc": "2026-07-09T01:33:56.078997+00:00",
  "rtcm_file": "s1.3.3_W0_d16_h69_ch53.75_cw14.5_a0-260709-013356Z.rtcm",
  "rate_hz": 10,
  "duration_sec": 30,
  "ref_sat": "BDS_024",
  "satellites": {
    "BDS_014": {
      "elev_deg": 23.0,
      "azim_deg": 136.167,
      "los_enu": [
        0.637508,
        -0.664013,
        0.390731
      ],
      "passed_health": false
    },
    "BDS_021": {
      "elev_deg": 0.833,
      "azim_deg": 136.167,
      "los_enu": [
        0.69249,
        -0.721281,
        0.014544
      ],
      "passed_health": false
    },
    "BDS_024": {
      "elev_deg": 80.0,
      "azim_deg": 32.0,
      "los_enu": [
        0.09202,
        0.147262,
        0.984808
      ],
      "passed_health": true
    },
    "BDS_025": {
      "elev_deg": 37.0,
      "azim_deg": 230.0,
      "los_enu": [
        -0.61179,
        -0.513353,
        0.601815
      ],
      "passed_health": true
    },
    "BDS_026": {
      "elev_deg": 30.0,
      "azim_deg": 45.0,
      "los_enu": [
        0.612372,
        0.612372,
        0.5
      ],
      "passed_health": false
    },
    "BDS_033": {
      "elev_deg": 72.0,
      "azim_deg": 325.0,
      "los_enu": [
        -0.177245,
        0.253132,
        0.951057
      ],
      "passed_health": true
    },
    "BDS_041": {
      "elev_deg": 22.0,
      "azim_deg": 318.0,
      "los_enu": [
        -0.620407,
        0.689032,
        0.374607
      ],
      "passed_health": false
    },
    "BDS_042": {
      "elev_deg": 48.0,
      "azim_deg": 134.0,
      "los_enu": [
        0.481332,
        -0.464817,
        0.743145
      ],
      "passed_health": true
    },
    "GPS_001": {
      "elev_deg": 7.0,
      "azim_deg": 225.0,
      "los_enu": [
        -0.701836,
        -0.701836,
        0.121869
      ],
      "passed_health": false
    },
    "GPS_003": {
      "elev_deg": 64.0,
      "azim_deg": 252.0,
      "los_enu": [
        -0.416916,
        -0.135464,
        0.898794
      ],
      "passed_health": true
    },
    "GPS_004": {
      "elev_deg": 39.0,
      "azim_deg": 317.0,
      "los_enu": [
        -0.530012,
        0.568369,
        0.62932
      ],
      "passed_health": true
    },
    "GPS_007": {
      "elev_deg": 2.0,
      "azim_deg": 254.0,
      "los_enu": [
        -0.960676,
        -0.275469,
        0.034899
      ],
      "passed_health": false
    },
    "GPS_009": {
      "elev_deg": 8.0,
      "azim_deg": 306.0,
      "los_enu": [
        -0.801144,
        0.582065,
        0.139173
      ],
      "passed_health": false
    },
    "GPS_016": {
      "elev_deg": 61.0,
      "azim_deg": 156.0,
      "los_enu": [
        0.19719,
        -0.442896,
        0.87462
      ],
      "passed_health": true
    },
    "GPS_026": {
      "elev_deg": 66.0,
      "azim_deg": 76.0,
      "los_enu": [
        0.394655,
        0.098398,
        0.913545
      ],
      "passed_health": true
    },
    "GPS_027": {
      "elev_deg": 6.0,
      "azim_deg": 155.0,
      "los_enu": [
        0.420303,
        -0.901343,
        0.104528
      ],
      "passed_health": false
    },
    "GPS_028": {
      "elev_deg": 20.0,
      "azim_deg": 57.0,
      "los_enu": [
        0.788093,
        0.511793,
        0.34202
      ],
      "passed_health": false
    },
    "GPS_029": {
      "elev_deg": 2.0,
      "azim_deg": 48.0,
      "los_enu": [
        0.742692,
        0.668723,
        0.034899
      ],
      "passed_health": false
    },
    "GPS_031": {
      "elev_deg": 45.0,
      "azim_deg": 42.0,
      "los_enu": [
        0.473147,
        0.525483,
        0.707107
      ],
      "passed_health": true
    },
    "GPS_032": {
      "elev_deg": 11.0,
      "azim_deg": 112.0,
      "los_enu": [
        0.910149,
        -0.367724,
        0.190809
      ],
      "passed_health": true
    }
  }
}