{
  "label": "s1.3.2_W0_d16_h69_ch53.75_cw14.5_a0",
  "capture_start_utc": "2026-07-09T01:28:25.607352+00:00",
  "rtcm_file": "s1.3.2_W0_d16_h69_ch53.75_cw14.5_a0-260709-012825Z.rtcm",
  "rate_hz": 10,
  "duration_sec": 30,
  "ref_sat": "BDS_024",
  "satellites": {
    "BDS_014": {
      "elev_deg": 25.0,
      "azim_deg": 135.0,
      "los_enu": [
        0.640856,
        -0.640856,
        0.422618
      ],
      "passed_health": false
    },
    "BDS_021": {
      "elev_deg": 2.0,
      "azim_deg": 136.0,
      "los_enu": [
        0.694235,
        -0.718902,
        0.034899
      ],
      "passed_health": false
    },
    "BDS_024": {
      "elev_deg": 82.0,
      "azim_deg": 33.0,
      "los_enu": [
        0.075799,
        0.11672,
        0.990268
      ],
      "passed_health": true
    },
    "BDS_025": {
      "elev_deg": 35.0,
      "azim_deg": 229.0,
      "los_enu": [
        -0.618222,
        -0.537412,
        0.573576
      ],
      "passed_health": true
    },
    "BDS_026": {
      "elev_deg": 32.0,
      "azim_deg": 44.0,
      "los_enu": [
        0.589104,
        0.610035,
        0.529919
      ],
      "passed_health": false
    },
    "BDS_033": {
      "elev_deg": 71.0,
      "azim_deg": 326.0,
      "los_enu": [
        -0.182055,
        0.269908,
        0.945519
      ],
      "passed_health": true
    },
    "BDS_041": {
      "elev_deg": 20.0,
      "azim_deg": 318.0,
      "los_enu": [
        -0.628777,
        0.698328,
        0.34202
      ],
      "passed_health": false
    },
    "BDS_042": {
      "elev_deg": 49.0,
      "azim_deg": 132.0,
      "los_enu": [
        0.487547,
        -0.438989,
        0.75471
      ],
      "passed_health": true
    },
    "GPS_001": {
      "elev_deg": 8.1,
      "azim_deg": 226.1,
      "los_enu": [
        -0.713363,
        -0.686484,
        0.140901
      ],
      "passed_health": true
    },
    "GPS_003": {
      "elev_deg": 64.0,
      "azim_deg": 257.5,
      "los_enu": [
        -0.42798,
        -0.094882,
        0.898794
      ],
      "passed_health": true
    },
    "GPS_004": {
      "elev_deg": 36.8,
      "azim_deg": 315.8,
      "los_enu": [
        -0.558242,
        0.574053,
        0.599024
      ],
      "passed_health": true
    },
    "GPS_007": {
      "elev_deg": 0.7,
      "azim_deg": 252.0,
      "los_enu": [
        -0.950986,
        -0.308994,
        0.012217
      ],
      "passed_health": false
    },
    "GPS_009": {
      "elev_deg": 6.0,
      "azim_deg": 304.633,
      "los_enu": [
        -0.818298,
        0.565209,
        0.104528
      ],
      "passed_health": false
    },
    "GPS_016": {
      "elev_deg": 57.8,
      "azim_deg": 158.6,
      "los_enu": [
        0.194434,
        -0.496138,
        0.846193
      ],
      "passed_health": true
    },
    "GPS_026": {
      "elev_deg": 67.0,
      "azim_deg": 83.8,
      "los_enu": [
        0.388446,
        0.042198,
        0.920505
      ],
      "passed_health": true
    },
    "GPS_027": {
      "elev_deg": 4.167,
      "azim_deg": 156.833,
      "los_enu": [
        0.392367,
        -0.916934,
        0.072658
      ],
      "passed_health": false
    },
    "GPS_028": {
      "elev_deg": 22.0,
      "azim_deg": 55.0,
      "los_enu": [
        0.759505,
        0.531811,
        0.374607
      ],
      "passed_health": false
    },
    "GPS_029": {
      "elev_deg": 2.0,
      "azim_deg": 51.0,
      "los_enu": [
        0.776673,
        0.628937,
        0.034899
      ],
      "passed_health": false
    },
    "GPS_031": {
      "elev_deg": 47.0,
      "azim_deg": 39.0,
      "los_enu": [
        0.429195,
        0.530012,
        0.731354
      ],
      "passed_health": true
    },
    "GPS_032": {
      "elev_deg": 13.0,
      "azim_deg": 110.0,
      "los_enu": [
        0.915608,
        -0.333254,
        0.224951
      ],
      "passed_health": true
    }
  }
}