{
  "label": "s2.3_W0_d29_h69_ch53.75_cw14.5_a0",
  "capture_start_utc": "2026-07-15T00:45:25.809311+00:00",
  "rtcm_file": "s2.3_W0_d29_h69_ch53.75_cw14.5_a0-260715-004525Z.rtcm",
  "rate_hz": 10,
  "duration_sec": 30,
  "ref_sat": "BDS_025",
  "satellites": {
    "BDS_023": {
      "elev_deg": 40.533,
      "azim_deg": 221.533,
      "los_enu": [
        -0.503941,
        -0.568934,
        0.64989
      ],
      "passed_health": true
    },
    "BDS_024": {
      "elev_deg": 26.5,
      "azim_deg": 44.0,
      "los_enu": [
        0.621674,
        0.643762,
        0.446198
      ],
      "passed_health": false
    },
    "BDS_025": {
      "elev_deg": 87.533,
      "azim_deg": 64.605,
      "los_enu": [
        0.038879,
        0.018457,
        0.999073
      ],
      "passed_health": true
    },
    "BDS_032": {
      "elev_deg": 17.233,
      "azim_deg": 317.0,
      "los_enu": [
        -0.651381,
        0.69852,
        0.296264
      ],
      "passed_health": false
    },
    "BDS_033": {
      "elev_deg": 50.8,
      "azim_deg": 124.2,
      "los_enu": [
        0.522739,
        -0.355253,
        0.774944
      ],
      "passed_health": true
    },
    "BDS_041": {
      "elev_deg": 72.0,
      "azim_deg": 337.0,
      "los_enu": [
        -0.120743,
        0.284452,
        0.951057
      ],
      "passed_health": true
    },
    "BDS_042": {
      "elev_deg": 0.0,
      "azim_deg": 132.0,
      "los_enu": [
        0.743145,
        -0.669131,
        0.0
      ],
      "passed_health": false
    },
    "GPS_001": {
      "elev_deg": 14.0,
      "azim_deg": 232.0,
      "los_enu": [
        -0.764603,
        -0.597374,
        0.241922
      ],
      "passed_health": true
    },
    "GPS_002": {
      "elev_deg": 2.0,
      "azim_deg": 213.0,
      "los_enu": [
        -0.544307,
        -0.83816,
        0.034899
      ],
      "passed_health": false
    },
    "GPS_003": {
      "elev_deg": 64.0,
      "azim_deg": 281.0,
      "los_enu": [
        -0.430317,
        0.083645,
        0.898794
      ],
      "passed_health": true
    },
    "GPS_004": {
      "elev_deg": 30.0,
      "azim_deg": 310.0,
      "los_enu": [
        -0.663414,
        0.55667,
        0.5
      ],
      "passed_health": true
    },
    "GPS_009": {
      "elev_deg": 0.0,
      "azim_deg": 300.0,
      "los_enu": [
        -0.866025,
        0.5,
        0.0
      ],
      "passed_health": false
    },
    "GPS_016": {
      "elev_deg": 49.0,
      "azim_deg": 165.0,
      "los_enu": [
        0.169801,
        -0.633704,
        0.75471
      ],
      "passed_health": false
    },
    "GPS_026": {
      "elev_deg": 68.0,
      "azim_deg": 108.0,
      "los_enu": [
        0.356272,
        -0.11576,
        0.927184
      ],
      "passed_health": true
    },
    "GPS_028": {
      "elev_deg": 28.0,
      "azim_deg": 51.0,
      "los_enu": [
        0.686179,
        0.555657,
        0.469472
      ],
      "passed_health": false
    },
    "GPS_029": {
      "elev_deg": 1.0,
      "azim_deg": 58.0,
      "los_enu": [
        0.847919,
        0.529839,
        0.017452
      ],
      "passed_health": false
    },
    "GPS_031": {
      "elev_deg": 54.0,
      "azim_deg": 33.0,
      "los_enu": [
        0.320131,
        0.492958,
        0.809017
      ],
      "passed_health": true
    },
    "GPS_032": {
      "elev_deg": 18.0,
      "azim_deg": 104.0,
      "los_enu": [
        0.922806,
        -0.230081,
        0.309017
      ],
      "passed_health": true
    }
  }
}