{
  "label": "s2.3_W0_d29_h69_ch53.75_cw14.5_a0",
  "capture_start_utc": "2026-07-15T00:50:26.149365+00:00",
  "rtcm_file": "s2.3_W0_d29_h69_ch53.75_cw14.5_a0-260715-005026Z.rtcm",
  "rate_hz": 10,
  "duration_sec": 30,
  "ref_sat": "BDS_025",
  "satellites": {
    "BDS_023": {
      "elev_deg": 42.0,
      "azim_deg": 223.0,
      "los_enu": [
        -0.506824,
        -0.543502,
        0.669131
      ],
      "passed_health": true
    },
    "BDS_024": {
      "elev_deg": 24.0,
      "azim_deg": 44.0,
      "los_enu": [
        0.634602,
        0.65715,
        0.406737
      ],
      "passed_health": false
    },
    "BDS_025": {
      "elev_deg": 86.0,
      "azim_deg": 40.0,
      "los_enu": [
        0.044839,
        0.053437,
        0.997564
      ],
      "passed_health": true
    },
    "BDS_032": {
      "elev_deg": 19.0,
      "azim_deg": 318.0,
      "los_enu": [
        -0.632675,
        0.702657,
        0.325568
      ],
      "passed_health": false
    },
    "BDS_033": {
      "elev_deg": 49.0,
      "azim_deg": 128.0,
      "los_enu": [
        0.516982,
        -0.40391,
        0.75471
      ],
      "passed_health": true
    },
    "BDS_041": {
      "elev_deg": 74.933,
      "azim_deg": 338.0,
      "los_enu": [
        -0.097376,
        0.241015,
        0.965624
      ],
      "passed_health": true
    },
    "GPS_001": {
      "elev_deg": 13.0,
      "azim_deg": 231.0,
      "los_enu": [
        -0.757228,
        -0.613191,
        0.224951
      ],
      "passed_health": true
    },
    "GPS_002": {
      "elev_deg": 1.0,
      "azim_deg": 212.0,
      "los_enu": [
        -0.529839,
        -0.847919,
        0.017452
      ],
      "passed_health": false
    },
    "GPS_003": {
      "elev_deg": 64.0,
      "azim_deg": 276.0,
      "los_enu": [
        -0.43597,
        0.045822,
        0.898794
      ],
      "passed_health": true
    },
    "GPS_004": {
      "elev_deg": 32.0,
      "azim_deg": 311.0,
      "los_enu": [
        -0.64003,
        0.55637,
        0.529919
      ],
      "passed_health": true
    },
    "GPS_009": {
      "elev_deg": 2.0,
      "azim_deg": 301.0,
      "los_enu": [
        -0.856645,
        0.514724,
        0.034899
      ],
      "passed_health": false
    },
    "GPS_016": {
      "elev_deg": 52.0,
      "azim_deg": 163.0,
      "los_enu": [
        0.180002,
        -0.58876,
        0.788011
      ],
      "passed_health": true
    },
    "GPS_026": {
      "elev_deg": 68.0,
      "azim_deg": 102.0,
      "los_enu": [
        0.366421,
        -0.077885,
        0.927184
      ],
      "passed_health": true
    },
    "GPS_027": {
      "elev_deg": 1.0,
      "azim_deg": 161.0,
      "los_enu": [
        0.325519,
        -0.945375,
        0.017452
      ],
      "passed_health": false
    },
    "GPS_028": {
      "elev_deg": 26.0,
      "azim_deg": 52.0,
      "los_enu": [
        0.708259,
        0.553353,
        0.438371
      ],
      "passed_health": false
    },
    "GPS_029": {
      "elev_deg": 1.0,
      "azim_deg": 56.0,
      "los_enu": [
        0.828911,
        0.559108,
        0.017452
      ],
      "passed_health": false
    },
    "GPS_031": {
      "elev_deg": 52.0,
      "azim_deg": 35.0,
      "los_enu": [
        0.353129,
        0.50432,
        0.788011
      ],
      "passed_health": true
    },
    "GPS_032": {
      "elev_deg": 17.0,
      "azim_deg": 106.0,
      "los_enu": [
        0.919259,
        -0.263593,
        0.292372
      ],
      "passed_health": true
    }
  }
}