{
  "label": "s3.3_W0_d29_h69_ch53.75_cw14.5_a90",
  "capture_start_utc": "2026-07-22T00:12:44.341380+00:00",
  "rtcm_file": "s3.3_W0_d29_h69_ch53.75_cw14.5_a90-260722-001244Z.rtcm",
  "rate_hz": 10,
  "duration_sec": 30,
  "ref_sat": "BDS_025",
  "satellites": {
    "BDS_023": {
      "elev_deg": 38.0,
      "azim_deg": 220.0,
      "los_enu": [
        -0.506524,
        -0.603651,
        0.615661
      ],
      "passed_health": true
    },
    "BDS_024": {
      "elev_deg": 28.0,
      "azim_deg": 44.0,
      "los_enu": [
        0.613347,
        0.635139,
        0.469472
      ],
      "passed_health": false
    },
    "BDS_025": {
      "elev_deg": 89.0,
      "azim_deg": 119.0,
      "los_enu": [
        0.015264,
        -0.008461,
        0.999848
      ],
      "passed_health": true
    },
    "BDS_032": {
      "elev_deg": 16.0,
      "azim_deg": 316.0,
      "los_enu": [
        -0.667748,
        0.691474,
        0.275637
      ],
      "passed_health": false
    },
    "BDS_033": {
      "elev_deg": 52.0,
      "azim_deg": 123.0,
      "los_enu": [
        0.516337,
        -0.335313,
        0.788011
      ],
      "passed_health": true
    },
    "BDS_041": {
      "elev_deg": 71.0,
      "azim_deg": 336.0,
      "los_enu": [
        -0.13242,
        0.297421,
        0.945519
      ],
      "passed_health": true
    },
    "BDS_042": {
      "elev_deg": 1.0,
      "azim_deg": 132.0,
      "los_enu": [
        0.743032,
        -0.669029,
        0.017452
      ],
      "passed_health": false
    },
    "GPS_001": {
      "elev_deg": 15.0,
      "azim_deg": 233.0,
      "los_enu": [
        -0.771423,
        -0.581309,
        0.258819
      ],
      "passed_health": true
    },
    "GPS_002": {
      "elev_deg": 3.0,
      "azim_deg": 214.0,
      "los_enu": [
        -0.558427,
        -0.827901,
        0.052336
      ],
      "passed_health": false
    },
    "GPS_003": {
      "elev_deg": 63.0,
      "azim_deg": 285.0,
      "los_enu": [
        -0.438521,
        0.117501,
        0.891007
      ],
      "passed_health": true
    },
    "GPS_004": {
      "elev_deg": 29.0,
      "azim_deg": 309.0,
      "los_enu": [
        -0.679707,
        0.550416,
        0.48481
      ],
      "passed_health": true
    },
    "GPS_016": {
      "elev_deg": 46.69,
      "azim_deg": 166.0,
      "los_enu": [
        0.165946,
        -0.665574,
        0.727649
      ],
      "passed_health": false
    },
    "GPS_026": {
      "elev_deg": 67.345,
      "azim_deg": 112.966,
      "los_enu": [
        0.354654,
        -0.150291,
        0.92284
      ],
      "passed_health": true
    },
    "GPS_028": {
      "elev_deg": 29.0,
      "azim_deg": 49.276,
      "los_enu": [
        0.662839,
        0.570617,
        0.48481
      ],
      "passed_health": false
    },
    "GPS_029": {
      "elev_deg": 1.0,
      "azim_deg": 59.759,
      "los_enu": [
        0.86378,
        0.503567,
        0.017452
      ],
      "passed_health": false
    },
    "GPS_031": {
      "elev_deg": 55.828,
      "azim_deg": 31.172,
      "los_enu": [
        0.290737,
        0.480585,
        0.827351
      ],
      "passed_health": true
    },
    "GPS_032": {
      "elev_deg": 19.862,
      "azim_deg": 102.138,
      "los_enu": [
        0.919487,
        -0.197758,
        0.339757
      ],
      "passed_health": true
    }
  }
}