{
  "label": "push_W2",
  "capture_start_utc": "2026-06-26T15:33:13.889295+00:00",
  "rtcm_file": "push_W2-260626-153313Z.rtcm",
  "rate_hz": 10,
  "duration_sec": 12,
  "ref_sat": "BDS_027",
  "satellites": {
    "BDS_011": {
      "elev_deg": 9.0,
      "azim_deg": 295.0,
      "los_enu": [
        -0.89515,
        0.417415,
        0.156434
      ],
      "passed_health": false
    },
    "BDS_013": {
      "elev_deg": 7.0,
      "azim_deg": 99.0,
      "los_enu": [
        0.980326,
        -0.155268,
        0.121869
      ],
      "passed_health": false
    },
    "BDS_027": {
      "elev_deg": 64.0,
      "azim_deg": 35.0,
      "los_enu": [
        0.251439,
        0.359093,
        0.898794
      ],
      "passed_health": true
    },
    "BDS_028": {
      "elev_deg": 32.0,
      "azim_deg": 87.0,
      "los_enu": [
        0.846886,
        0.044383,
        0.529919
      ],
      "passed_health": false
    },
    "BDS_030": {
      "elev_deg": 34.0,
      "azim_deg": 307.0,
      "los_enu": [
        -0.662099,
        0.498927,
        0.559193
      ],
      "passed_health": false
    },
    "BDS_032": {
      "elev_deg": 37.0,
      "azim_deg": 173.0,
      "los_enu": [
        0.097329,
        -0.792683,
        0.601815
      ],
      "passed_health": false
    },
    "BDS_033": {
      "elev_deg": 18.0,
      "azim_deg": 41.0,
      "los_enu": [
        0.623949,
        0.717771,
        0.309017
      ],
      "passed_health": false
    },
    "BDS_036": {
      "elev_deg": 15.0,
      "azim_deg": 291.0,
      "los_enu": [
        -0.901769,
        0.346157,
        0.258819
      ],
      "passed_health": false
    },
    "BDS_037": {
      "elev_deg": 3.0,
      "azim_deg": 190.0,
      "los_enu": [
        -0.17341,
        -0.983458,
        0.052336
      ],
      "passed_health": false
    },
    "BDS_040": {
      "elev_deg": 20.0,
      "azim_deg": 238.0,
      "los_enu": [
        -0.796905,
        -0.497961,
        0.34202
      ],
      "passed_health": false
    },
    "BDS_041": {
      "elev_deg": 53.0,
      "azim_deg": 86.0,
      "los_enu": [
        0.600349,
        0.04198,
        0.798636
      ],
      "passed_health": true
    },
    "GPS_005": {
      "elev_deg": 85.0,
      "azim_deg": 202.0,
      "los_enu": [
        -0.032649,
        -0.080809,
        0.996195
      ],
      "passed_health": false
    },
    "GPS_006": {
      "elev_deg": 3.0,
      "azim_deg": 73.0,
      "los_enu": [
        0.954994,
        0.291971,
        0.052336
      ],
      "passed_health": false
    },
    "GPS_011": {
      "elev_deg": 35.0,
      "azim_deg": 56.0,
      "los_enu": [
        0.679108,
        0.458064,
        0.573576
      ],
      "passed_health": false
    },
    "GPS_012": {
      "elev_deg": 40.0,
      "azim_deg": 203.0,
      "los_enu": [
        -0.299317,
        -0.705148,
        0.642788
      ],
      "passed_health": false
    },
    "GPS_013": {
      "elev_deg": 35.0,
      "azim_deg": 207.0,
      "los_enu": [
        -0.371887,
        -0.72987,
        0.573576
      ],
      "passed_health": false
    },
    "GPS_015": {
      "elev_deg": 14.0,
      "azim_deg": 175.0,
      "los_enu": [
        0.084567,
        -0.966603,
        0.241922
      ],
      "passed_health": false
    },
    "GPS_018": {
      "elev_deg": 11.0,
      "azim_deg": 272.0,
      "los_enu": [
        -0.981029,
        0.034258,
        0.190809
      ],
      "passed_health": false
    },
    "GPS_019": {
      "elev_deg": 0.0,
      "azim_deg": 124.0,
      "los_enu": [
        0.829038,
        -0.559193,
        0.0
      ],
      "passed_health": false
    },
    "GPS_020": {
      "elev_deg": 24.0,
      "azim_deg": 146.0,
      "los_enu": [
        0.510848,
        -0.757364,
        0.406737
      ],
      "passed_health": false
    },
    "GPS_021": {
      "elev_deg": 57.0,
      "azim_deg": 48.0,
      "los_enu": [
        0.404746,
        0.364435,
        0.838671
      ],
      "passed_health": false
    },
    "GPS_025": {
      "elev_deg": 44.0,
      "azim_deg": 255.0,
      "los_enu": [
        -0.694829,
        -0.186179,
        0.694658
      ],
      "passed_health": false
    },
    "GPS_029": {
      "elev_deg": 40.0,
      "azim_deg": 319.0,
      "los_enu": [
        -0.50257,
        0.578141,
        0.642788
      ],
      "passed_health": false
    }
  }
}