{
  "label": "star_W3",
  "capture_start_utc": "2026-06-26T15:53:45.208133+00:00",
  "rtcm_file": "star_W3-260626-155345Z.rtcm",
  "rate_hz": 10,
  "duration_sec": 12,
  "ref_sat": "BDS_027",
  "satellites": {
    "BDS_011": {
      "elev_deg": 15.0,
      "azim_deg": 300.0,
      "los_enu": [
        -0.836516,
        0.482963,
        0.258819
      ],
      "passed_health": false
    },
    "BDS_013": {
      "elev_deg": 2.0,
      "azim_deg": 106.0,
      "los_enu": [
        0.960676,
        -0.275469,
        0.034899
      ],
      "passed_health": false
    },
    "BDS_027": {
      "elev_deg": 63.0,
      "azim_deg": 54.0,
      "los_enu": [
        0.367286,
        0.266849,
        0.891007
      ],
      "passed_health": true
    },
    "BDS_028": {
      "elev_deg": 27.0,
      "azim_deg": 96.0,
      "los_enu": [
        0.886125,
        -0.093136,
        0.45399
      ],
      "passed_health": false
    },
    "BDS_030": {
      "elev_deg": 40.0,
      "azim_deg": 313.0,
      "los_enu": [
        -0.560249,
        0.522441,
        0.642788
      ],
      "passed_health": false
    },
    "BDS_032": {
      "elev_deg": 46.0,
      "azim_deg": 171.0,
      "los_enu": [
        0.108669,
        -0.686106,
        0.71934
      ],
      "passed_health": false
    },
    "BDS_033": {
      "elev_deg": 12.0,
      "azim_deg": 37.0,
      "los_enu": [
        0.588664,
        0.781183,
        0.207912
      ],
      "passed_health": false
    },
    "BDS_036": {
      "elev_deg": 13.0,
      "azim_deg": 283.0,
      "los_enu": [
        -0.949397,
        0.219186,
        0.224951
      ],
      "passed_health": false
    },
    "BDS_040": {
      "elev_deg": 15.0,
      "azim_deg": 231.0,
      "los_enu": [
        -0.750665,
        -0.607877,
        0.258819
      ],
      "passed_health": false
    },
    "BDS_041": {
      "elev_deg": 52.0,
      "azim_deg": 71.0,
      "los_enu": [
        0.582119,
        0.20044,
        0.788011
      ],
      "passed_health": true
    },
    "GPS_005": {
      "elev_deg": 84.636,
      "azim_deg": 15.364,
      "los_enu": [
        0.024766,
        0.090136,
        0.995621
      ],
      "passed_health": false
    },
    "GPS_011": {
      "elev_deg": 29.0,
      "azim_deg": 64.0,
      "los_enu": [
        0.786103,
        0.383408,
        0.48481
      ],
      "passed_health": false
    },
    "GPS_012": {
      "elev_deg": 31.0,
      "azim_deg": 198.0,
      "los_enu": [
        -0.264879,
        -0.815215,
        0.515038
      ],
      "passed_health": false
    },
    "GPS_013": {
      "elev_deg": 26.0,
      "azim_deg": 202.0,
      "los_enu": [
        -0.336694,
        -0.833347,
        0.438371
      ],
      "passed_health": false
    },
    "GPS_015": {
      "elev_deg": 23.0,
      "azim_deg": 172.0,
      "los_enu": [
        0.12811,
        -0.911547,
        0.390731
      ],
      "passed_health": false
    },
    "GPS_018": {
      "elev_deg": 16.0,
      "azim_deg": 279.0,
      "los_enu": [
        -0.949427,
        0.150374,
        0.275637
      ],
      "passed_health": false
    },
    "GPS_020": {
      "elev_deg": 31.0,
      "azim_deg": 139.0,
      "los_enu": [
        0.562352,
        -0.646912,
        0.515038
      ],
      "passed_health": false
    },
    "GPS_021": {
      "elev_deg": 49.0,
      "azim_deg": 43.0,
      "los_enu": [
        0.447431,
        0.479811,
        0.75471
      ],
      "passed_health": false
    },
    "GPS_023": {
      "elev_deg": 1.0,
      "azim_deg": 223.0,
      "los_enu": [
        -0.681894,
        -0.731242,
        0.017452
      ],
      "passed_health": false
    },
    "GPS_025": {
      "elev_deg": 40.0,
      "azim_deg": 243.0,
      "los_enu": [
        -0.682551,
        -0.347777,
        0.642788
      ],
      "passed_health": false
    },
    "GPS_029": {
      "elev_deg": 49.0,
      "azim_deg": 321.0,
      "los_enu": [
        -0.412871,
        0.509854,
        0.75471
      ],
      "passed_health": false
    }
  }
}