{
  "label": "s1.3.2_W0_d16_h69_ch53.75_cw14.5_a0",
  "capture_start_utc": "2026-07-09T01:18:00.084967+00:00",
  "rtcm_file": "s1.3.2_W0_d16_h69_ch53.75_cw14.5_a0-260709-011800Z.rtcm",
  "rate_hz": 10,
  "duration_sec": 30,
  "ref_sat": "BDS_024",
  "satellites": {
    "BDS_014": {
      "elev_deg": 29.0,
      "azim_deg": 132.0,
      "los_enu": [
        0.649969,
        -0.585235,
        0.48481
      ],
      "passed_health": false
    },
    "BDS_021": {
      "elev_deg": 6.0,
      "azim_deg": 133.0,
      "los_enu": [
        0.727347,
        -0.678262,
        0.104528
      ],
      "passed_health": false
    },
    "BDS_024": {
      "elev_deg": 86.0,
      "azim_deg": 49.0,
      "los_enu": [
        0.052646,
        0.045764,
        0.997564
      ],
      "passed_health": true
    },
    "BDS_025": {
      "elev_deg": 31.0,
      "azim_deg": 226.0,
      "los_enu": [
        -0.616595,
        -0.595438,
        0.515038
      ],
      "passed_health": true
    },
    "BDS_026": {
      "elev_deg": 36.0,
      "azim_deg": 44.0,
      "los_enu": [
        0.56199,
        0.581958,
        0.587785
      ],
      "passed_health": true
    },
    "BDS_033": {
      "elev_deg": 66.0,
      "azim_deg": 327.0,
      "los_enu": [
        -0.221525,
        0.341118,
        0.913545
      ],
      "passed_health": true
    },
    "BDS_041": {
      "elev_deg": 16.0,
      "azim_deg": 317.0,
      "los_enu": [
        -0.655579,
        0.703022,
        0.275637
      ],
      "passed_health": false
    },
    "BDS_042": {
      "elev_deg": 53.0,
      "azim_deg": 127.0,
      "los_enu": [
        0.480631,
        -0.362181,
        0.798636
      ],
      "passed_health": true
    },
    "GPS_001": {
      "elev_deg": 11.0,
      "azim_deg": 230.0,
      "los_enu": [
        -0.75197,
        -0.630978,
        0.190809
      ],
      "passed_health": false
    },
    "GPS_002": {
      "elev_deg": 0.0,
      "azim_deg": 210.0,
      "los_enu": [
        -0.5,
        -0.866025,
        0.0
      ],
      "passed_health": false
    },
    "GPS_003": {
      "elev_deg": 65.0,
      "azim_deg": 271.0,
      "los_enu": [
        -0.422554,
        0.007376,
        0.906308
      ],
      "passed_health": true
    },
    "GPS_004": {
      "elev_deg": 33.0,
      "azim_deg": 312.0,
      "los_enu": [
        -0.623254,
        0.56118,
        0.544639
      ],
      "passed_health": true
    },
    "GPS_009": {
      "elev_deg": 3.0,
      "azim_deg": 302.0,
      "los_enu": [
        -0.846886,
        0.529193,
        0.052336
      ],
      "passed_health": false
    },
    "GPS_016": {
      "elev_deg": 53.0,
      "azim_deg": 162.0,
      "los_enu": [
        0.185971,
        -0.57236,
        0.798636
      ],
      "passed_health": true
    },
    "GPS_026": {
      "elev_deg": 68.0,
      "azim_deg": 95.0,
      "los_enu": [
        0.373181,
        -0.032649,
        0.927184
      ],
      "passed_health": true
    },
    "GPS_027": {
      "elev_deg": 2.0,
      "azim_deg": 160.0,
      "los_enu": [
        0.341812,
        -0.93912,
        0.034899
      ],
      "passed_health": false
    },
    "GPS_028": {
      "elev_deg": 25.0,
      "azim_deg": 53.0,
      "los_enu": [
        0.72381,
        0.54543,
        0.422618
      ],
      "passed_health": false
    },
    "GPS_029": {
      "elev_deg": 1.0,
      "azim_deg": 54.0,
      "los_enu": [
        0.808894,
        0.587696,
        0.017452
      ],
      "passed_health": false
    },
    "GPS_031": {
      "elev_deg": 51.0,
      "azim_deg": 36.0,
      "los_enu": [
        0.369905,
        0.509131,
        0.777146
      ],
      "passed_health": true
    },
    "GPS_032": {
      "elev_deg": 16.0,
      "azim_deg": 107.0,
      "los_enu": [
        0.919259,
        -0.281046,
        0.275637
      ],
      "passed_health": true
    }
  }
}