{
  "label": "s1.3.3_W0_d16_h69_ch53.75_cw14.5_a0",
  "capture_start_utc": "2026-07-09T01:31:58.640467+00:00",
  "rtcm_file": "s1.3.3_W0_d16_h69_ch53.75_cw14.5_a0-260709-013158Z.rtcm",
  "rate_hz": 10,
  "duration_sec": 30,
  "ref_sat": "BDS_024",
  "satellites": {
    "BDS_014": {
      "elev_deg": 23.267,
      "azim_deg": 136.0,
      "los_enu": [
        0.638166,
        -0.66084,
        0.395011
      ],
      "passed_health": false
    },
    "BDS_021": {
      "elev_deg": 1.0,
      "azim_deg": 136.0,
      "los_enu": [
        0.694553,
        -0.71923,
        0.017452
      ],
      "passed_health": false
    },
    "BDS_024": {
      "elev_deg": 80.467,
      "azim_deg": 32.0,
      "los_enu": [
        0.087766,
        0.140455,
        0.986189
      ],
      "passed_health": true
    },
    "BDS_025": {
      "elev_deg": 36.5,
      "azim_deg": 230.0,
      "los_enu": [
        -0.61579,
        -0.516709,
        0.594823
      ],
      "passed_health": true
    },
    "BDS_026": {
      "elev_deg": 30.533,
      "azim_deg": 45.0,
      "los_enu": [
        0.609055,
        0.609055,
        0.50804
      ],
      "passed_health": false
    },
    "BDS_033": {
      "elev_deg": 71.233,
      "azim_deg": 325.0,
      "los_enu": [
        -0.184528,
        0.263533,
        0.946837
      ],
      "passed_health": true
    },
    "BDS_041": {
      "elev_deg": 21.0,
      "azim_deg": 318.0,
      "los_enu": [
        -0.624687,
        0.693785,
        0.358368
      ],
      "passed_health": false
    },
    "BDS_042": {
      "elev_deg": 48.0,
      "azim_deg": 133.0,
      "los_enu": [
        0.489371,
        -0.456346,
        0.743145
      ],
      "passed_health": true
    },
    "GPS_001": {
      "elev_deg": 8.0,
      "azim_deg": 225.0,
      "los_enu": [
        -0.700225,
        -0.700225,
        0.139173
      ],
      "passed_health": true
    },
    "GPS_003": {
      "elev_deg": 64.0,
      "azim_deg": 254.0,
      "los_enu": [
        -0.421389,
        -0.120831,
        0.898794
      ],
      "passed_health": true
    },
    "GPS_004": {
      "elev_deg": 38.0,
      "azim_deg": 316.0,
      "los_enu": [
        -0.547398,
        0.566847,
        0.615661
      ],
      "passed_health": true
    },
    "GPS_007": {
      "elev_deg": 1.1,
      "azim_deg": 253.0,
      "los_enu": [
        -0.956129,
        -0.292318,
        0.019197
      ],
      "passed_health": false
    },
    "GPS_009": {
      "elev_deg": 7.0,
      "azim_deg": 305.0,
      "los_enu": [
        -0.813046,
        0.569301,
        0.121869
      ],
      "passed_health": false
    },
    "GPS_016": {
      "elev_deg": 60.0,
      "azim_deg": 157.0,
      "los_enu": [
        0.195366,
        -0.460252,
        0.866025
      ],
      "passed_health": true
    },
    "GPS_026": {
      "elev_deg": 66.0,
      "azim_deg": 78.0,
      "los_enu": [
        0.397848,
        0.084565,
        0.913545
      ],
      "passed_health": true
    },
    "GPS_027": {
      "elev_deg": 5.0,
      "azim_deg": 156.0,
      "los_enu": [
        0.405189,
        -0.910069,
        0.087156
      ],
      "passed_health": false
    },
    "GPS_028": {
      "elev_deg": 20.267,
      "azim_deg": 57.0,
      "los_enu": [
        0.786749,
        0.510921,
        0.34639
      ],
      "passed_health": false
    },
    "GPS_029": {
      "elev_deg": 2.0,
      "azim_deg": 49.0,
      "los_enu": [
        0.75425,
        0.655659,
        0.034899
      ],
      "passed_health": false
    },
    "GPS_031": {
      "elev_deg": 46.0,
      "azim_deg": 41.0,
      "los_enu": [
        0.455737,
        0.524265,
        0.71934
      ],
      "passed_health": true
    },
    "GPS_032": {
      "elev_deg": 12.0,
      "azim_deg": 112.0,
      "los_enu": [
        0.906923,
        -0.366421,
        0.207912
      ],
      "passed_health": true
    }
  }
}