{
  "label": "s1.3.3_W0_d16_h69_ch53.75_cw14.5_a0",
  "capture_start_utc": "2026-07-09T01:30:01.700665+00:00",
  "rtcm_file": "s1.3.3_W0_d16_h69_ch53.75_cw14.5_a0-260709-013001Z.rtcm",
  "rate_hz": 10,
  "duration_sec": 30,
  "ref_sat": "BDS_024",
  "satellites": {
    "BDS_014": {
      "elev_deg": 24.0,
      "azim_deg": 135.0,
      "los_enu": [
        0.645974,
        -0.645974,
        0.406737
      ],
      "passed_health": false
    },
    "BDS_021": {
      "elev_deg": 1.0,
      "azim_deg": 136.0,
      "los_enu": [
        0.694553,
        -0.71923,
        0.017452
      ],
      "passed_health": false
    },
    "BDS_024": {
      "elev_deg": 81.0,
      "azim_deg": 32.0,
      "los_enu": [
        0.082898,
        0.132664,
        0.987688
      ],
      "passed_health": true
    },
    "BDS_025": {
      "elev_deg": 36.0,
      "azim_deg": 230.0,
      "los_enu": [
        -0.619743,
        -0.520026,
        0.587785
      ],
      "passed_health": false
    },
    "BDS_026": {
      "elev_deg": 31.0,
      "azim_deg": 45.0,
      "los_enu": [
        0.606109,
        0.606109,
        0.515038
      ],
      "passed_health": false
    },
    "BDS_033": {
      "elev_deg": 71.0,
      "azim_deg": 325.167,
      "los_enu": [
        -0.185962,
        0.267232,
        0.945519
      ],
      "passed_health": true
    },
    "BDS_041": {
      "elev_deg": 20.567,
      "azim_deg": 318.0,
      "los_enu": [
        -0.626483,
        0.69578,
        0.351297
      ],
      "passed_health": false
    },
    "BDS_042": {
      "elev_deg": 48.467,
      "azim_deg": 132.533,
      "los_enu": [
        0.488595,
        -0.448238,
        0.74857
      ],
      "passed_health": false
    },
    "GPS_001": {
      "elev_deg": 8.0,
      "azim_deg": 225.367,
      "los_enu": [
        -0.704692,
        -0.69573,
        0.139173
      ],
      "passed_health": false
    },
    "GPS_003": {
      "elev_deg": 64.0,
      "azim_deg": 257.0,
      "los_enu": [
        -0.427136,
        -0.098612,
        0.898794
      ],
      "passed_health": true
    },
    "GPS_004": {
      "elev_deg": 37.0,
      "azim_deg": 316.0,
      "los_enu": [
        -0.554779,
        0.57449,
        0.601815
      ],
      "passed_health": false
    },
    "GPS_007": {
      "elev_deg": 1.0,
      "azim_deg": 252.0,
      "los_enu": [
        -0.950912,
        -0.30897,
        0.017452
      ],
      "passed_health": false
    },
    "GPS_009": {
      "elev_deg": 6.0,
      "azim_deg": 305.0,
      "los_enu": [
        -0.814665,
        0.570434,
        0.104528
      ],
      "passed_health": false
    },
    "GPS_016": {
      "elev_deg": 59.0,
      "azim_deg": 158.0,
      "los_enu": [
        0.192937,
        -0.477535,
        0.857167
      ],
      "passed_health": false
    },
    "GPS_026": {
      "elev_deg": 67.0,
      "azim_deg": 81.0,
      "los_enu": [
        0.385921,
        0.061124,
        0.920505
      ],
      "passed_health": true
    },
    "GPS_027": {
      "elev_deg": 5.0,
      "azim_deg": 156.0,
      "los_enu": [
        0.405189,
        -0.910069,
        0.087156
      ],
      "passed_health": false
    },
    "GPS_028": {
      "elev_deg": 21.0,
      "azim_deg": 56.0,
      "los_enu": [
        0.773973,
        0.522052,
        0.358368
      ],
      "passed_health": false
    },
    "GPS_029": {
      "elev_deg": 2.0,
      "azim_deg": 50.0,
      "los_enu": [
        0.765578,
        0.642396,
        0.034899
      ],
      "passed_health": false
    },
    "GPS_031": {
      "elev_deg": 46.0,
      "azim_deg": 40.0,
      "los_enu": [
        0.446518,
        0.532139,
        0.71934
      ],
      "passed_health": false
    },
    "GPS_032": {
      "elev_deg": 13.0,
      "azim_deg": 111.0,
      "los_enu": [
        0.909653,
        -0.349183,
        0.224951
      ],
      "passed_health": false
    }
  }
}