{
  "label": "s1.3.2_W0_d16_h69_ch53.75_cw14.5_a0",
  "capture_start_utc": "2026-07-09T01:23:52.035920+00:00",
  "rtcm_file": "s1.3.2_W0_d16_h69_ch53.75_cw14.5_a0-260709-012352Z.rtcm",
  "rate_hz": 10,
  "duration_sec": 30,
  "ref_sat": "BDS_024",
  "satellites": {
    "BDS_014": {
      "elev_deg": 27.0,
      "azim_deg": 134.0,
      "los_enu": [
        0.640936,
        -0.618945,
        0.45399
      ],
      "passed_health": false
    },
    "BDS_021": {
      "elev_deg": 4.0,
      "azim_deg": 135.0,
      "los_enu": [
        0.705384,
        -0.705384,
        0.069756
      ],
      "passed_health": false
    },
    "BDS_024": {
      "elev_deg": 83.0,
      "azim_deg": 36.0,
      "los_enu": [
        0.071633,
        0.098594,
        0.992546
      ],
      "passed_health": true
    },
    "BDS_025": {
      "elev_deg": 34.0,
      "azim_deg": 228.0,
      "los_enu": [
        -0.616095,
        -0.554734,
        0.559193
      ],
      "passed_health": true
    },
    "BDS_026": {
      "elev_deg": 33.0,
      "azim_deg": 44.0,
      "los_enu": [
        0.58259,
        0.603289,
        0.544639
      ],
      "passed_health": true
    },
    "BDS_033": {
      "elev_deg": 69.0,
      "azim_deg": 327.0,
      "los_enu": [
        -0.195181,
        0.300553,
        0.93358
      ],
      "passed_health": true
    },
    "BDS_041": {
      "elev_deg": 19.0,
      "azim_deg": 318.0,
      "los_enu": [
        -0.632675,
        0.702657,
        0.325568
      ],
      "passed_health": false
    },
    "BDS_042": {
      "elev_deg": 51.0,
      "azim_deg": 130.0,
      "los_enu": [
        0.482087,
        -0.404519,
        0.777146
      ],
      "passed_health": true
    },
    "GPS_001": {
      "elev_deg": 10.0,
      "azim_deg": 227.2,
      "los_enu": [
        -0.722583,
        -0.669119,
        0.173648
      ],
      "passed_health": true
    },
    "GPS_003": {
      "elev_deg": 65.0,
      "azim_deg": 263.8,
      "los_enu": [
        -0.420146,
        -0.045643,
        0.906308
      ],
      "passed_health": true
    },
    "GPS_004": {
      "elev_deg": 35.0,
      "azim_deg": 314.0,
      "los_enu": [
        -0.589249,
        0.569031,
        0.573576
      ],
      "passed_health": true
    },
    "GPS_009": {
      "elev_deg": 4.533,
      "azim_deg": 303.533,
      "los_enu": [
        -0.830957,
        0.550694,
        0.079039
      ],
      "passed_health": false
    },
    "GPS_016": {
      "elev_deg": 55.3,
      "azim_deg": 160.7,
      "los_enu": [
        0.188155,
        -0.537287,
        0.822144
      ],
      "passed_health": true
    },
    "GPS_026": {
      "elev_deg": 68.0,
      "azim_deg": 89.0,
      "los_enu": [
        0.37455,
        0.006538,
        0.927184
      ],
      "passed_health": true
    },
    "GPS_027": {
      "elev_deg": 3.0,
      "azim_deg": 158.0,
      "los_enu": [
        0.374093,
        -0.925913,
        0.052336
      ],
      "passed_health": false
    },
    "GPS_028": {
      "elev_deg": 23.0,
      "azim_deg": 54.0,
      "los_enu": [
        0.744704,
        0.541059,
        0.390731
      ],
      "passed_health": false
    },
    "GPS_029": {
      "elev_deg": 2.0,
      "azim_deg": 53.0,
      "los_enu": [
        0.798149,
        0.601448,
        0.034899
      ],
      "passed_health": false
    },
    "GPS_031": {
      "elev_deg": 49.0,
      "azim_deg": 38.0,
      "los_enu": [
        0.40391,
        0.516982,
        0.75471
      ],
      "passed_health": true
    },
    "GPS_032": {
      "elev_deg": 15.0,
      "azim_deg": 109.0,
      "los_enu": [
        0.913301,
        -0.314475,
        0.258819
      ],
      "passed_health": true
    }
  }
}