{
  "label": "s1.3.2_W0_d16_h69_ch53.75_cw14.5_a0",
  "capture_start_utc": "2026-07-09T01:27:46.440954+00:00",
  "rtcm_file": "s1.3.2_W0_d16_h69_ch53.75_cw14.5_a0-260709-012746Z.rtcm",
  "rate_hz": 10,
  "duration_sec": 30,
  "ref_sat": "BDS_024",
  "satellites": {
    "BDS_014": {
      "elev_deg": 25.0,
      "azim_deg": 135.0,
      "los_enu": [
        0.640856,
        -0.640856,
        0.422618
      ],
      "passed_health": false
    },
    "BDS_021": {
      "elev_deg": 2.0,
      "azim_deg": 136.0,
      "los_enu": [
        0.694235,
        -0.718902,
        0.034899
      ],
      "passed_health": false
    },
    "BDS_024": {
      "elev_deg": 82.0,
      "azim_deg": 33.0,
      "los_enu": [
        0.075799,
        0.11672,
        0.990268
      ],
      "passed_health": true
    },
    "BDS_025": {
      "elev_deg": 35.0,
      "azim_deg": 229.0,
      "los_enu": [
        -0.618222,
        -0.537412,
        0.573576
      ],
      "passed_health": true
    },
    "BDS_026": {
      "elev_deg": 32.0,
      "azim_deg": 44.0,
      "los_enu": [
        0.589104,
        0.610035,
        0.529919
      ],
      "passed_health": false
    },
    "BDS_033": {
      "elev_deg": 70.833,
      "azim_deg": 326.0,
      "los_enu": [
        -0.183593,
        0.272187,
        0.944568
      ],
      "passed_health": true
    },
    "BDS_041": {
      "elev_deg": 19.567,
      "azim_deg": 318.0,
      "los_enu": [
        -0.63049,
        0.70023,
        0.334903
      ],
      "passed_health": false
    },
    "BDS_042": {
      "elev_deg": 49.467,
      "azim_deg": 131.533,
      "los_enu": [
        0.486488,
        -0.430913,
        0.760028
      ],
      "passed_health": true
    },
    "GPS_001": {
      "elev_deg": 9.0,
      "azim_deg": 227.0,
      "los_enu": [
        -0.72235,
        -0.673602,
        0.156434
      ],
      "passed_health": true
    },
    "GPS_003": {
      "elev_deg": 64.0,
      "azim_deg": 260.0,
      "los_enu": [
        -0.431711,
        -0.076122,
        0.898794
      ],
      "passed_health": true
    },
    "GPS_004": {
      "elev_deg": 36.0,
      "azim_deg": 315.0,
      "los_enu": [
        -0.572061,
        0.572061,
        0.587785
      ],
      "passed_health": true
    },
    "GPS_007": {
      "elev_deg": 0.0,
      "azim_deg": 252.0,
      "los_enu": [
        -0.951057,
        -0.309017,
        0.0
      ],
      "passed_health": false
    },
    "GPS_009": {
      "elev_deg": 6.0,
      "azim_deg": 304.0,
      "los_enu": [
        -0.824496,
        0.55613,
        0.104528
      ],
      "passed_health": false
    },
    "GPS_016": {
      "elev_deg": 57.0,
      "azim_deg": 159.0,
      "los_enu": [
        0.195181,
        -0.508464,
        0.838671
      ],
      "passed_health": true
    },
    "GPS_026": {
      "elev_deg": 67.0,
      "azim_deg": 84.0,
      "los_enu": [
        0.388591,
        0.040843,
        0.920505
      ],
      "passed_health": true
    },
    "GPS_027": {
      "elev_deg": 4.0,
      "azim_deg": 157.0,
      "los_enu": [
        0.389779,
        -0.918263,
        0.069756
      ],
      "passed_health": false
    },
    "GPS_028": {
      "elev_deg": 22.0,
      "azim_deg": 55.0,
      "los_enu": [
        0.759505,
        0.531811,
        0.374607
      ],
      "passed_health": false
    },
    "GPS_029": {
      "elev_deg": 2.0,
      "azim_deg": 51.0,
      "los_enu": [
        0.776673,
        0.628937,
        0.034899
      ],
      "passed_health": false
    },
    "GPS_031": {
      "elev_deg": 47.0,
      "azim_deg": 39.0,
      "los_enu": [
        0.429195,
        0.530012,
        0.731354
      ],
      "passed_health": true
    },
    "GPS_032": {
      "elev_deg": 13.0,
      "azim_deg": 110.0,
      "los_enu": [
        0.915608,
        -0.333254,
        0.224951
      ],
      "passed_health": true
    }
  }
}