{
  "label": "s2.3_W0_d29_h69_ch53.75_cw14.5_a0",
  "capture_start_utc": "2026-07-15T00:40:44.426029+00:00",
  "rtcm_file": "s2.3_W0_d29_h69_ch53.75_cw14.5_a0-260715-004044Z.rtcm",
  "rate_hz": 10,
  "duration_sec": 30,
  "ref_sat": "BDS_025",
  "satellites": {
    "BDS_023": {
      "elev_deg": 38.167,
      "azim_deg": 220.167,
      "los_enu": [
        -0.50712,
        -0.600804,
        0.617951
      ],
      "passed_health": true
    },
    "BDS_024": {
      "elev_deg": 28.0,
      "azim_deg": 44.0,
      "los_enu": [
        0.613347,
        0.635139,
        0.469472
      ],
      "passed_health": false
    },
    "BDS_025": {
      "elev_deg": 88.0,
      "azim_deg": 132.189,
      "los_enu": [
        0.025858,
        -0.023438,
        0.999391
      ],
      "passed_health": true
    },
    "BDS_032": {
      "elev_deg": 16.0,
      "azim_deg": 316.0,
      "los_enu": [
        -0.667748,
        0.691474,
        0.275637
      ],
      "passed_health": false
    },
    "BDS_033": {
      "elev_deg": 53.0,
      "azim_deg": 122.0,
      "los_enu": [
        0.510368,
        -0.318913,
        0.798636
      ],
      "passed_health": true
    },
    "BDS_041": {
      "elev_deg": 71.0,
      "azim_deg": 336.0,
      "los_enu": [
        -0.13242,
        0.297421,
        0.945519
      ],
      "passed_health": true
    },
    "BDS_042": {
      "elev_deg": 1.0,
      "azim_deg": 131.0,
      "los_enu": [
        0.754595,
        -0.655959,
        0.017452
      ],
      "passed_health": false
    },
    "GPS_001": {
      "elev_deg": 15.0,
      "azim_deg": 234.0,
      "los_enu": [
        -0.78145,
        -0.567757,
        0.258819
      ],
      "passed_health": true
    },
    "GPS_002": {
      "elev_deg": 3.0,
      "azim_deg": 215.0,
      "los_enu": [
        -0.57279,
        -0.818029,
        0.052336
      ],
      "passed_health": false
    },
    "GPS_003": {
      "elev_deg": 63.0,
      "azim_deg": 286.0,
      "los_enu": [
        -0.436404,
        0.125137,
        0.891007
      ],
      "passed_health": true
    },
    "GPS_004": {
      "elev_deg": 29.0,
      "azim_deg": 308.0,
      "los_enu": [
        -0.68921,
        0.53847,
        0.48481
      ],
      "passed_health": true
    },
    "GPS_016": {
      "elev_deg": 47.0,
      "azim_deg": 166.0,
      "los_enu": [
        0.16499,
        -0.66174,
        0.731354
      ],
      "passed_health": false
    },
    "GPS_026": {
      "elev_deg": 68.0,
      "azim_deg": 114.0,
      "los_enu": [
        0.34222,
        -0.152366,
        0.927184
      ],
      "passed_health": true
    },
    "GPS_028": {
      "elev_deg": 29.0,
      "azim_deg": 49.0,
      "los_enu": [
        0.660084,
        0.573802,
        0.48481
      ],
      "passed_health": true
    },
    "GPS_029": {
      "elev_deg": 1.0,
      "azim_deg": 60.0,
      "los_enu": [
        0.865894,
        0.499924,
        0.017452
      ],
      "passed_health": false
    },
    "GPS_031": {
      "elev_deg": 56.0,
      "azim_deg": 31.0,
      "los_enu": [
        0.288006,
        0.479322,
        0.829038
      ],
      "passed_health": true
    },
    "GPS_032": {
      "elev_deg": 20.0,
      "azim_deg": 102.0,
      "los_enu": [
        0.919158,
        -0.195373,
        0.34202
      ],
      "passed_health": true
    }
  }
}