{
  "label": "s2.3_W0_d29_h69_ch53.75_cw14.5_a0",
  "capture_start_utc": "2026-07-15T00:42:41.395682+00:00",
  "rtcm_file": "s2.3_W0_d29_h69_ch53.75_cw14.5_a0-260715-004241Z.rtcm",
  "rate_hz": 10,
  "duration_sec": 30,
  "ref_sat": "BDS_025",
  "satellites": {
    "BDS_023": {
      "elev_deg": 39.0,
      "azim_deg": 221.0,
      "los_enu": [
        -0.509854,
        -0.58652,
        0.62932
      ],
      "passed_health": true
    },
    "BDS_024": {
      "elev_deg": 28.0,
      "azim_deg": 44.0,
      "los_enu": [
        0.613347,
        0.635139,
        0.469472
      ],
      "passed_health": false
    },
    "BDS_025": {
      "elev_deg": 88.0,
      "azim_deg": 106.0,
      "los_enu": [
        0.033548,
        -0.00962,
        0.999391
      ],
      "passed_health": true
    },
    "BDS_032": {
      "elev_deg": 16.0,
      "azim_deg": 317.0,
      "los_enu": [
        -0.655579,
        0.703022,
        0.275637
      ],
      "passed_health": false
    },
    "BDS_033": {
      "elev_deg": 52.0,
      "azim_deg": 123.0,
      "los_enu": [
        0.516337,
        -0.335313,
        0.788011
      ],
      "passed_health": true
    },
    "BDS_041": {
      "elev_deg": 72.0,
      "azim_deg": 337.0,
      "los_enu": [
        -0.120743,
        0.284452,
        0.951057
      ],
      "passed_health": true
    },
    "BDS_042": {
      "elev_deg": 0.0,
      "azim_deg": 132.0,
      "los_enu": [
        0.743145,
        -0.669131,
        0.0
      ],
      "passed_health": false
    },
    "GPS_001": {
      "elev_deg": 14.0,
      "azim_deg": 233.0,
      "los_enu": [
        -0.774913,
        -0.583939,
        0.241922
      ],
      "passed_health": true
    },
    "GPS_002": {
      "elev_deg": 3.0,
      "azim_deg": 214.0,
      "los_enu": [
        -0.558427,
        -0.827901,
        0.052336
      ],
      "passed_health": false
    },
    "GPS_003": {
      "elev_deg": 63.0,
      "azim_deg": 284.0,
      "los_enu": [
        -0.440505,
        0.10983,
        0.891007
      ],
      "passed_health": true
    },
    "GPS_004": {
      "elev_deg": 29.0,
      "azim_deg": 309.0,
      "los_enu": [
        -0.679707,
        0.550416,
        0.48481
      ],
      "passed_health": true
    },
    "GPS_016": {
      "elev_deg": 48.0,
      "azim_deg": 165.0,
      "los_enu": [
        0.173184,
        -0.646331,
        0.743145
      ],
      "passed_health": false
    },
    "GPS_026": {
      "elev_deg": 68.0,
      "azim_deg": 111.0,
      "los_enu": [
        0.349725,
        -0.134247,
        0.927184
      ],
      "passed_health": true
    },
    "GPS_028": {
      "elev_deg": 28.0,
      "azim_deg": 50.0,
      "los_enu": [
        0.676377,
        0.567548,
        0.469472
      ],
      "passed_health": false
    },
    "GPS_029": {
      "elev_deg": 1.0,
      "azim_deg": 59.0,
      "los_enu": [
        0.857037,
        0.51496,
        0.017452
      ],
      "passed_health": false
    },
    "GPS_031": {
      "elev_deg": 55.0,
      "azim_deg": 32.0,
      "los_enu": [
        0.303949,
        0.48642,
        0.819152
      ],
      "passed_health": true
    },
    "GPS_032": {
      "elev_deg": 19.0,
      "azim_deg": 103.0,
      "los_enu": [
        0.921285,
        -0.212695,
        0.325568
      ],
      "passed_health": false
    }
  }
}