{
  "label": "s2.3_W0_d29_h69_ch53.75_cw14.5_a0",
  "capture_start_utc": "2026-07-15T00:43:20.009112+00:00",
  "rtcm_file": "s2.3_W0_d29_h69_ch53.75_cw14.5_a0-260715-004320Z.rtcm",
  "rate_hz": 10,
  "duration_sec": 30,
  "ref_sat": "BDS_025",
  "satellites": {
    "BDS_023": {
      "elev_deg": 39.833,
      "azim_deg": 221.0,
      "los_enu": [
        -0.503795,
        -0.57955,
        0.640557
      ],
      "passed_health": true
    },
    "BDS_024": {
      "elev_deg": 27.2,
      "azim_deg": 44.0,
      "los_enu": [
        0.617841,
        0.639793,
        0.457098
      ],
      "passed_health": false
    },
    "BDS_025": {
      "elev_deg": 88.0,
      "azim_deg": 80.523,
      "los_enu": [
        0.034423,
        0.005747,
        0.999391
      ],
      "passed_health": true
    },
    "BDS_032": {
      "elev_deg": 16.533,
      "azim_deg": 317.0,
      "los_enu": [
        -0.653801,
        0.701115,
        0.284573
      ],
      "passed_health": false
    },
    "BDS_033": {
      "elev_deg": 51.5,
      "azim_deg": 123.5,
      "los_enu": [
        0.519106,
        -0.343589,
        0.782608
      ],
      "passed_health": true
    },
    "BDS_041": {
      "elev_deg": 72.0,
      "azim_deg": 337.0,
      "los_enu": [
        -0.120743,
        0.284452,
        0.951057
      ],
      "passed_health": true
    },
    "BDS_042": {
      "elev_deg": 0.0,
      "azim_deg": 132.0,
      "los_enu": [
        0.743145,
        -0.669131,
        0.0
      ],
      "passed_health": false
    },
    "GPS_001": {
      "elev_deg": 14.0,
      "azim_deg": 233.0,
      "los_enu": [
        -0.774913,
        -0.583939,
        0.241922
      ],
      "passed_health": true
    },
    "GPS_002": {
      "elev_deg": 3.0,
      "azim_deg": 214.0,
      "los_enu": [
        -0.558427,
        -0.827901,
        0.052336
      ],
      "passed_health": false
    },
    "GPS_003": {
      "elev_deg": 63.0,
      "azim_deg": 284.0,
      "los_enu": [
        -0.440505,
        0.10983,
        0.891007
      ],
      "passed_health": true
    },
    "GPS_004": {
      "elev_deg": 29.0,
      "azim_deg": 309.0,
      "los_enu": [
        -0.679707,
        0.550416,
        0.48481
      ],
      "passed_health": true
    },
    "GPS_016": {
      "elev_deg": 48.0,
      "azim_deg": 165.0,
      "los_enu": [
        0.173184,
        -0.646331,
        0.743145
      ],
      "passed_health": false
    },
    "GPS_026": {
      "elev_deg": 68.0,
      "azim_deg": 111.0,
      "los_enu": [
        0.349725,
        -0.134247,
        0.927184
      ],
      "passed_health": true
    },
    "GPS_028": {
      "elev_deg": 28.0,
      "azim_deg": 50.0,
      "los_enu": [
        0.676377,
        0.567548,
        0.469472
      ],
      "passed_health": false
    },
    "GPS_029": {
      "elev_deg": 1.0,
      "azim_deg": 59.0,
      "los_enu": [
        0.857037,
        0.51496,
        0.017452
      ],
      "passed_health": false
    },
    "GPS_031": {
      "elev_deg": 55.0,
      "azim_deg": 32.0,
      "los_enu": [
        0.303949,
        0.48642,
        0.819152
      ],
      "passed_health": true
    },
    "GPS_032": {
      "elev_deg": 19.0,
      "azim_deg": 103.0,
      "los_enu": [
        0.921285,
        -0.212695,
        0.325568
      ],
      "passed_health": true
    }
  }
}