{
  "label": "s2.3_W0_d29_h69_ch53.75_cw14.5_a0",
  "capture_start_utc": "2026-07-15T00:34:54.523490+00:00",
  "rtcm_file": "s2.3_W0_d29_h69_ch53.75_cw14.5_a0-260715-003454Z.rtcm",
  "rate_hz": 10,
  "duration_sec": 30,
  "ref_sat": "BDS_025",
  "satellites": {
    "BDS_023": {
      "elev_deg": 36.133,
      "azim_deg": 219.0,
      "los_enu": [
        -0.508269,
        -0.62766,
        0.589666
      ],
      "passed_health": true
    },
    "BDS_024": {
      "elev_deg": 30.0,
      "azim_deg": 45.0,
      "los_enu": [
        0.612372,
        0.612372,
        0.5
      ],
      "passed_health": false
    },
    "BDS_025": {
      "elev_deg": 87.0,
      "azim_deg": 171.0,
      "los_enu": [
        0.008187,
        -0.051692,
        0.99863
      ],
      "passed_health": true
    },
    "BDS_032": {
      "elev_deg": 14.0,
      "azim_deg": 316.0,
      "los_enu": [
        -0.674024,
        0.697972,
        0.241922
      ],
      "passed_health": false
    },
    "BDS_033": {
      "elev_deg": 54.0,
      "azim_deg": 119.0,
      "los_enu": [
        0.514089,
        -0.284964,
        0.809017
      ],
      "passed_health": true
    },
    "BDS_041": {
      "elev_deg": 69.0,
      "azim_deg": 336.0,
      "los_enu": [
        -0.145761,
        0.327385,
        0.93358
      ],
      "passed_health": true
    },
    "BDS_042": {
      "elev_deg": 2.0,
      "azim_deg": 130.0,
      "los_enu": [
        0.765578,
        -0.642396,
        0.034899
      ],
      "passed_health": false
    },
    "GPS_001": {
      "elev_deg": 16.567,
      "azim_deg": 236.0,
      "los_enu": [
        -0.794623,
        -0.53598,
        0.285131
      ],
      "passed_health": true
    },
    "GPS_002": {
      "elev_deg": 4.6,
      "azim_deg": 216.6,
      "los_enu": [
        -0.594304,
        -0.800231,
        0.080199
      ],
      "passed_health": false
    },
    "GPS_003": {
      "elev_deg": 61.367,
      "azim_deg": 292.267,
      "los_enu": [
        -0.443469,
        0.181579,
        0.877704
      ],
      "passed_health": true
    },
    "GPS_004": {
      "elev_deg": 26.333,
      "azim_deg": 306.333,
      "los_enu": [
        -0.721987,
        0.530999,
        0.443593
      ],
      "passed_health": true
    },
    "GPS_016": {
      "elev_deg": 43.0,
      "azim_deg": 167.0,
      "los_enu": [
        0.164519,
        -0.712609,
        0.681998
      ],
      "passed_health": false
    },
    "GPS_026": {
      "elev_deg": 66.0,
      "azim_deg": 122.0,
      "los_enu": [
        0.344932,
        -0.215538,
        0.913545
      ],
      "passed_health": true
    },
    "GPS_028": {
      "elev_deg": 32.0,
      "azim_deg": 48.0,
      "los_enu": [
        0.630223,
        0.567455,
        0.529919
      ],
      "passed_health": true
    },
    "GPS_029": {
      "elev_deg": 0.0,
      "azim_deg": 62.0,
      "los_enu": [
        0.882948,
        0.469472,
        0.0
      ],
      "passed_health": false
    },
    "GPS_031": {
      "elev_deg": 58.0,
      "azim_deg": 28.0,
      "los_enu": [
        0.248782,
        0.467891,
        0.848048
      ],
      "passed_health": true
    },
    "GPS_032": {
      "elev_deg": 22.0,
      "azim_deg": 100.0,
      "los_enu": [
        0.913098,
        -0.161004,
        0.374607
      ],
      "passed_health": true
    }
  }
}