{
  "label": "s3.3_W0_d29_h69_ch53.75_cw14.5_a90",
  "capture_start_utc": "2026-07-22T00:17:21.458023+00:00",
  "rtcm_file": "s3.3_W0_d29_h69_ch53.75_cw14.5_a90-260722-001721Z.rtcm",
  "rate_hz": 10,
  "duration_sec": 30,
  "ref_sat": "BDS_025",
  "satellites": {
    "BDS_023": {
      "elev_deg": 40.0,
      "azim_deg": 222.0,
      "los_enu": [
        -0.512584,
        -0.569282,
        0.642788
      ],
      "passed_health": true
    },
    "BDS_024": {
      "elev_deg": 27.0,
      "azim_deg": 44.0,
      "los_enu": [
        0.618945,
        0.640936,
        0.45399
      ],
      "passed_health": false
    },
    "BDS_025": {
      "elev_deg": 88.0,
      "azim_deg": 61.0,
      "los_enu": [
        0.030524,
        0.01692,
        0.999391
      ],
      "passed_health": true
    },
    "BDS_032": {
      "elev_deg": 17.0,
      "azim_deg": 317.0,
      "los_enu": [
        -0.652198,
        0.699397,
        0.292372
      ],
      "passed_health": false
    },
    "BDS_033": {
      "elev_deg": 51.0,
      "azim_deg": 125.0,
      "los_enu": [
        0.515509,
        -0.360963,
        0.777146
      ],
      "passed_health": true
    },
    "BDS_041": {
      "elev_deg": 73.0,
      "azim_deg": 337.0,
      "los_enu": [
        -0.114239,
        0.26913,
        0.956305
      ],
      "passed_health": true
    },
    "GPS_001": {
      "elev_deg": 13.0,
      "azim_deg": 232.0,
      "los_enu": [
        -0.767814,
        -0.599882,
        0.224951
      ],
      "passed_health": true
    },
    "GPS_002": {
      "elev_deg": 2.0,
      "azim_deg": 213.0,
      "los_enu": [
        -0.544307,
        -0.83816,
        0.034899
      ],
      "passed_health": false
    },
    "GPS_003": {
      "elev_deg": 64.0,
      "azim_deg": 280.0,
      "los_enu": [
        -0.431711,
        0.076122,
        0.898794
      ],
      "passed_health": true
    },
    "GPS_004": {
      "elev_deg": 31.0,
      "azim_deg": 310.0,
      "los_enu": [
        -0.656628,
        0.550977,
        0.515038
      ],
      "passed_health": true
    },
    "GPS_009": {
      "elev_deg": 1.0,
      "azim_deg": 300.0,
      "los_enu": [
        -0.865894,
        0.499924,
        0.017452
      ],
      "passed_health": false
    },
    "GPS_016": {
      "elev_deg": 49.8,
      "azim_deg": 164.1,
      "los_enu": [
        0.176829,
        -0.620763,
        0.763796
      ],
      "passed_health": false
    },
    "GPS_026": {
      "elev_deg": 68.0,
      "azim_deg": 106.3,
      "los_enu": [
        0.359549,
        -0.105139,
        0.927184
      ],
      "passed_health": true
    },
    "GPS_027": {
      "elev_deg": 0.0,
      "azim_deg": 162.0,
      "los_enu": [
        0.309017,
        -0.951057,
        0.0
      ],
      "passed_health": false
    },
    "GPS_028": {
      "elev_deg": 27.5,
      "azim_deg": 50.5,
      "los_enu": [
        0.684439,
        0.564208,
        0.461749
      ],
      "passed_health": false
    },
    "GPS_029": {
      "elev_deg": 1.0,
      "azim_deg": 57.533,
      "los_enu": [
        0.843575,
        0.536727,
        0.017452
      ],
      "passed_health": false
    },
    "GPS_031": {
      "elev_deg": 53.6,
      "azim_deg": 33.0,
      "los_enu": [
        0.323199,
        0.497683,
        0.804894
      ],
      "passed_health": true
    },
    "GPS_032": {
      "elev_deg": 18.0,
      "azim_deg": 104.367,
      "los_enu": [
        0.921315,
        -0.235982,
        0.309017
      ],
      "passed_health": true
    }
  }
}