{
  "label": "s3.3_W0_d29_h69_ch53.75_cw14.5_a90",
  "capture_start_utc": "2026-07-22T00:21:58.090789+00:00",
  "rtcm_file": "s3.3_W0_d29_h69_ch53.75_cw14.5_a90-260722-002158Z.rtcm",
  "rate_hz": 10,
  "duration_sec": 30,
  "ref_sat": "BDS_025",
  "satellites": {
    "BDS_023": {
      "elev_deg": 42.0,
      "azim_deg": 223.0,
      "los_enu": [
        -0.506824,
        -0.543502,
        0.669131
      ],
      "passed_health": true
    },
    "BDS_024": {
      "elev_deg": 25.0,
      "azim_deg": 44.0,
      "los_enu": [
        0.629574,
        0.651943,
        0.422618
      ],
      "passed_health": false
    },
    "BDS_025": {
      "elev_deg": 86.0,
      "azim_deg": 41.0,
      "los_enu": [
        0.045764,
        0.052646,
        0.997564
      ],
      "passed_health": true
    },
    "BDS_032": {
      "elev_deg": 19.0,
      "azim_deg": 317.0,
      "los_enu": [
        -0.644842,
        0.691509,
        0.325568
      ],
      "passed_health": false
    },
    "BDS_033": {
      "elev_deg": 49.0,
      "azim_deg": 127.0,
      "los_enu": [
        0.523952,
        -0.394826,
        0.75471
      ],
      "passed_health": true
    },
    "BDS_041": {
      "elev_deg": 75.0,
      "azim_deg": 338.0,
      "los_enu": [
        -0.096955,
        0.239973,
        0.965926
      ],
      "passed_health": true
    },
    "GPS_001": {
      "elev_deg": 12.0,
      "azim_deg": 230.0,
      "los_enu": [
        -0.749305,
        -0.628741,
        0.207912
      ],
      "passed_health": true
    },
    "GPS_002": {
      "elev_deg": 1.0,
      "azim_deg": 211.0,
      "los_enu": [
        -0.51496,
        -0.857037,
        0.017452
      ],
      "passed_health": false
    },
    "GPS_003": {
      "elev_deg": 64.0,
      "azim_deg": 275.0,
      "los_enu": [
        -0.436703,
        0.038207,
        0.898794
      ],
      "passed_health": true
    },
    "GPS_004": {
      "elev_deg": 32.0,
      "azim_deg": 312.0,
      "los_enu": [
        -0.630223,
        0.567455,
        0.529919
      ],
      "passed_health": true
    },
    "GPS_009": {
      "elev_deg": 2.0,
      "azim_deg": 301.0,
      "los_enu": [
        -0.856645,
        0.514724,
        0.034899
      ],
      "passed_health": false
    },
    "GPS_016": {
      "elev_deg": 52.0,
      "azim_deg": 163.0,
      "los_enu": [
        0.180002,
        -0.58876,
        0.788011
      ],
      "passed_health": true
    },
    "GPS_026": {
      "elev_deg": 68.0,
      "azim_deg": 99.6,
      "los_enu": [
        0.369361,
        -0.062472,
        0.927184
      ],
      "passed_health": true
    },
    "GPS_027": {
      "elev_deg": 0.767,
      "azim_deg": 160.233,
      "los_enu": [
        0.33816,
        -0.940993,
        0.01338
      ],
      "passed_health": false
    },
    "GPS_028": {
      "elev_deg": 25.267,
      "azim_deg": 52.0,
      "los_enu": [
        0.712623,
        0.556762,
        0.426832
      ],
      "passed_health": false
    },
    "GPS_029": {
      "elev_deg": 1.0,
      "azim_deg": 55.3,
      "los_enu": [
        0.822019,
        0.569193,
        0.017452
      ],
      "passed_health": false
    },
    "GPS_031": {
      "elev_deg": 51.367,
      "azim_deg": 34.633,
      "los_enu": [
        0.354823,
        0.513706,
        0.781157
      ],
      "passed_health": true
    },
    "GPS_032": {
      "elev_deg": 16.4,
      "azim_deg": 105.6,
      "los_enu": [
        0.923975,
        -0.257979,
        0.282341
      ],
      "passed_health": true
    }
  }
}