{
  "label": "s3.3_W0_d29_h69_ch53.75_cw14.5_a90",
  "capture_start_utc": "2026-07-22T00:19:59.646905+00:00",
  "rtcm_file": "s3.3_W0_d29_h69_ch53.75_cw14.5_a90-260722-001959Z.rtcm",
  "rate_hz": 10,
  "duration_sec": 30,
  "ref_sat": "BDS_041",
  "satellites": {
    "BDS_023": {
      "elev_deg": 41.0,
      "azim_deg": 222.0,
      "los_enu": [
        -0.504999,
        -0.560859,
        0.656059
      ],
      "passed_health": false
    },
    "BDS_024": {
      "elev_deg": 26.0,
      "azim_deg": 44.0,
      "los_enu": [
        0.624355,
        0.646538,
        0.438371
      ],
      "passed_health": false
    },
    "BDS_025": {
      "elev_deg": 87.0,
      "azim_deg": 48.0,
      "los_enu": [
        0.038893,
        0.03502,
        0.99863
      ],
      "passed_health": false
    },
    "BDS_032": {
      "elev_deg": 18.0,
      "azim_deg": 317.0,
      "los_enu": [
        -0.648619,
        0.695559,
        0.309017
      ],
      "passed_health": false
    },
    "BDS_033": {
      "elev_deg": 50.0,
      "azim_deg": 126.0,
      "los_enu": [
        0.520026,
        -0.377821,
        0.766044
      ],
      "passed_health": false
    },
    "BDS_041": {
      "elev_deg": 74.0,
      "azim_deg": 337.0,
      "los_enu": [
        -0.1077,
        0.253726,
        0.961262
      ],
      "passed_health": true
    },
    "GPS_001": {
      "elev_deg": 13.0,
      "azim_deg": 231.0,
      "los_enu": [
        -0.757228,
        -0.613191,
        0.224951
      ],
      "passed_health": false
    },
    "GPS_002": {
      "elev_deg": 1.0,
      "azim_deg": 212.0,
      "los_enu": [
        -0.529839,
        -0.847919,
        0.017452
      ],
      "passed_health": false
    },
    "GPS_003": {
      "elev_deg": 64.0,
      "azim_deg": 278.0,
      "los_enu": [
        -0.434105,
        0.061009,
        0.898794
      ],
      "passed_health": true
    },
    "GPS_004": {
      "elev_deg": 31.0,
      "azim_deg": 311.0,
      "los_enu": [
        -0.646912,
        0.562352,
        0.515038
      ],
      "passed_health": false
    },
    "GPS_009": {
      "elev_deg": 1.0,
      "azim_deg": 301.0,
      "los_enu": [
        -0.857037,
        0.51496,
        0.017452
      ],
      "passed_health": false
    },
    "GPS_016": {
      "elev_deg": 51.0,
      "azim_deg": 164.0,
      "los_enu": [
        0.173464,
        -0.604942,
        0.777146
      ],
      "passed_health": false
    },
    "GPS_026": {
      "elev_deg": 68.0,
      "azim_deg": 102.0,
      "los_enu": [
        0.366421,
        -0.077885,
        0.927184
      ],
      "passed_health": true
    },
    "GPS_027": {
      "elev_deg": 0.0,
      "azim_deg": 161.0,
      "los_enu": [
        0.325568,
        -0.945519,
        0.0
      ],
      "passed_health": false
    },
    "GPS_028": {
      "elev_deg": 26.0,
      "azim_deg": 52.0,
      "los_enu": [
        0.708259,
        0.553353,
        0.438371
      ],
      "passed_health": false
    },
    "GPS_029": {
      "elev_deg": 1.0,
      "azim_deg": 56.0,
      "los_enu": [
        0.828911,
        0.559108,
        0.017452
      ],
      "passed_health": false
    },
    "GPS_031": {
      "elev_deg": 52.0,
      "azim_deg": 34.0,
      "los_enu": [
        0.344274,
        0.510406,
        0.788011
      ],
      "passed_health": false
    },
    "GPS_032": {
      "elev_deg": 17.0,
      "azim_deg": 105.0,
      "los_enu": [
        0.923719,
        -0.24751,
        0.292372
      ],
      "passed_health": false
    }
  }
}